Nama Produk,SKU / Kode Produk,Barcode,Kategori,Satuan Dasar,Merk / Brand,Lokasi / Rak,Hitung Stok (ya/tidak),Harga Modal / Beli,Harga Jual Eceran,Harga Jual Grosir,Harga Jual Promo,Diskon per Item (Rp),Stok di Rak / Display,Stok di Gudang,Stok Minimum,Stok Minimum Gudang,Satuan Beli dari Supplier,Isi per Satuan Beli,Satuan Jual Besar,Harga Jual Besar Satuan,Harga Jual Besar Grosir,Harga Jual Besar Promo,Produk Master (ID),Qty Isi per Paket,Jenis Isi Paket,Satuan Isi Paket,HPP (AVCO),Total Aset
(BELI 3 GRATIS 1) LAMPU LUBY EYESENTIAL 12W,MLUBEL03,MLUBEL03,Rumah tangga,PCS,LUBY,Area 04,tidak,49914,85000,0,,0,0,0,5,,,1,,,,,,,,,0,0
(BELI 3 GRATIS 1) LAMPU LUBY EYESENTIAL 15W,MLUBEL04,MLUBEL04,Rumah tangga,PCS,LUBY,Area 04,tidak,61005,100000,0,0,0,0,0,5,,,1,,,,,,,,,0,0
(BELI 3 GRATIS 1) LAMPU LUBY EYESENTIAL 5W,MLUBEL01,MLUBEL01,Rumah tangga,PCS,LUBY,Area 04,tidak,31796,55000,0,0,0,0,0,5,,,1,,,,,,,,,0,0
(BELI 3 GRATIS 1) LAMPU LUBY EYESENTIAL 9W,MLUBEL02,MLUBEL02,Rumah tangga,PCS,LUBY,Area 04,tidak,43444,75000,0,0,0,0,0,5,,,1,,,,,,,,,0,0
ADAPTOR BOR KE GERINDA XENON,MADGRDX,MNOADA01,Alat teknik,PCS,,,ya,8500,12000,0,,0,8,0,5,,,1,,,,,,,,,0,0
ADES 600ML,ADES600,ADES600,Minuman,PCS,,,tidak,1834,3000,0,,0,0,0,5,,,1,,,,,,,,,0,0
"AFDUNER BOTOL 600ML ",AFDUB600,AFDU600,Cat,BTL,,,ya,11500,16000,0,,0,25,25,5,,,1,,,,,,,,,0,0
AFUR BCP PVC,MNOAFU02,MNOAFU02,Umum,PCS,,Area 03,tidak,0,20000,0,0,0,0,0,5,,PCS,1,,,,,,,,,0,0
AFUR BCP STAINLESS,MNOAFU01,MNOAFU01,Umum,PCS,,Area 03,tidak,0,30000,0,0,0,0,0,5,,PCS,1,,,,,,,,,0,0
AIR BLOW GUN BIASA,MNOAIR01,MNOAIR01,Alat tukang,PCS,,,tidak,0,0,0,0,0,0,1,3,,,1,,,,,,,,,0,0
AIR BLOW GUN TEKIRO 5”,MTEAIR02,MTEAIR02,Alat teknik,PCS,TEKIRO,Area 02,ya,75000,90000,0,,0,5,6,3,,,1,,,,,,,,,0,0
AIR CHUCK TEKIRO,MTEAIR01,MTEAIR01,Alat teknik,PCS,TEKIRO,Area 02,ya,40700,55000,0,,0,6,6,3,,,1,,,,,,,,,0,0
AIR DUSTER HASSTON 1+3 0160-130,MHAAIR01,MHAAIR01,Alat teknik,PCS,HASSTON,Area 02,tidak,34000,52000,0,,0,0,0,5,,,1,,,,,,,,,0,0
ALAT CABUT PIPA PATAH HASSTON,MHAALA01,MHAALA01,Alat teknik,PCS,HASSTON,Area 02,tidak,0,30000,0,0,0,0,0,5,,,1,,,,,,,,,0,0
ALAT PENGISI ANGIN BAN 3 IN 1 HASSTON,MHAALA02,MHAALA02,Alat teknik,PCS,HASSTON,Area 02,tidak,85700,105000,0,,0,0,0,5,,,1,,,,,,,,,0,0
ALAT PENGISI BAN TG-2 XENON,MXEALA01,MXEALA01,Alat tukang,PCS,XENON,,tidak,0,0,0,0,0,0,0,3,,,1,,,,,,,,,0,0
ALAT POTONG GRANIT 600MM HIOSHI,APTGHIO,APTGHIO,Power tools,PCS,,,tidak,0,1300000,0,,0,0,0,5,,,1,,,,,,,,,0,0
ALAT POTONG GRANIT 600MM MODERN,MMOALA02,MMOALA02,Power tools,PCS,MODERN POWER TOOLS,Area 02,tidak,0,1050000,0,0,0,0,0,1,,,1,,,,,,,,,0,0
ALAT POTONG KACA CAMEL,MCAALA01,MCAALA01,Alat tukang,PCS,CAMEL,,tidak,0,30000,0,0,0,0,0,3,,,1,,,,,,,,,0,0
ALAT POTONG KACA TC-59 TOYO,PTKC TC59,MTOALA01,Umum,PCS,TOYO,,tidak,0,11400,0,0,0,0,0,3,,,1,,,,,,,,,0,0
ALAT POTONG PIPA PVC STRAUSS,PTPP STRS,MSTALA01,Umum,PCS,STRAUSS,,tidak,0,65000,0,0,0,0,0,3,,,1,,,,,,,,,0,0
ALAT TAMBAL BAN BISON GG PLASTIK,MBIALA01,MBIALA01,Umum,PCS,BISON,,tidak,0,19000,0,,0,0,3,3,,,1,,,,,,,,,0,0
ALAT TAMBAL BAN TEKIRO GG BESI,MTKRTMBBS,MTKRTMBB,Alat teknik,PCS,TEKIRO,,ya,55275,70000,0,,0,3,0,5,,,1,,,,,,,,,0,0
ALAT TEMBAK LEM TEBAL STRAUSS / FREED,TMBK LEM,MNOALA01,Umum,PCS,,,tidak,0,40000,0,0,0,0,0,3,,,1,,,,,,,,,0,0
ALAT TEMBAK LEM TULANG,MALTMBKT,MALTMBKT,Umum,PCS,,,tidak,0,23000,0,,0,0,0,5,,,1,,,,,,,,,0,0
ALAT UKUR CELAH MOLLAR,MMOALA01,MMOALA01,Alat tukang,PCS,MOLLAR,,tidak,0,28000,0,,0,0,1,3,,,1,,,,,,,,,0,0
AMPLAS BULAT 100 (10 PCS),MNOAMP03-PAKET,MPAMB100,Alat tukang,BKS,,,tidak,0,5000,0,0,0,0,0,5,,,1,,,,,1153,10,FIXED_RATIO,PCS,0,0
AMPLAS BULAT 120 (10 PCS),MNOAMP04-PAKET,MPAMB120,Alat tukang,BKS,,,tidak,0,5000,0,0,0,0,0,5,,,1,,,,,1154,10,FIXED_RATIO,PCS,0,0
AMPLAS BULAT 120 SAB,AMP BLT 120,MSAAMP01,Umum,PCS,SAB,,tidak,0,500,0,0,0,0,0,3,,,1,,,,,,,,,0,0
AMPLAS BULAT 150 (10 PCS),MNOAMP05-PAKET,MPAMB150,Alat tukang,BKS,,,tidak,0,5000,0,0,0,0,0,5,,,1,,,,,1155,10,FIXED_RATIO,PCS,0,0
AMPLAS BULAT 150 SAB,AMP BLT 150,MSAAMP02,Umum,PCS,SAB,,tidak,0,500,0,0,0,0,0,3,,,1,,,,,,,,,0,0
AMPLAS BULAT 180 (10 PCS),MNOAMP06-PAKET,MPAMB180,Alat tukang,BKS,,,tidak,0,5000,0,0,0,0,0,5,,,1,,,,,1156,10,FIXED_RATIO,,0,0
AMPLAS BULAT 240 (10 PCS),MNOAMP07-PAKET,MPAMB240,Alat tukang,BKS,,,tidak,0,5000,0,0,0,0,0,5,,,1,,,,,1157,10,FIXED_RATIO,PCS,0,0
AMPLAS BULAT 400 (10 PCS),AMP BLT 400-PAKET,MPAMB400,Alat tukang,BKS,,,tidak,0,5000,0,0,0,0,0,5,,,1,,,,,10,10,FIXED_RATIO,PCS,0,0
AMPLAS BULAT 400 SAB,AMP BLT 400,MSAAMP03,Umum,PCS,SAB,,tidak,0,500,0,0,0,0,0,3,,,1,,,,,,,,,0,0
AMPLAS BULAT 60 (10 PCS),MNOAMP01-PAKET,MNOAMP08,Alat tukang,BKS,,Area 01,tidak,0,5000,0,0,0,0,0,5,,,1,,,,,1151,10,FIXED_RATIO,PCS,0,0
AMPLAS BULAT 60 SAB,AMP BLT 60,MSAAMP04,Umum,PCS,SAB,,tidak,0,500,0,0,0,0,0,3,,,1,,,,,,,,,0,0
AMPLAS BULAT 80 (10 PCS),MNOAMP02-PAKET,MNOAMP09,Alat tukang,BKS,,,tidak,0,5000,0,0,0,0,0,5,,,1,,,,,1152,10,FIXED_RATIO,PCS,0,0
AMPLAS BULAT 80 SAB-XX,AMP BLT 80,MSAAMP05,Umum,PCS,SAB,,tidak,0,500,0,0,0,0,0,3,,,1,,,,,,,,,0,0
AMPLAS BULAT 80 VPR,AMP BLT 80 VPR,MVPAMP01,Umum,PCS,VPR,,tidak,0,265,0,0,0,0,0,3,,,1,,,,,,,,,0,0
AMPLAS BULAT BIASA 100,MNOAMP03,MNOAMP03,Alat tukang,PCS,,,tidak,0,0,0,0,0,0,310,3,,,1,,,,,,,,,0,0
AMPLAS BULAT BIASA 120,MNOAMP04,MNOAMP04,Alat tukang,PCS,,,tidak,0,0,0,0,0,0,346,3,,,1,,,,,,,,,0,0
AMPLAS BULAT BIASA 150,MNOAMP05,MNOAMP05,Alat tukang,PCS,,,tidak,0,0,0,0,0,0,339,3,,,1,,,,,,,,,0,0
AMPLAS BULAT BIASA 180,MNOAMP06,MNOAMP06,Alat tukang,PCS,,,tidak,0,0,0,0,0,0,280,3,,,1,,,,,,,,,0,0
AMPLAS BULAT BIASA 240,MNOAMP07,MNOAMP07,Alat tukang,PCS,,,tidak,0,0,0,0,0,0,324,3,,,1,,,,,,,,,0,0
AMPLAS BULAT BIASA 60,MNOAMP01,MNOAMP01,Alat tukang,PCS,,,tidak,0,0,0,0,0,0,325,3,,,1,,,,,,,,,0,0
AMPLAS BULAT BIASA 80,MNOAMP02,MNOAMP02,Alat tukang,PCS,,,tidak,0,0,0,0,0,0,376,3,,,1,,,,,,,,,0,0
AMPLAS DUCO IGM 150,AMP DC IGM150,MIGAMP01,Umum,PCS,IGM,,tidak,0,3000,0,0,0,0,0,3,,,1,,,,,,,,,0,0
AMPLAS DUCO IGM 1500,AMP DC IGM1500,MIGAMP02,Umum,PCS,IGM,,tidak,0,3000,0,0,0,0,0,3,,,1,,,,,,,,,0,0
AMPLAS DUCO IGM 2000,AMP DC IGM2000,MIGAMP03,Umum,PCS,IGM,,tidak,0,3000,0,0,0,0,0,3,,,1,,,,,,,,,0,0
AMPLAS DUCO IGM 400,AMP DC IGM400,MIGAMP04,Umum,PCS,IGM,,tidak,0,3000,0,0,0,0,0,3,,,1,,,,,,,,,0,0
AMPLAS DUCO IGM 600,AMP DC IGM600,MIGAMP05,Umum,PCS,IGM,,tidak,0,3000,0,0,0,0,0,3,,,1,,,,,,,,,0,0
AMPLAS DUCO TAIYO 1000,AMP DCTY 1000,MTAAMP04,Umum,PCS,TAIYO,,tidak,0,3000,0,0,0,0,0,3,,,1,,,,,,,,,0,0
AMPLAS DUCO TAIYO 120,AMPDU120,MTAAMP15,Alat tukang,PCS,TAIYO,,tidak,0,3000,0,,0,0,0,5,,,1,,,,,,,,,0,0
AMPLAS DUCO TAIYO 150,AMPDT150,MNOAMP11,Alat tukang,PCS,,,tidak,0,3000,0,,0,0,0,5,,,1,,,,,,,,,0,0
AMPLAS DUCO TAIYO 180 METERAN,AMPDT180,MNOAMP12,Alat tukang,MTR,,,tidak,0,9000,0,,0,0,0,5,,ROL,1,,,,,,,,,0,0
AMPLAS DUCO TAIYO 2000,AMP DCTY 2000,MTAAMP05,Umum,PCS,TAIYO,,tidak,0,3000,0,0,0,0,0,3,,,1,,,,,,,,,0,0
AMPLAS DUCO TAIYO 240,AMP DCTY 240,MTAAMP06,Umum,PCS,TAIYO,,tidak,0,3000,0,0,0,0,0,3,,,1,,,,,,,,,0,0
AMPLAS DUCO TAIYO 280,AMP DCTY 280,MTAAMP07,Umum,PCS,TAIYO,,tidak,0,3000,0,0,0,0,0,3,,,1,,,,,,,,,0,0
AMPLAS DUCO TAIYO 400,AMP DCTY 400,MTAAMP08,Umum,PCS,TAIYO,,tidak,0,3000,0,0,0,0,0,3,,,1,,,,,,,,,0,0
AMPLAS DUCO TAIYO 60,AMP DCTY 60,MTAAMP09,Umum,PCS,TAIYO,,tidak,0,3000,0,0,0,0,0,3,,,1,,,,,,,,,0,0
AMPLAS DUCO TAIYO 80,AMPDCT80,MNOAMP10,Alat tukang,PCS,,,tidak,0,3000,0,,0,0,0,5,,,1,,,,,,,,,0,0
AMPLAS ROLL 120 GOMEO,AMP RL 120 GM,MGOAMP01,Umum,MTR,GOMEO,,tidak,0,6500,0,0,0,0,0,3,,ROL,50,ROL,325000,0,0,,,,,0,0
AMPLAS ROLL 60 GOMEO,AMP RL 60 GM,MGOAMP02,Umum,MTR,GOMEO,,tidak,0,6500,0,0,0,0,0,3,,ROL,50,ROL,325000,0,0,,,,,0,0
AMPLAS ROLL KODAI 120,AMP RLKD 120,MKOAMP01,Umum,MTR,KODAI,,tidak,0,6500,0,0,0,0,0,3,,ROL,50,ROL,325000,0,0,,,,,0,0
AMPLAS ROLL KODAI 150,AMP RLKD 150,MKOAMP02,Umum,MTR,KODAI,,tidak,0,6500,0,0,0,0,0,3,,ROL,50,ROL,325000,0,0,,,,,0,0
AMPLAS ROLL KODAI 240,AMP RLKD 240,MKOAMP03,Umum,MTR,KODAI,,tidak,0,6500,0,0,0,0,0,3,,ROL,50,ROL,325000,0,0,,,,,0,0
AMPLAS ROLL KODAI 400,AMP RLKD 400,MKOAMP04,Umum,MTR,KODAI,,tidak,0,6500,0,0,0,0,0,3,,ROL,50,ROL,325000,0,0,,,,,0,0
AMPLAS ROLL KODAI 80,AMP RLKD 80,MKOAMP05,Umum,MTR,KODAI,,tidak,0,6500,0,0,0,0,0,3,,ROL,50,ROL,325000,0,0,,,,,0,0
AMPLAS ROLL TAIYO 100,AMP RLTY 100,MTAAMP10,Umum,MTR,TAIYO,,tidak,0,9000,0,,0,0,0,3,,ROL,50,ROL,450000,0,,,,,,0,0
AMPLAS ROLL TAIYO 120,AMP RLTY 120,MTAAMP11,Umum,MTR,TAIYO,,tidak,0,9000,0,,0,0,0,3,,ROL,50,ROL,450000,0,,,,,,0,0
AMPLAS ROLL TAIYO 150,AMP RLTY 150,MTAAMP12,Umum,MTR,TAIYO,,tidak,0,9000,0,,0,0,0,3,,ROL,50,ROL,450000,0,,,,,,0,0
AMPLAS ROLL TAIYO 180,AMP RLTY 180,MTAAMP13,Umum,MTR,TAIYO,,tidak,0,9000,0,,0,0,0,3,,ROL,50,ROL,450000,0,,,,,,0,0
AMPLAS ROLL TAIYO 240,MTAAMP03,MTAAMP03,Alat tukang,MTR,TAIYO,,tidak,0,9000,0,,0,0,1,3,,ROL,50,ROL,450000,0,,,,,,0,0
AMPLAS ROLL TAIYO 320,MTAAMP01,MTAAMP01,Alat tukang,ROL,TAIYO,,tidak,0,9000,0,,0,0,1,3,,,1,,,,,,,,,0,0
AMPLAS ROLL TAIYO 400,AMP RLTY 400,MTAAMP14,Umum,MTR,TAIYO,,tidak,0,9000,0,,0,0,0,3,,ROL,50,ROL,450000,0,,,,,,0,0
AMPLAS ROLL TAIYO 60,MTAAMP02,MTAAMP02,Alat tukang,MTR,TAIYO,,tidak,0,9000,0,,0,0,1,3,,ROL,50,ROL,300000,0,,,,,,0,0
ANGKER MODERN M-2300B/SIM-100B,MMOARM05,MMOARM05,Power tools,PCS,MODERN POWER TOOLS,Area 02,tidak,0,120000,0,0,0,0,0,1,,,1,,,,,,,,,0,0
ANGKER MT 60,MNOANG01,MNOANG01,Umum,PCS,,,tidak,0,195000,0,0,0,0,0,5,,PCS,1,,,,,,,,,0,0
ANGKER MT 90,MNOANG02,MNOANG02,Umum,PCS,,,tidak,0,195000,0,0,0,0,0,5,,PCS,1,,,,,,,,,0,0
ARMATURE BOR MODERN M-2100B/C/JIZ-10B,MMOARM01,MMOARM01,Power tools,PCS,MODERN POWER TOOLS,Area 02,tidak,0,120000,0,0,0,0,0,1,,,1,,,,,,,,,0,0
ARMATURE BOR MODERN M-2130B,MMOARM02,MMOARM02,Power tools,PCS,MODERN POWER TOOLS,Area 02,tidak,0,120000,0,0,0,0,0,1,,,1,,,,,,,,,0,0
ARMATURE BOR MODERN M-2150,MMOARM03,MMOARM03,Power tools,PCS,MODERN POWER TOOLS,Area 02,tidak,0,125000,0,0,0,0,0,1,,,1,,,,,,,,,0,0
ARMATURE CIRCULAR SAW MODERN M-2600L,MMOARM04,MMOARM04,Power tools,PCS,MODERN POWER TOOLS,Area 02,tidak,0,200000,0,0,0,0,0,1,,,1,,,,,,,,,0,0
ARMATURE GERINDA MODERN M-2350B,MMOARM06,MMOARM06,Power tools,PCS,MODERN POWER TOOLS,Area 02,tidak,0,120000,0,0,0,0,0,1,,,1,,,,,,,,,0,0
ARMATURE PLANER MODERN M-2900,MMOARM07,MMOARM07,Power tools,PCS,MODERN POWER TOOLS,Area 02,tidak,0,105000,0,0,0,0,0,1,,,1,,,,,,,,,0,0
ARMATURE TRIMMER MODERN M-2700,MMOARM08,MMOARM08,Power tools,PCS,MODERN POWER TOOLS,Area 02,tidak,0,130000,0,0,0,0,0,1,,,1,,,,,,,,,0,0
ARMATURE TRIMMER MODERN M-2750,MMOARM09,MMOARM09,Power tools,PCS,MODERN POWER TOOLS,Area 02,tidak,0,130000,0,0,0,0,0,1,,,1,,,,,,,,,0,0
AS GEROBAK PASIR,MASGRBKP,MASGRBKP,Alat tukang,PCS,,,tidak,0,15000,0,,0,0,0,5,,,1,,,,,,,,,0,0
ASPAL CAIR 1 KG YUSTAR,MYUASP01,MYUASP01,Umum,PCS,YUSTAR,,tidak,0,38000,0,,0,0,0,5,,PCS,1,,,,,,,,,0,0
AUGER BITS HIOSHI 3/4,AGBTHI34,AGBTHI34,Alat tukang,PCS,,,tidak,0,60000,0,,0,0,0,5,,,1,,,,,,,,,0,0
"AUGERBITS 1/2"" (13 MM) HIOSHI",AGR BT1/2,MHIAUG01,Umum,PCS,HIOSHI,,tidak,0,12825,0,0,0,0,0,3,,,1,,,,,,,,,0,0
"AUGERBITS 1/4"" (6MM) HIOSHI",AGR BT1/4,MHIAUG02,Umum,PCS,HIOSHI,,tidak,0,7671.25,0,0,0,0,0,3,,,1,,,,,,,,,0,0
"AUGERBITS 3/4"" (19MM) HIOSHI",AGR BT3/4,MHIAUG03,Umum,PCS,HIOSHI,,tidak,0,20757.5,0,0,0,0,0,3,,,1,,,,,,,,,0,0
"AUGERBITS 3/8"" (10MM) HIOSHI",AGR BT3/8,MHIAUG04,Umum,PCS,HIOSHI,,tidak,0,9262.5,0,0,0,0,0,3,,,1,,,,,,,,,0,0
AUGERBITS 5/16 (8MM) HIOSHI,AGR BT5/16,MHIAUG05,Umum,PCS,HIOSHI,,tidak,0,8193.75,0,0,0,0,0,3,,,1,,,,,,,,,0,0
"AUGERBITS 5/8"" (16MM) HIOSHI",AGR BT5/8,MHIAUG06,Umum,PCS,HIOSHI,,tidak,0,16743.75,0,0,0,0,0,3,,,1,,,,,,,,,0,0
AUTOSOL 50 GR,MNOAUT01,MNOAUT01,Umum,PCS,,Area 02,tidak,0,30000,0,,0,0,0,5,,PCS,1,,,,,,,,,0,0
AVITEX GOLD 700 1 KG,AVIG7001,MNOAVI01,Cat,PCS,,,ya,0,64000,0,,0,3,0,5,,,1,,,,,,,,,0,0
AVITEX GOLD 700 5 KG,AVIG7005,MNOAVI07,Cat,PCS,,,ya,0,200000,0,,0,2,0,5,,,1,,,,,,,,,0,0
AVITEX GOLD 712 1 KG,AVIG7121,MNOAVI02,Cat,PCS,,,ya,0,64000,0,,0,3,0,5,,,1,,,,,,,,,0,0
AVITEX GOLD 712 5 KG,AVGL7125,AVGL7125,Cat,PCS,,,ya,193047,200000,0,,0,0,2,5,,,1,,,,,,,,,0,0
AVITEX GOLD 735 1 KG,AVGL7351,AVGL7351,Cat,PCS,,,ya,57720,64000,0,,0,0,3,5,,,1,,,,,,,,,0,0
AVITEX GOLD 735 5 KG,AVIG7355,MNOAVI08,Cat,PCS,,,ya,0,200000,0,,0,2,0,5,,,1,,,,,,,,,0,0
AVITEX GOLD 771 1 KG,AVIG7711,MNOAVI03,Cat,PCS,,,ya,0,64000,0,,0,3,0,5,,,1,,,,,,,,,0,0
AVITEX GOLD 771 5 KG,AVIG7715,MNOAVI09,Cat,PCS,,,ya,0,200000,0,,0,2,0,5,,,1,,,,,,,,,0,0
AVITEX GOLD 916 1 KG,AVIG9161,MNOAVI04,Cat,PCS,,,ya,0,64000,0,,0,3,0,5,,,1,,,,,,,,,0,0
AVITEX GOLD 916 5 KG,AVIG9165,MNOAVI10,Cat,PCS,,,ya,0,200000,0,,0,2,0,5,,,1,,,,,,,,,0,0
AVITEX GOLD SW 1 KG,AVIGSW1,MNOAVI05,Cat,PCS,,,ya,0,64000,0,,0,2,2,5,,,1,,,,,,,,,0,0
AVITEX GOLD SW 5 KG,AVIGSW5,MNOAVI06,Cat,PCS,,,ya,0,200000,0,,0,1,2,5,,,1,,,,,,,,,0,0
BAK CAT HITAM SUPER AWS,BAKCAT AWS HTM,MAWBAK01,Umum,PCS,AWS,,tidak,0,8000,0,,0,0,0,3,,,1,,,,,,,,,0,0
BAK CAT NEW STAR MERAH,BAKCAT RYR,MREBAK01,Umum,PCS,REYNER,,tidak,0,25000,0,,0,0,0,3,,,1,,,,,,,,,0,0
BAK CAT PVC BIASA,BAKCAT ELGN,MELBAK01,Umum,PCS,ELEGANT,,tidak,0,8000,0,0,0,0,0,3,,,1,,,,,,,,,0,0
BAK CUCI PIRING ROYAL SB 35,WB SB35,MROBCP01,Sanitary,PCS,ROYAL,,tidak,0,230000,0,0,0,0,0,3,,,1,,,,,,,,,0,0
BAK CUCI PIRING ROYAL SB 42S,MROBCP02,MROBCP02,Sanitary,PCS,,,tidak,0,200000,0,0,0,0,0,5,,,1,,,,,,,,,0,0
BAK USA 21 HYPER,MNOBAK03,MNOBAK03,Plastik,PCS,,,ya,29250,45000,45000,,0,1,0,3,,,1,,,,,,,,,29250,29250
BAK USA 21 PREM,MNOBAK02,MNOBAK02,Plastik,PCS,,,ya,20150,34000,34000,,0,2,0,3,,,1,,,,,,,,,20150,40300
BAK USA 21 SILVER,MNOBAK01,MNOBAK01,Plastik,PCS,,,ya,15600,26900,26900,,0,2,0,3,,,1,,,,,,,,,15600,31200
BAK USA 24 HYPER,MNOBAK06,MNOBAK06,Plastik,PCS,,,ya,45500,70000,70000,,0,2,0,3,,,1,,,,,,,,,45500,91000
BAK USA 24 PREM,MNOBAK05,MNOBAK05,Plastik,PCS,,,ya,31200,51000,51000,,0,2,0,3,,,1,,,,,,,,,31200,62400
BAK USA 24 SILVER,MNOBAK04,MNOBAK04,Plastik,PCS,,,ya,23400,38600,38600,,0,2,0,3,,,1,,,,,,,,,23400,46800
BAK USA 27 HYPER,MNOBAK09,MNOBAK09,Plastik,PCS,,,ya,57200,88000,88000,,0,2,0,3,,,1,,,,,,,,,57200,114400
BAK USA 27 PREM,MNOBAK08,MNOBAK08,Plastik,PCS,,,ya,46800,72000,72000,,0,2,0,3,,,1,,,,,,,,,46800,93600
BAK USA 27 SILVER,MNOBAK07,MNOBAK07,Plastik,PCS,,,ya,28600,45000,45000,,0,2,0,3,,,1,,,,,,,,,28600,57200
BALL VALVE GG BESI 3/4 BLITZ,BVBSBLZ2,MNOBAL08,Sanitary,PCS,,,tidak,0,24000,0,,0,0,0,5,,,1,,,,,,,,,0,0
BALL VALVE GG BESI GLX 1/2,BVBSGLX1,MNOBAL07,Sanitary,PCS,,,tidak,0,20000,0,,0,0,0,5,,,1,,,,,,,,,0,0
"BALL VALVE GG BESI HPP 1""",BVBSHPP3,MNOBAL06,Sanitary,PCS,,,tidak,0,20000,0,,0,0,0,5,,,1,,,,,,,,,0,0
BALL VALVE GG BESI HPP 1/2,BVBSHPP1,MNOBAL04,Sanitary,PCS,,,tidak,0,12000,0,,0,0,0,5,,,1,,,,,,,,,0,0
BALL VALVE GG BESI HPP 3/4,BVBSHPP2,MNOBAL05,Sanitary,PCS,,,tidak,0,15000,0,,0,0,0,5,,,1,,,,,,,,,0,0
BALL VALVE PRO 1/2' (FULL KUNINGAN),BV PRO1/2,MHIBAL01,Umum,PCS,HIOSHI,,tidak,0,60000,0,0,0,0,0,3,,,1,,,,,,,,,0,0
BALL VALVE PRO 3/4' (FULL KUNINGAN),BV PRO3/4,MHIBAL02,Umum,PCS,HIOSHI,,tidak,0,80000,0,0,0,0,0,3,,,1,,,,,,,,,0,0
"BALL VALVE PVC GRT 1""",BVPVGRT3,MNOBAL03,Sanitary,PCS,,,tidak,0,20000,0,,0,0,0,5,,,1,,,,,,,,,0,0
BALL VALVE PVC GRT 1/2,BVPVGRT1,MNOBAL01,Sanitary,PCS,,,tidak,0,11000,0,,0,0,0,5,,,1,,,,,,,,,0,0
BALL VALVE PVC GRT 3/4,BVPVGRT2,MNOBAL02,Sanitary,PCS,,,tidak,0,13000,0,,0,0,0,5,,,1,,,,,,,,,0,0
"BALL VALVE PVC HD 1"" HIOSHI",BV PVC 1 HS,MHIBAL04,Umum,PCS,HIOSHI,,tidak,0,32000,0,0,0,0,0,3,,,1,,,,,,,,,0,0
"BALL VALVE PVC HD 1/2"" HIOSHI",BV PVC 1/2 HS,MHIBAL03,Umum,PCS,HIOSHI,,tidak,0,18000,0,0,0,0,0,3,,,1,,,,,,,,,0,0
BALL VALVE PVC HPP 1/2,MBVPVCH1,MBVPVCH1,Sanitary,PCS,,,tidak,0,8000,0,0,0,0,0,5,,,1,,,,,,,,,0,0
BALL VALVE PVC HPP 3/4,MBVPVCH2,MBVPVCH2,Sanitary,PCS,,,tidak,0,9000,0,0,0,0,0,5,,,1,,,,,,,,,0,0
"BALL VALVE PVC ONDA 1 1/2""",VLPPVPVC48OND,MONBAL05,Umum,PCS,ONDA,,tidak,0,103500,0,0,0,0,0,3,,,1,,,,,,,,,0,0
"BALL VALVE PVC ONDA 1 1/4""",VLPPVPVC42OND,MONBAL04,Umum,PCS,ONDA,,tidak,0,57500,0,0,0,0,0,3,,,1,,,,,,,,,0,0
"BALL VALVE PVC ONDA 1""",VLPPVPVC32OND,MONBAL03,Umum,PCS,ONDA,,tidak,0,38500,0,0,0,0,0,3,,,1,,,,,,,,,0,0
"BALL VALVE PVC ONDA 1/2""",VLPPVPV22OND,MONBAL01,Umum,PCS,ONDA,,tidak,0,22000,0,0,0,0,0,3,,,1,,,,,,,,,0,0
"BALL VALVE PVC ONDA 2""",VLPPVPVC60OND,MONBAL06,Umum,PCS,ONDA,,tidak,0,110000,0,0,0,0,0,3,,,1,,,,,,,,,0,0
"BALL VALVE PVC ONDA 3/4""",VLPPVPPVC26OND,MONBAL02,Umum,PCS,ONDA,,tidak,0,33000,0,0,0,0,0,3,,,1,,,,,,,,,0,0
BAN DALAM ARTCO,BAN DLM ARCO,MARBAN01,Umum,PCS,ARTCO,,tidak,0,30000,0,0,0,0,0,3,,,1,,,,,,,,,0,0
BAN KOMPLIT HIDUP ARTCO,BHARCO,MARBAN02,Umum,PCS,ARTCO,,tidak,0,175000,0,,0,0,0,3,,,1,,,,,,,,,0,0
BAN LUAR ARTCO MERAH,BLARCO NI,MARBAN03,Umum,PCS,ARTCO,,tidak,0,70000,0,,0,0,0,3,,,1,,,,,,,,,0,0
BATERAI BOR CORDLESS 12V,MNOBAT01,MNOBAT01,Alat teknik,PCS,,Area 01,tidak,0,0,0,0,0,0,0,5,,PCS,1,,,,,,,,,0,0
BATERAI BOR CORDLESS 18V 2 AH XENON,MXEBAT01,MXEBAT01,Alat teknik,PCS,XENON,Area 01,tidak,0,0,0,0,0,0,0,5,,PCS,1,,,,,,,,,0,0
BATERAI CORDLESS 18V XENON,BATCOR18,BATCOR18,Alat teknik,PCS,,,tidak,0,170000,0,,0,0,0,5,,,1,,,,,,,,,0,0
"BATU ASAH AWS 6""",MBATASHAWSK,MNOBAT07,Alat tukang,PCS,,,tidak,0,16000,0,,0,0,0,5,,,1,,,,,,,,,0,0
"BATU ASAH AWS 8""",MBATASHAWSB,MNOBAT08,Alat tukang,PCS,,,tidak,0,18000,0,,0,0,0,5,,,1,,,,,,,,,0,0
BATU ASAH DAYAK 6 ABU,BTAS DYK 6,MDABAT01,Umum,PCS,DAYAK,,tidak,0,8750,0,0,0,0,0,3,,,1,,,,,,,,,0,0
BATU ASAH DAYAK 8 ABU,BTAS DYK 8,MDABAT02,Umum,PCS,DAYAK,,tidak,0,9500,0,0,0,0,0,3,,,1,,,,,,,,,0,0
"BATU ASAH DIAMOND 6""",MBATASHDMDK,MNOBAT05,Alat tukang,PCS,,,tidak,0,16000,0,,0,0,0,5,,,1,,,,,,,,,0,0
"BATU ASAH DIAMOND 8""",MBATASHDMDB,MNOBAT06,Alat tukang,PCS,,,tidak,0,18000,0,,0,0,0,5,,,1,,,,,,,,,0,0
BATU ASAH FUJISTAR 6',MFUBAT01,MFUBAT01,Alat tukang,PCS,FUJISTAR,,tidak,0,30000,0,,0,0,3,3,,,1,,,,,,,,,0,0
BATU ASAH FUJISTAR 8',MFUBAT02,MFUBAT02,Alat tukang,PCS,FUJISTAR,,tidak,0,32000,0,,0,0,2,3,,,1,,,,,,,,,0,0
BATU ASAH HD 8 ORANYE / HITAM HIOSHI,BTAS HD8 HS,MHIBAT02,Umum,PCS,HIOSHI,,tidak,0,30000,0,0,0,0,0,3,,,1,,,,,,,,,0,0
BATU ASAH INAX 6',MINBAT01,MINBAT01,Alat tukang,PCS,INAX,,tidak,0,35000,0,,0,0,9,3,,,1,,,,,,,,,0,0
BATU ASAH INAX 8',MINBAT02,MINBAT02,Alat tukang,PCS,INAX,,tidak,0,37000,0,,0,0,11,3,,,1,,,,,,,,,0,0
BATU ASAH TCT HIOSHI,BTAS TCT,MHIBAT01,Umum,PCS,HIOSHI,,tidak,0,95000,0,,0,0,0,3,,,1,,,,,,,,,0,0
"BATU ASAH YY 6""",MBATASHYYK,MNOBAT03,Alat tukang,PCS,,,tidak,0,20000,0,,0,0,0,5,,,1,,,,,,,,,0,0
"BATU ASAH YY 8""",MBATASHYYB,MNOBAT04,Alat tukang,PCS,,,tidak,0,22000,0,,0,0,0,5,,,1,,,,,,,,,0,0
BATU FLEX KINIK,MKIBAT01,MKIBAT01,Alat tukang,PCS,KINIK,,tidak,0,0,0,0,0,0,12,3,,,1,,,,,,,,,0,0
BATU FLEXIBLE GC 60 KINIK,MKIBAT04,MKIBAT04,Umum,PCS,KINIK,Area 01,tidak,0,18000,0,0,0,0,0,5,,PCS,1,,,,,,,,,0,0
"BATU GOSOK ABU DMD 8""",BTGS DMD8,MDIBAT01,Umum,PCS,DIAMOND,,tidak,0,12500,0,0,0,0,0,3,,,1,,,,,,,,,0,0
BATU GOSOK ORANGE ABU 6' YUSTAR,BTGS YS 6,MYUBAT01,Umum,PCS,YUSTAR,,tidak,0,4275,0,0,0,0,0,3,,,1,,,,,,,,,0,0
BATU GOSOK ORANGE ABU 8' YUSTAR,BTGS YS 8,MYUBAT02,Umum,PCS,YUSTAR,,tidak,0,4750,0,0,0,0,0,3,,,1,,,,,,,,,0,0
"BATU GOSOK ORANGE AWS 6""",BTGS AWS6,MAWBAT01,Umum,PCS,AWS,,tidak,0,6400,0,0,0,0,0,3,,,1,,,,,,,,,0,0
"BATU GOSOK ORANGE AWS 8""",BTGS AWS8,MAWBAT02,Umum,PCS,AWS,,tidak,0,6400,0,0,0,0,0,3,,,1,,,,,,,,,0,0
"BATU GOSOK ORANGE YY 6""",BTGS YY6 OR,MYYBAT01,Umum,PCS,YY,,tidak,0,15000,0,0,0,0,0,3,,,1,,,,,,,,,0,0
"BATU GOSOK ORANGE YY 8""",BTGS YY8 OR,MYYBAT02,Umum,PCS,YY,,tidak,0,20000,0,0,0,0,0,3,,,1,,,,,,,,,0,0
"BATU GOSOK PREMIUM GRT 8""",BTGS GRT8,MGRBAT01,Umum,PCS,GRT,,tidak,0,21150,0,0,0,0,0,3,,,1,,,,,,,,,0,0
BATU NON WOVEN TAIYO,BATNWOVT,BATNWOVT,Alat tukang,PCS,,,tidak,0,30000,0,,0,0,0,5,,,1,,,,,,,,,0,0
BATU PERONTOK CAT MOLLAR / TAIYO,MBTGPAIM,MBTGPAIM,Alat teknik,PCS,,,ya,0,35000,0,,0,3,5,5,,,1,,,,,,,,,0,0
BATU POTONG / CUTTING BOSCH,BTPT BOSCH,MBOBAT01,Umum,PCS,BOSCH,,tidak,0,1950.27,0,0,0,0,0,3,,,1,,,,,,,,,0,0
BATU SLEP KINIK,MKIBAT03,MKIBAT03,Umum,PCS,KINIK,Area 01,tidak,0,9000,0,0,0,0,0,5,,PCS,1,,,,,,,,,0,0
BATU SLEP KINIK M100X6X16,BT KNSL,MKIBAT02,Umum,PCS,KINIK,,tidak,0,10000,0,0,0,0,0,3,,,1,,,,,,,,,0,0
BATU SLEP TAIYO,MTABAT01,MTABAT01,Umum,PCS,TAIYO,Area 01,tidak,0,8000,0,0,0,0,69,5,,PCS,1,,,,,,,,,0,0
BATU ULTRAFLEX WA 60,MNOBAT02,MNOBAT02,Umum,PCS,,Area 01,tidak,0,13000,0,0,0,0,0,5,,PCS,1,,,,,,,,,0,0
BAUT DINABOLT 8 X 40,MNOBAU01,MNOBAU01,Mur Baut,PAK,,,tidak,0,0,0,0,0,0,6,3,,,1,,,,,,,,,0,0
BAUT DINABOLT 8 X 65,MNOBAU02,MNOBAU02,Mur Baut,PAK,,,tidak,0,0,0,0,0,0,6,3,,,1,,,,,,,,,0,0
BAUT DINABOLT 8 X 85,MNOBAU03,MNOBAU03,Mur Baut,PAK,,,tidak,0,0,0,0,0,0,6,3,,,1,,,,,,,,,0,0
BAUT JF M4 X 35,MBAUTJF435,MNOBAU05,Mur Baut,PCS,,,tidak,0,1000,0,,0,0,0,5,,,1,,,,,,,,,0,0
BAUT JF M5 X 25,BAJF525,BAJF525,Mur Baut,PCS,,,tidak,0,500,0,,0,0,0,5,,,1,,,,,,,,,0,0
BAUT JF M5 X 35,BAJF535,BAJF535,Mur Baut,PCS,,,tidak,0,500,0,,0,0,0,5,,,1,,,,,,,,,0,0
BAUT JP M4 X 10 (50 PCS),BAUJF410,MNOBAU14,Mur Baut,BKS,,,tidak,0,8000,0,,0,0,0,5,,,1,,,,,,,,,0,0
"BAUT JP M4 X 20 ",BAUJP420,MNOBAU13,Mur Baut,PCS,,,tidak,0,500,0,,0,0,0,5,,,1,,,,,,,,,0,0
BAUT JP M5 X 20,BAUJP520,BAUJP520,Mur Baut,PCS,,,tidak,0,500,0,,0,0,0,5,,,1,,,,,,,,,0,0
BAUT JP M8 X 15 (50 PCS),BAJP815P,BAJP815P,Mur Baut,BKS,,,tidak,0,37500,0,,0,0,0,5,,,1,,,,,,,,,0,0
BAUT LION 10 X 19,MBTL1019,MBTL1019,Mur Baut,PCS,,Counter,tidak,0,250,0,,0,0,0,5,,,1,,,,,,,,,0,0
BAUT M4JF+ 4x12,MBM44120,MNOBAU04,Mur Baut,BOX,,,tidak,0,0,0,0,0,0,0,4,,,1,,,,,,,,,0,0
BAUT M4JF+ 4x12 (50PCS),MBM44125,MBM44125,Mur Baut,BKS,,,tidak,0,4000,0,0,0,0,0,3,,,1,,,,,2565,50,FIXED_RATIO,PCS,0,0
BAUT M4JF+ 4x15,MB4JF415,MB4JF415,Mur Baut,BOX,,,tidak,0,0,0,0,0,0,0,3,,,1,,,,,,,,,0,0
BAUT M4JF+ 4x15 (50PCS),MB4J4155,MB4J4155,Mur Baut,BKS,,,tidak,0,8000,0,0,0,0,0,5,,,1,,,,,2567,50,FIXED_RATIO,PCS,0,0
BAUT METRIS M10 X 70,BAUM1070,MNOBAU11,Mur Baut,PCS,,,tidak,0,4000,0,,0,0,0,5,,,1,,,,,,,,,0,0
BAUT METRIS M12 X 80,BAUM1280,BAUM1280,Mur Baut,PCS,,,tidak,0,6000,0,,0,0,0,5,,,1,,,,,,,,,0,0
BAUT METRIS M4 X 20,BAUM420,MNOBAU15,Mur Baut,PCS,,,tidak,0,1500,0,,0,0,0,5,,,1,,,,,,,,,0,0
BAUT METRIS M6 X 10,BAUM610,MNOBAU09,Mur Baut,PCS,,,tidak,0,500,0,,0,0,0,5,,,1,,,,,,,,,0,0
BAUT METRIS M6 X 15,BAUM615,MNOBAU10,Mur Baut,PCS,,,tidak,0,500,0,,0,0,0,5,,,1,,,,,,,,,0,0
BAUT METRIS M6 X 25,BAUM625,MNOBAU12,Mur Baut,PCS,,,tidak,0,1000,0,,0,0,0,5,,,1,,,,,,,,,0,0
BAUT METRIS M8 X 15,BAU815,MNOBAU07,Mur Baut,PCS,,,tidak,0,1000,0,,0,0,0,5,,,1,,,,,,,,,0,0
BAUT METRIS M8 X 15 (50 PCS),BAUM815P,BAUM815P,Listrik,BKS,,,tidak,0,37500,0,,0,0,0,5,,,1,,,,,,,,,0,0
BAUT METRIS M8 X 30,BAUM830,MNOBAU08,Mur Baut,PCS,,,tidak,0,1000,0,,0,0,0,5,,,1,,,,,,,,,0,0
BAUT METRIS M8 X 60,MBAUM860,MBAUM860,Mur Baut,PCS,,,tidak,0,2000,0,,0,0,0,5,,,1,,,,,,,,,0,0
BAUT METRIS M8 X 65,MBAUM865,MBAUM865,Mur Baut,PCS,,,tidak,0,2500,0,,0,0,0,5,,,1,,,,,,,,,0,0
BAUT METRIS M8 X 70,MBAUM870,MBAUM870,Mur Baut,PCS,,,tidak,0,3000,0,,0,0,0,5,,,1,,,,,,,,,0,0
BAUT PAB 8 X 3/4 ( 50 PCS),MBAUPAB83/4,MNOBAU06,Mur Baut,BKS,,,tidak,0,15000,0,,0,0,0,5,,,1,,,,,,,,,0,0
BAUT ROFING 10 X 16 (50 PCS) LION,BARO1016,MNOBAU17,Mur Baut,BKS,,,tidak,0,10000,0,,0,0,0,5,,,1,,,,,,,,,0,0
BAUT ROFING 10 X 19 (50 PCS) LION,BARO1019,MNOBAU16,Mur Baut,BKS,,,tidak,0,15000,0,,0,0,0,5,,,1,,,,,,,,,0,0
"BCP / WASHBAK 96 X 43 X 0,4",BCP96 RRT,MOLBCP01,Umum,PCS,OLIQ,,tidak,0,93500,0,0,0,0,0,3,,,1,,,,,,,,,0,0
BCP 50 PILOV + AFUR,BCP50 PLV,MPIBCP01,Umum,PCS,PILOV,,tidak,0,80000,0,0,0,0,0,3,,,1,,,,,,,,,0,0
BCP 50 PRESTIL + AFUR,BCP50 PRSTL,MPRBCP01,Umum,PCS,PRESTIL,,tidak,0,67500,0,0,0,0,0,3,,,1,,,,,,,,,0,0
BCP 50 X 40 RRT,BCP50 RRT,MNOBCP01,Umum,PCS,,,tidak,0,57500,0,0,0,0,0,3,,,1,,,,,,,,,0,0
BCP 75 PRESTIL + AFUR,BCP75 PRSTL,MPRBCP02,Umum,PCS,PRESTIL,,tidak,0,100000,0,0,0,0,0,3,,,1,,,,,,,,,0,0
BCP 75 X 40 RRT,BCP75 RRT,MNOBCP02,Umum,PCS,,,tidak,0,77500,0,0,0,0,0,3,,,1,,,,,,,,,0,0
BCP 96 PILOV + AFUR,BCP96 PLV,MPIBCP02,Umum,PCS,PILOV,,tidak,0,95000,0,0,0,0,0,3,,,1,,,,,,,,,0,0
BCP 96 PRESTIL + AFUR,BCP96 PRSTL,MPRBCP03,Umum,PCS,PRESTIL,,tidak,0,92600,0,0,0,0,0,3,,,1,,,,,,,,,0,0
BCP 96 X 43 RRT,BCP96 RRT SU,MNOBCP03,Umum,PCS,,,tidak,0,87500,0,0,0,0,0,3,,,1,,,,,,,,,0,0
"BCP HM 60 X 45 ""YOZURI""",BCP60 YZ,MYOBCP01,Umum,PCS,YOZURI,,tidak,0,662055,0,0,0,0,0,3,,,1,,,,,,,,,0,0
"BCP HM 75 X 40 ""YOZURI""",BCP75 YZ,MYOBCP02,Umum,PCS,YOZURI,,tidak,0,715000,0,0,0,0,0,3,,,1,,,,,,,,,0,0
BEARING GEROBAK PASIRTOKIO 20MM,BEARING 20MM TK,MTOBEA01,Umum,PCS,TOKIO,,tidak,0,3750,0,0,0,0,0,3,,,1,,,,,,,,,0,0
BETEL TOPI 10 RRT,BTTP 10 RRT,MNOBET01,Umum,PCS,,,tidak,0,12500,0,0,0,0,0,3,,,1,,,,,,,,,0,0
"BETEL TOPI 10"" JUMBO BIASA",BTTP RRT10 TK,MTOBET01,Umum,PCS,TOKIO,,tidak,0,25000,0,,0,0,0,3,,,1,,,,,,,,,0,0
BETEL TOPI 12 RRT,BTTP 12 RRT,MNOBET02,Umum,PCS,,,tidak,0,15000,0,0,0,0,0,3,,,1,,,,,,,,,0,0
BETEL TOPI 12 X 16 HIOSHI,BT12HSH,MHIBET02,Umum,PCS,HIOSHI,,tidak,0,20520,0,0,0,0,0,3,,,1,,,,,,,,,0,0
"BETEL TOPI 12"" JUMBO BIASA",BTTP RRT12 TK,MTOBET02,Umum,PCS,TOKIO,,tidak,0,30000,0,,0,0,0,3,,,1,,,,,,,,,0,0
BETEL TOPI 8 RRT,BTTP 8 RRT,MNOBET03,Umum,PCS,,,tidak,0,10000,0,0,0,0,0,3,,,1,,,,,,,,,0,0
BETEL TOPI 8 X 16 HIOSHI,BT8HSH,MHIBET03,Umum,PCS,HIOSHI,,tidak,0,13680,0,0,0,0,0,3,,,1,,,,,,,,,0,0
"BETEL TOPI 8"" JUMBO BIASA",BTTP RRT8 TK,MTOBET03,Umum,PCS,TOKIO,,tidak,0,20000,0,,0,0,0,3,,,1,,,,,,,,,0,0
BETEL TOPI JUMBO 10' VPR,BTJB 10,MVPBET01,Umum,PCS,VPR,,tidak,0,22500,0,0,0,0,0,3,,,1,,,,,,,,,0,0
BETEL TOPI JUMBO 12' VPR,BTJB 12,MVPBET02,Umum,PCS,VPR,,tidak,0,27500,0,0,0,0,0,3,,,1,,,,,,,,,0,0
BETEL TOPI JUMBO 8' VPR,BTJB 8,MVPBET03,Umum,PCS,VPR,,tidak,0,18000,0,0,0,0,0,3,,,1,,,,,,,,,0,0
BETEL TOPI LANCIP 10 X 16 HIOSHI,BT10HSH RUNCING,MHIBET04,Umum,PCS,HIOSHI,,tidak,0,30000,0,0,0,0,0,3,,,1,,,,,,,,,0,0
BETEL TOPI PAPAK 10 X 16 HIOSHI,BT10HSH,MHIBET01,Umum,PCS,HIOSHI,,tidak,0,30000,0,0,0,0,0,3,,,1,,,,,,,,,0,0
BETEL TOPI RRT (FAWI) 10,BTTP RRT10,MFABET01,Umum,PCS,FAWI,,tidak,0,97500,0,0,0,0,0,3,,,1,,,,,,,,,0,0
BETEL TOPI RRT (FAWI) 12,BTTP RRT12,MFABET02,Umum,PCS,FAWI,,tidak,0,106363.64,0,0,0,0,0,3,,,1,,,,,,,,,0,0
BETEL TOPI RRT (FAWI) 8,BTTP RRT8,MFABET03,Umum,PCS,FAWI,,tidak,0,70909.09,0,0,0,0,0,3,,,1,,,,,,,,,0,0
BLENDER COSMOS CB-171 P,MCOBLE01,MCOBLE01,Rumah tangga,PCS,COSMOS,Area 04,tidak,0,230000,0,0,0,0,0,5,,,1,,,,,,,,,0,0
BLENDER MASPION BL-1262 PL,MNOBLE01,MNOBLE01,Rumah tangga,PCS,,Area 04,tidak,26300,315000,0,,0,0,0,5,,,1,,,,,,,,,0,0
BLENDER MIYAKO BL-101 PL,MMIBLE01,MMIBLE01,Rumah tangga,PCS,MIYAKO,Area 04,tidak,0,215000,0,0,0,0,0,5,,,1,,,,,,,,,0,0
BODEM / PALU PON ULIR 16 LBS,BDM 16LBS,MHIBOD01,Umum,PCS,HIOSHI,,tidak,0,148200,0,0,0,0,0,3,,,1,,,,,,,,,0,0
BODEM / PALU PON ULIR 18 LBS,BDM 18LBS,MHIBOD02,Umum,PCS,HIOSHI,,tidak,0,166725,0,0,0,0,0,3,,,1,,,,,,,,,0,0
BODEM / PALU PON ULIR 20 LBS,BDM 20LBS,MHIBOD03,Umum,PCS,HIOSHI,,tidak,0,190000,0,0,0,0,0,3,,,1,,,,,,,,,0,0
BODEM 10 LB YUSTAR,BDM 10LB YS,MYUBOD03,Umum,PCS,YUSTAR,,tidak,0,10000,0,0,0,0,0,3,,,1,,,,,,,,,0,0
BODEM 12 LB YUSTAR,BDM 12LB YS,MYUBOD04,Umum,PCS,YUSTAR,,tidak,0,10000,0,0,0,0,0,3,,,1,,,,,,,,,0,0
BODEM 14 LB YUSTAR,BDM 14LB YS,MYUBOD05,Umum,PCS,YUSTAR,,tidak,0,10000,0,0,0,0,0,3,,,1,,,,,,,,,0,0
BODEM 16 LB YUSTAR,BDM 16LB YS,MYUBOD06,Umum,PCS,YUSTAR,,tidak,0,10000,0,0,0,0,0,3,,,1,,,,,,,,,0,0
BODEM 18 LB YUSTAR,BDM 18LB YS,MYUBOD08,Umum,PCS,YUSTAR,,tidak,0,10000,0,0,0,0,0,3,,,1,,,,,,,,,0,0
BODEM 20 LB YUSTAR,BDM 20LB YS,MYUBOD09,Umum,PCS,YUSTAR,,tidak,0,10000,0,0,0,0,0,3,,,1,,,,,,,,,0,0
BODEM 4 LB YUSTAR,BDM 4LB YS,MYUBOD01,Umum,PCS,YUSTAR,,tidak,0,10000,0,0,0,0,0,3,,,1,,,,,,,,,0,0
BODEM 6 LB YUSTAR,BDM 6LB YS,MYUBOD07,Umum,PCS,YUSTAR,,tidak,0,10000,0,0,0,0,0,3,,,1,,,,,,,,,0,0
BODEM 8 LB YUSTAR,BDM 8LB YS,MYUBOD02,Umum,PCS,YUSTAR,,tidak,0,10000,0,0,0,0,0,3,,,1,,,,,,,,,0,0
BODY BIASA (B) BOSTON,MBUBOD01,MBUBOD01,Umum,PCS,BUSTON,Area 01,tidak,0,45000,0,0,0,0,0,3,,PCS,12,PCS,540000,0,0,,,,,0,0
"BODY BIASA (B) KODAI SB403AB ",MKOBOD01,MKOBOD01,Umum,PCS,KODAI,Area 01,tidak,0,45000,0,0,0,0,0,3,,PCS,12,PCS,540000,0,0,,,,,0,0
BODY DORONG 940 A MULLER,MMUBOD01,MMUBOD01,Umum,PCS,MULLER,Area 01,tidak,0,140000,0,0,0,0,0,3,,PCS,12,PCS,1680000,0,0,,,,,0,0
BODY DORONG MALVIN,MMABOD01,MMABOD01,Umum,PCS,MALVIN,Area 01,tidak,0,75000,0,0,0,0,0,3,,PCS,12,PCS,900000,0,0,,,,,0,0
BODY PELOR  STAR CLASSIC,MSTBOD01,MSTBOD01,Umum,PCS,STAR CLASSIC,Area 01,tidak,0,75000,0,0,0,0,0,6,,PCS,12,PCS,900000,0,0,,,,,0,0
BODY PELOR 8016 MULLER,MMUBOD03,MMUBOD03,Umum,PCS,MULLER,Area 01,tidak,0,180000,0,0,0,0,0,3,,PCS,12,PCS,2160000,0,0,,,,,0,0
BODY PELOR 9018 MULLER,MMUBOD02,MMUBOD02,Umum,PCS,MULLER,Area 01,tidak,0,250000,0,0,0,0,0,3,,PCS,12,PCS,3000000,0,0,,,,,0,0
BODY PELOR ALM A5601 EASTGUARD,MEABOD01,MEABOD01,Umum,PCS,EASTGUARD,Area 01,tidak,0,85000,0,0,0,0,0,3,,PCS,12,PCS,1020000,0,0,,,,,0,0
BODY PELOR CLASSIC,BDPL CLS,MCLBOD01,Umum,PCS,CLASSIC,,tidak,0,65000,0,0,0,0,0,3,,,1,,,,,,,,,0,0
BODY PELOR GOMEO 8545 SN,BDPL 8545SN,MGOBOD01,Umum,PCS,GOMEO,,tidak,0,95000,0,0,0,0,0,3,,,1,,,,,,,,,0,0
BODY PELOR GOMEO SS 7016,BDPL SS7016,MGOBOD02,Umum,PCS,GOMEO,,tidak,0,125000,0,0,0,0,0,3,,,1,,,,,,,,,0,0
BODY PELOR HSJ,MHSBOD01,MHSBOD01,Umum,PCS,HSJ,Area 01,tidak,0,50000,0,0,0,0,0,3,,PCS,12,PCS,600000,0,0,,,,,0,0
BODY PELOR ISCO,BDPL ISCO,MISBOD01,Umum,PCS,ISCO,,tidak,0,60000,0,0,0,0,0,3,,,1,,,,,,,,,0,0
BODY PELOR ISCO PER SET,BDPL ISCO SET,MISBOD02,Umum,PCS,ISCO,,tidak,0,31000,0,0,0,0,0,3,,,1,,,,,,,,,0,0
BODY PELOR ISCO PLAT SS304,BDPL ISCO SS304,MISBOD03,Umum,PCS,ISCO,,tidak,0,34375,0,0,0,0,0,3,,,1,,,,,,,,,0,0
BOR 10MM RYU RDR 10-3 REB,RDREBRYU,MRYMES03,Power tools,PCS,RYU,,ya,345000,400000,0,,0,1,0,5,,PCS,1,,,,,,,,,0,0
BOR BATERAI IMPACT MODERN M-15,MMOMES06,MMOMES06,Power tools,PCS,MODERN POWER TOOLS,Area 02,ya,0,630000,0,,0,3,2,1,,,1,,,,,,,,,0,0
BOR BETON BOSCH 6,BB BSCH 6,MBOBOR01,Umum,PCS,BOSCH,,tidak,0,12183.36,0,0,0,0,0,3,,,1,,,,,,,,,0,0
BOR BETON BOSCH 8,BB BSCH 8,MBOBOR02,Umum,PCS,BOSCH,,tidak,0,16200,0,0,0,0,0,3,,,1,,,,,,,,,0,0
BOR BETON EXTREME 4 X 80MM HIOSHI,BB EXT 4X80 HS,MHIBOR01,Umum,PCS,HIOSHI,,tidak,0,12000,0,0,0,0,0,3,,,1,,,,,,,,,0,0
"BOR BETON GOMEO 6""",BB GM 6,MGOBOR01,Umum,PCS,GOMEO,,tidak,0,2700,0,0,0,0,0,3,,,1,,,,,,,,,0,0
"BOR BETON GOMEO 8""",BB GM 8,MGOBOR02,Umum,PCS,GOMEO,,tidak,0,4200,0,0,0,0,0,3,,,1,,,,,,,,,0,0
BOR BETON SDS 8,BB SDS 8,MNOBOR01,Umum,PCS,,,tidak,0,25600,0,0,0,0,0,3,,,1,,,,,,,,,0,0
BOR BETON SET IKURA,MIKBOR01,MIKBOR01,Umum,PAK,IKURA,,tidak,0,0,0,0,0,0,2,3,,,1,,,,,,,,,0,0
BOR IMPACT CORDLESS BOSCH GSB 120 LI GEN 3,BBICGSB120,MNOBOR02,Power tools,PCS,,,ya,1179000,1320000,0,,0,1,0,5,,,1,,,,,,,,,0,0
"BOR KUNING 10"" GOMEO",BOR KNG 10,MGOBOR03,Umum,PCS,GOMEO,,tidak,0,8250,0,0,0,0,0,3,,,1,,,,,,,,,0,0
"BOR KUNING 3"" GOMEO",BOR KNG 3,MGOBOR04,Umum,PCS,GOMEO,,tidak,0,1125,0,0,0,0,0,3,,,1,,,,,,,,,0,0
BOR RYU 13MM IMPACT RID13-1RE,MRYMES02,MRYMES02,Power tools,PCS,RYU,Area 02,ya,0,560000,0,,0,5,1,3,,,1,,,,,,,,,0,0
BOR SET HSS SPC MOLLAR,MMOBOR01,MMOBOR01,Alat tukang,SET,MOLLAR,,tidak,0,0,0,0,0,0,1,3,,,1,,,,,,,,,0,0
BOTOL MIMUM PLASTIK 800 ML,BOTMIP8,BOTMIP8,Plastik,PCS,,,ya,17000,25000,0,,0,0,3,5,,,1,,,,,,,,,0,0
BOTOL MINUM PLASTIK 1 L,BOTMIPL1,BOTMIPL1,Plastik,PCS,,,ya,15000,23000,0,,0,0,2,5,,,1,,,,,,,,,0,0
BOX INBOW BROCO B1015350 HITAM,MBRKOT01,MBRKOT01,Listrik,PCS,BROCO,Area 05,tidak,0,2000,0,,0,0,0,5,,,1,,,,,,,,,0,0
BOX MCB BROCO 17101 PUTIH,MBRBOX01,MBRBOX01,Listrik,PCS,BROCO,Area 05,tidak,0,7000,0,,0,0,0,5,,,1,,,,,,,,,0,0
BOX MCB BROCO 17102 HITAM,MBRBOX02,MBRBOX02,Listrik,PCS,BROCO,Area 05,tidak,0,14000,0,,0,0,0,5,,,1,,,,,,,,,0,0
"BULU KUAS ROLL KAPAL 4"" (2 PCS)",BL RL KPL HH,MNOBUL01,Umum,PCS,,,tidak,0,5000,0,0,0,0,0,3,,,1,,,,,,,,,0,0
BULU KUAS ROLL STANDAT,MBLKRSTD,MBLKRSTD,Alat tukang,PCS,,,tidak,0,18000,0,0,0,0,0,5,,,1,,,,,,,,,0,0
BULU ROL DOMBA SUPRA (2 PCS),BUDOSUP,MNOBUL02,Alat tukang,BKS,,,tidak,0,12000,0,,0,0,0,5,,,1,,,,,,,,,0,0
BURNER API BESAR POLOS,MNOBUR06,MNOBUR06,Umum,PCS,,Area 04,tidak,0,20000,0,0,0,0,0,5,,PCS,1,,,,,,,,,0,0
BURNER API BESAR TOPI,MNOBUR07,MNOBUR07,Umum,PCS,,Area 04,tidak,0,25000,0,0,0,0,0,5,,PCS,1,,,,,,,,,0,0
BURNER API LILIN KECIL RINNAI BARU,MRIBUR05,MRIBUR05,Umum,PCS,RINNAI,Area 04,tidak,0,20000,0,0,0,0,0,5,,PCS,1,,,,,,,,,0,0
BURNER API LILIN LAMA,MNOBUR05,MNOBUR05,Umum,PCS,,Area 04,tidak,0,20000,0,0,0,0,0,5,,PCS,1,,,,,,,,,0,0
BURNER COSMOS A,MCOBUR02,MCOBUR02,Umum,PCS,COSMOS,Area 04,tidak,0,25000,0,0,0,0,0,5,,PCS,1,,,,,,,,,0,0
BURNER COSMOS B,MCOBUR01,MCOBUR01,Umum,PCS,COSMOS,Area 04,tidak,0,25000,0,0,0,0,0,5,,PCS,1,,,,,,,,,0,0
BURNER HP 2,MNOBUR01,MNOBUR01,Umum,PCS,,Area 04,tidak,0,18000,0,0,0,0,0,5,,PCS,1,,,,,,,,,0,0
BURNER HP 3,MNOBUR02,MNOBUR02,Umum,PCS,,Area 04,tidak,0,20000,0,0,0,0,0,5,,PCS,1,,,,,,,,,0,0
BURNER JAPAN SERBAGUNA,MNOBUR04,MNOBUR04,Umum,PCS,,Area 04,tidak,0,18000,0,0,0,0,0,5,,PCS,1,,,,,,,,,0,0
BURNER QUANTUM,MNOBUR03,MNOBUR03,Umum,PCS,,Area 04,tidak,0,30000,0,0,0,0,0,5,,PCS,1,,,,,,,,,0,0
BURNER RINNAI KANAN,MRIBUR01,MRIBUR01,Umum,PCS,RINNAI,Area 04,tidak,0,20000,0,0,0,0,0,5,,PCS,1,,,,,,,,,0,0
BURNER RINNAI KIRI,MRIBUR02,MRIBUR02,Umum,PCS,RINNAI,Area 04,tidak,0,18000,0,0,0,0,0,5,,PCS,1,,,,,,,,,0,0
BURNER RINNAI TORNADO,MRIBUR04,MRIBUR04,Umum,PCS,RINNAI,Area 04,tidak,0,40000,0,0,0,0,0,5,,PCS,1,,,,,,,,,0,0
BURNER RINNAI TURBO,MRIBUR03,MRIBUR03,Umum,PCS,RINNAI,Area 04,tidak,0,30000,0,0,0,0,0,5,,PCS,1,,,,,,,,,0,0
BUSA POLES 4”,MNOBUS01,MNOBUS01,Umum,PCS,,Area 02,ya,0,50000,0,0,0,0,0,5,,PCS,1,,,,,,,,,0,0
CABLE TIES 10 X 2.5MM MIX COLOR HIOSHI,CB TIES 100 MC HS,MHICAB01,Umum,PCS,HIOSHI,,tidak,0,7000,0,0,0,0,0,3,,,1,,,,,,,,,0,0
CABLE TIES 100 HITAM,MCATI10H,MCATI10H,Umum,PCS,,,tidak,0,6000,0,,0,0,0,5,,,1,,,,,,,,,0,0
CABLE TIES 100 HITAM HASSTON,MHACAB02,MHACAB02,Alat teknik,PCS,HASSTON,Area 02,tidak,0,9000,0,0,0,0,0,5,,,1,,,,,,,,,0,0
CABLE TIES 100 PUTIH,MCATI10P,MCATI10P,Umum,PCS,,,tidak,0,6000,0,0,0,0,0,5,,,1,,,,,,,,,0,0
CABLE TIES 100 PUTIH HASSTON,MHACAB01,MHACAB01,Alat teknik,PCS,HASSTON,Area 02,tidak,0,9000,0,0,0,0,0,5,,,1,,,,,,,,,0,0
CABLE TIES 15 X 2.5MM MIX COLOR HIOSHI,CB TIES 150 MC HS,MHICAB02,Umum,PCS,HIOSHI,,tidak,0,10000,0,0,0,0,0,3,,,1,,,,,,,,,0,0
CABLE TIES 150 HITAM,MCATI15H,MCATI15H,Umum,PCS,,,tidak,0,8000,0,0,0,0,0,5,,,1,,,,,,,,,0,0
CABLE TIES 150 HITAM HASSTON,MHACAB04,MHACAB04,Alat teknik,PCS,HASSTON,Area 02,tidak,0,11000,0,0,0,0,0,5,,,1,,,,,,,,,0,0
CABLE TIES 150 PUTIH,MCATI15P,MCATI15P,Umum,PCS,,,tidak,0,8000,0,0,0,0,0,5,,,1,,,,,,,,,0,0
CABLE TIES 150 PUTIH HASSTON,MHACAB03,MHACAB03,Alat teknik,PCS,HASSTON,Area 02,tidak,0,11000,0,0,0,0,0,5,,,1,,,,,,,,,0,0
CABLE TIES 20 X 2.5MM MIX COLOR HIOSHI,CB TIES 200 MC HS,MHICAB03,Umum,PCS,HIOSHI,,tidak,0,14000,0,0,0,0,0,3,,,1,,,,,,,,,0,0
CABLE TIES 200 HITAM,MCATI20H,MCATI20H,Umum,PCS,,,tidak,0,9000,0,,0,0,0,5,,,1,,,,,,,,,0,0
CABLE TIES 200 HITAM HASSTON,MHACAB06,MHACAB06,Alat teknik,PCS,HASSTON,Area 02,tidak,0,24000,0,0,0,0,0,5,,,1,,,,,,,,,0,0
CABLE TIES 200 PUTIH,MCATI20P,MCATI20P,Umum,PCS,,,tidak,0,9000,0,,0,0,0,5,,,1,,,,,,,,,0,0
CABLE TIES 200 PUTIH HASSTON,MHACAB05,MHACAB05,Alat teknik,PCS,HASSTON,Area 02,tidak,0,24000,0,0,0,0,0,5,,,1,,,,,,,,,0,0
CABLE TIES 25 X 2.5MM MIX COLOR HIOSHI,CB TIES 250 MC HS,MHICAB04,Umum,PCS,HIOSHI,,tidak,0,20000,0,0,0,0,0,3,,,1,,,,,,,,,0,0
CABLE TIES 250 HITAM,MCATI25H,MCATI25H,Umum,PCS,,,tidak,0,15000,0,,0,0,0,5,,,1,,,,,,,,,0,0
CABLE TIES 250 HITAM HASSTON,MHACAB08,MHACAB08,Alat teknik,PCS,HASSTON,Area 02,tidak,0,34000,0,0,0,0,0,5,,,1,,,,,,,,,0,0
CABLE TIES 250 PUTIH,MCATI25P,MCATI25P,Umum,PCS,,,tidak,0,15000,0,0,0,0,0,5,,,1,,,,,,,,,0,0
CABLE TIES 250 PUTIH HASSTON,MHACAB07,MHACAB07,Alat teknik,PCS,HASSTON,Area 02,tidak,0,34000,0,0,0,0,0,5,,,1,,,,,,,,,0,0
CABLE TIES 30 X 2.5MM MIX COLOR HIOSHI,CB TIES 300 MC HS,MHICAB05,Umum,PCS,HIOSHI,,tidak,0,30000,0,0,0,0,0,3,,,1,,,,,,,,,0,0
CABLE TIES 300 HITAM,MCATI30H,MCATI30H,Umum,PCS,,,tidak,0,20000,0,0,0,0,0,5,,,1,,,,,,,,,0,0
CABLE TIES 300 HITAM HASSTON,MHACAB10,MHACAB10,Alat teknik,PCS,HASSTON,Area 02,tidak,0,40000,0,0,0,0,0,5,,,1,,,,,,,,,0,0
CABLE TIES 300 PUTIH,MCATI30P,MCATI30P,Umum,PCS,,,tidak,0,20000,0,0,0,0,0,5,,,1,,,,,,,,,0,0
CABLE TIES 300 PUTIH HASSTON,MHACAB09,MHACAB09,Alat teknik,PCS,HASSTON,Area 02,tidak,0,40000,0,0,0,0,0,5,,,1,,,,,,,,,0,0
CABLE TIES 400 HITAM HASSTON,MHACAB12,MHACAB12,Alat teknik,PCS,HASSTON,Area 02,tidak,29755,44000,0,,0,0,0,5,,,1,,,,,,,,,0,0
CABLE TIES 400 PUTIH HASSTON,MHACAB11,MHACAB11,Alat teknik,PCS,HASSTON,Area 02,tidak,29755,44000,0,,0,0,0,5,,,1,,,,,,,,,0,0
CABLE TIES 500 HITAM HASSTON,MHACAB14,MHACAB14,Alat teknik,PCS,HASSTON,Area 02,tidak,80465,105000,0,,0,0,0,5,,,1,,,,,,,,,0,0
CABLE TIES 500 PUTIH HASSTON,MHACAB13,MHACAB13,Alat teknik,PCS,HASSTON,Area 02,tidak,80465,105000,0,,0,0,0,5,,,1,,,,,,,,,0,0
CABLE TIES PUTIH 500,CB TIES PTH500,MVECAB01,Umum,PCS,VEGAZ,,tidak,0,38000,0,0,0,0,0,3,,,1,,,,,,,,,0,0
CANGKIR ALUMINIUM VIOLIN 11 CM,CKRALVIO,CKRALVIO,Plastik,PCS,,,ya,34000,43000,0,,0,0,3,5,,,1,,,,,,,,,0,0
CAT KAYU & BESI AVIAN 301 200 CC,MAVCAT04,MAVCAT04,Umum,PCS,AVIAN,,ya,0,28000,0,0,0,12,0,0,,PCS,1,,,,,,,,,0,0
CAT KAYU & BESI AVIAN 470 200 CC,MAVCAT05,MAVCAT05,Umum,PCS,AVIAN,,ya,0,28000,0,0,0,12,0,0,,PCS,1,,,,,,,,,0,0
CAT KAYU & BESI AVIAN 480 200 CC,MAVCAT01,MAVCAT01,Umum,PCS,AVIAN,,ya,0,28000,0,0,0,12,0,0,,PCS,1,,,,,,,,,0,0
CAT KAYU & BESI AVIAN 650 200 CC,MAVCAT06,MAVCAT06,Umum,PCS,AVIAN,,ya,0,28000,0,0,0,12,0,0,,PCS,1,,,,,,,,,0,0
CAT KAYU & BESI AVIAN 657 200 CC,MAVCAT07,MAVCAT07,Umum,PCS,AVIAN,,ya,0,28000,0,,0,12,0,0,,PCS,1,,,,,,,,,0,0
CAT KAYU & BESI AVIAN 732 200 CC,MAVCAT02,MAVCAT02,Umum,PCS,AVIAN,,ya,0,28000,0,0,0,12,0,0,,PCS,1,,,,,,,,,0,0
CAT KAYU & BESI AVIAN 911 200 CC,MAVCAT03,MAVCAT03,Umum,PCS,AVIAN,,ya,0,28000,0,0,0,11,0,0,,PCS,1,,,,,,,,,0,0
CAT KAYU & BESI AVIAN SB 200 CC,MAVCAT08,MAVCAT08,Umum,PCS,AVIAN,,ya,0,28000,0,0,0,12,0,0,,PCS,1,,,,,,,,,0,0
CAT KAYU & BESI AVIAN SW 200 CC,MAVCAT09,MAVCAT09,Umum,PCS,AVIAN,,ya,0,28000,0,0,0,12,0,0,,PCS,1,,,,,,,,,0,0
CATOK PIPA PRO NO.2 (1/2 - 3.1/2) HIOSHI,CATK PP NO2 HS,MHICAT03,Umum,PCS,HIOSHI,,tidak,0,300000,0,0,0,0,0,3,,,1,,,,,,,,,0,0
CATUT / TANG KAKATUA 9 FUKUDA,CT FK9,MFUCAT02,Umum,PCS,FUKUDA,,tidak,0,40000,0,0,0,0,0,3,,,1,,,,,,,,,0,0
"CATUT / TANG KAKATUA HIOSHI HD 9""",CT HD9,MHICAT01,Umum,PCS,HIOSHI,,tidak,0,45000,0,0,0,0,0,3,,,1,,,,,,,,,0,0
CATUT BC CAMEL 9',MCACAT01,MCACAT01,Alat tukang,PCS,CAMEL,,tidak,0,40000,0,0,0,0,5,3,,,1,,,,,,,,,0,0
CATUT BC GRT 9',MGRCAT01,MGRCAT01,Alat tukang,PCS,GRT,,tidak,0,35000,0,0,0,0,6,3,,,1,,,,,,,,,0,0
CATUT BC HPP 9',MHPCAT01,MHPCAT01,Alat tukang,PCS,HPP,,tidak,0,18000,0,0,0,0,5,3,,,1,,,,,,,,,0,0
CATUT BC HSJ 9',MHSCAT01,MHSCAT01,Alat tukang,PCS,HSJ,,tidak,0,18000,0,0,0,0,5,3,,,1,,,,,,,,,0,0
CATUT HIOSHI 9,CT HIOSHI 9,MHICAT02,Umum,PCS,HIOSHI,,tidak,0,24937.5,0,0,0,0,0,3,,,1,,,,,,,,,0,0
CATUT KAKATUA 9” TEKIRO,MTECAT01,MTECAT01,Alat teknik,PCS,TEKIRO,Area 02,ya,33000,47000,0,,0,6,4,3,,,1,,,,,,,,,0,0
CATUT MURAH WANLY 9',MWACAT01,MWACAT01,Alat tukang,PCS,WANLY,,tidak,0,11000,0,0,0,0,5,3,,,1,,,,,,,,,0,0
CB 100 MODERN,MMOCBM01,MMOCBM01,Power tools,PCS,MODERN POWER TOOLS,Area 02,tidak,0,4500,0,0,0,0,0,3,,,1,,,,,,,,,0,0
CB 21 MODERN,MMOCBM04,MMOCBM04,Power tools,PCS,MODERN POWER TOOLS,Area 02,tidak,0,4000,0,0,0,0,0,3,,,1,,,,,,,,,0,0
CB 411 MODERN,MMOCBM03,MMOCBM03,Power tools,PCS,MODERN POWER TOOLS,Area 02,tidak,0,4000,0,0,0,0,0,3,,,1,,,,,,,,,0,0
CB 51 MODERN,MMOCBM02,MMOCBM02,Power tools,PCS,MODERN POWER TOOLS,Area 02,tidak,0,3000,0,0,0,0,0,3,,,1,,,,,,,,,0,0
CB 64 MODERN,MMOCBM05,MMOCBM05,Power tools,PCS,MODERN POWER TOOLS,Area 02,tidak,0,3000,0,0,0,0,0,3,,,1,,,,,,,,,0,0
CB MAKITA 100 A ORIGINAL,MMACBM01,MMACBM01,Umum,SET,MAKITA MT,,tidak,0,22000,0,,0,0,40,3,,,1,,,,,,,,,0,0
CB MAKITA 303 A,MMACBM08,MMACBM08,Umum,SET,MAKITA MT,,tidak,0,0,0,0,0,0,2,3,,,1,,,,,,,,,0,0
CB MAKITA 325,MMACBM07,MMACBM07,Umum,SET,MAKITA MT,,tidak,0,0,0,0,0,0,1,3,,,1,,,,,,,,,0,0
CB MAKITA 411 A,MMACBM05,MMACBM05,Umum,SET,MAKITA MT,,tidak,0,0,0,0,0,0,2,3,,,1,,,,,,,,,0,0
CB MAKITA 459 ORIGINAL,MMACBM04,MMACBM04,Umum,SET,MAKITA MT,,tidak,0,38000,0,,0,0,6,3,,,1,,,,,,,,,0,0
CB MAKITA 51 A ORIGINAL,MMACBM03,MMACBM03,Umum,SET,MAKITA MT,,tidak,0,20000,0,,0,0,100,3,,,1,,,,,,,,,0,0
CB MAKITA 64 A ORIGINAL,MMACBM02,MMACBM02,Umum,SET,MAKITA MT,,tidak,0,20000,0,,0,0,101,3,,,1,,,,,,,,,0,0
CB MAKITA 85 A,MMACBM06,MMACBM06,Umum,SET,MAKITA MT,,tidak,0,0,0,0,0,0,2,3,,,1,,,,,,,,,0,0
"CETOK BULAT 6""",MNOCET01,MNOCET01,Umum,PCS,,Area 03,tidak,0,10000,0,0,0,0,0,5,,PCS,1,,,,,,,,,0,0
"CETOK BULAT 8""",MNOCET02,MNOCET02,Umum,PCS,,Area 03,tidak,0,15000,0,0,0,0,0,5,,PCS,1,,,,,,,,,0,0
CETOK CORALTEX KAYU STRAUSS 11',MSTCET01,MSTCET01,Alat tukang,PCS,STRAUSS,,tidak,0,0,0,0,0,0,11,3,,,1,,,,,,,,,0,0
CETOK CORALTEX PVC MALVIN KOTAK,MMACET01,MMACET01,Alat tukang,PCS,MALVIN,,tidak,0,0,0,0,0,0,11,3,,,1,,,,,,,,,0,0
CETOK HEBEL BATA RINGAN 10 CM HIOSHI,CTK HB 10,MHICET01,Umum,PCS,HIOSHI,,tidak,0,40000,0,0,0,0,0,3,,,1,,,,,,,,,0,0
"CETOK KARET BULAT 7"" HIOSHI",CTK KRT BLT 247 HS,MHICET06,Umum,PCS,HIOSHI,,tidak,0,24000,0,0,0,0,0,3,,,1,,,,,,,,,0,0
"CETOK KARET LANCIP 7"" HIOSHI",CTK KRT LCP 237 HS,MHICET05,Umum,PCS,HIOSHI,,tidak,0,22000,0,0,0,0,0,3,,,1,,,,,,,,,0,0
"CETOK KAYU BULAT 7"" HIOSHI",CTK KY BLT,MHICET02,Umum,PCS,HIOSHI,,tidak,0,20000,0,0,0,0,0,3,,,1,,,,,,,,,0,0
CETOK KAYU LANCIP 7' HIOSHI,CTK LNCP 7,MHICET04,Umum,PCS,HIOSHI,,tidak,0,18000,0,0,0,0,0,3,,,1,,,,,,,,,0,0
CETOK KORALTEX GLX,CTK KR GLX,MGLCET01,Umum,PCS,GLX,,tidak,0,2000,0,0,0,0,0,3,,,1,,,,,,,,,0,0
CETOK LANCIP 6' HIOSHI,CTK LNCP 6,MHICET03,Umum,PCS,HIOSHI,,tidak,0,156750,0,0,0,0,0,3,,,1,,,,,,,,,0,0
"CETOK OVAL 6""",MNOCET03,MNOCET03,Umum,PCS,,Area 03,tidak,0,9000,0,0,0,0,0,5,,PCS,1,,,,,,,,,0,0
"CETOK OVAL 7"" BISON",MBICET01,MBICET01,Umum,PCS,BISON,Area 03,tidak,0,25000,0,0,0,0,0,5,,PCS,1,,,,,,,,,0,0
"CETOK OVAL GLX 7""",MGLCET02,MGLCET02,Umum,PCS,GLX,Area 03,tidak,0,10000,0,0,0,0,0,5,,PCS,1,,,,,,,,,0,0
"CHECK VALVE KUNINGAN 1/2"" HIOSHI",CH VALVE 1/2 HS,MHICHE01,Umum,PCS,HIOSHI,,tidak,0,50000,0,0,0,0,0,3,,,1,,,,,,,,,0,0
"CHECK VALVE KUNINGAN 3/4"" HIOSHI",CH VALVE 3/4 HS,MHICHE02,Umum,PCS,HIOSHI,,tidak,0,75000,0,0,0,0,0,3,,,1,,,,,,,,,0,0
COCA COLA 250ML,COCL250,COCL250,Minuman,PCS,,,ya,2700,4000,0,,0,0,0,5,,,1,,,,,,,,,0,0
CONTAINER 10 L,CONT10L,MNOCON12,Plastik,PCS,,,tidak,22200,31000,0,,0,0,0,5,,,1,,,,,,,,,0,0
CONTAINER 15 L,CONT15L,MNOCON13,Plastik,PCS,,,tidak,27500,35000,0,,0,0,0,5,,,1,,,,,,,,,0,0
CONTAINER RODA 30 BENING HYPER,MNOCON05,MNOCON05,Plastik,PCS,,,ya,60450,88000,88000,,0,2,0,3,,,1,,,,,,,,,60450,120900
CONTAINER RODA 30 PUTIH HYPER,MNOCON04,MNOCON04,Plastik,PCS,,,ya,60450,88000,88000,,0,2,0,3,,,1,,,,,,,,,60450,120900
CONTAINER RODA 30 SILVER,MNOCON03,MNOCON03,Plastik,PCS,,,ya,45500,66000,66000,,0,2,0,3,,,1,,,,,,,,,45500,91000
CONTAINER RODA 40 PUTIH HYPER,MNOCON02,MNOCON02,Plastik,PCS,,,ya,136500,198000,198000,,0,2,0,3,,,1,,,,,,,,,136500,273000
CONTAINER RODA 40 SILVER,MNOCON01,MNOCON01,Plastik,PCS,,,ya,126750,185000,185000,,0,2,0,3,,,1,,,,,,,,,126750,253500
CONTAINER RODA 45 BENING HYPER,MNOCON07,MNOCON07,Plastik,PCS,,,ya,78000,115000,115000,,0,2,0,3,,,1,,,,,,,,,78000,156000
CONTAINER RODA 45 PUTIH HYPER,MNOCON08,MNOCON08,Plastik,PCS,,,ya,78000,115000,115000,,0,2,0,3,,,1,,,,,,,,,78000,156000
CONTAINER RODA 45 SILVER,MNOCON06,MNOCON06,Plastik,PCS,,,ya,58500,85000,85000,,0,2,0,3,,,1,,,,,,,,,58500,117000
CONTAINER RODA 60 BENING HYPER,MNOCON10,MNOCON10,Plastik,PCS,,,ya,122850,190000,190000,,0,2,0,3,,,1,,,,,,,,,122850,245700
CONTAINER RODA 60 PUTIH HYPER,MNOCON11,MNOCON11,Plastik,PCS,,,ya,122850,190000,190000,,0,2,0,3,,,1,,,,,,,,,122850,245700
CONTAINER RODA 60 SILVER,MNOCON09,MNOCON09,Plastik,PCS,,,ya,71500,104000,104000,,0,2,0,3,,,1,,,,,,,,,71500,143000
COUPLING NUT WRENCH TEKIRO,MTECOU01,MTECOU01,Alat teknik,PCS,TEKIRO,Area 02,ya,67650,95000,0,,0,6,2,3,,,1,,,,,,,,,0,0
CUP WHEEL MEIJER 4,MMECUP01,MMECUP01,Alat tukang,PCS,MEIJER,,tidak,0,0,0,0,0,0,3,3,,,1,,,,,,,,,0,0
CUP WHEEL MOLLAR 3,MMOCUP01,MMOCUP01,Alat tukang,PCS,MOLLAR,,tidak,0,0,0,0,0,0,1,3,,,1,,,,,,,,,0,0
CUP WHEEL MOLLAR 4,MMOCUP02,MMOCUP02,Alat tukang,PCS,MOLLAR,,tidak,0,35000,0,0,0,0,1,3,,,1,,,,,,,,,0,0
CUP WHEEL MST 3,MMSCUP01,MMSCUP01,Alat tukang,PCS,MST,,tidak,0,0,0,0,0,0,2,3,,,1,,,,,,,,,0,0
CUTTER WANLY,MCUTTER,MNOCUT01,Alat tukang,PCS,,,tidak,0,10000,0,,0,0,0,5,,,1,,,,,,,,,0,0
CUTTING GRT 4',MGRCUT01,MGRCUT01,Alat tukang,PCS,GRT,,tidak,0,0,0,0,0,0,11,3,,,1,,,,,,,,,0,0
"CUTTING WD 4"" (PAK)",CUTWD4,MNOCUT02,Alat teknik,PCS,,,tidak,0,3250,0,,0,0,0,5,,PAK,20,PAK,65000,0,,,,,,0,0
"CUTTING WHEEL 14""",CUTWD 14,MWDCUT01,Umum,PCS,WD,,tidak,0,30839.13,0,0,0,0,0,3,,,1,,,,,,,,,0,0
"CUTTING WHEEL 4"" (WD)",CUTWD 4,MWDCUT02,Umum,PCS,WD,,tidak,0,3500,0,0,0,0,0,3,,BOX,0,BOX,,,,,,,,0,0
"CUTTING WHEEL 4"" WD (3 PCS)",CUTWD 4-PAKET,MWDCUT03,Alat tukang,BKS,WD,Area 01,tidak,0,12000,0,0,0,0,0,5,,,1,,,,,143,3,FIXED_RATIO,PCS,0,0
CUTTING WHEEL 7” MOLLAR,MMOCUT01,MMOCUT01,Umum,PCS,MOLLAR,Area 02,tidak,0,18000,0,,0,0,0,5,,PCS,1,,,,,,,,,0,0
CUTTING WHEEL GRT 4”,MGRCUT02,MGRCUT02,Umum,PCS,GRT,Area 01,tidak,0,4000,0,0,0,0,0,5,,PCS,1,,,,,,,,,0,0
DEMOLITION HAMMER MODERN M-DH35,MMODEM01,MMODEM01,Power tools,PCS,MODERN POWER TOOLS,Area 02,tidak,0,1700000,0,0,0,0,0,1,,,1,,,,,,,,,0,0
DEMPUL KAYU CAP CEMARA,MDMPKCM,MNODEM01,Umum,PCS,,,tidak,0,12000,0,,0,0,0,5,,,1,,,,,,,,,0,0
DIAMOND WHEEL BOSCH BEST,MBODIA01,MBODIA01,Alat tukang,PCS,BOSCH,,tidak,0,0,0,0,0,0,6,3,,,1,,,,,,,,,0,0
DIAMOND WHEEL BOSCH STD ECO KERING,DMD BSCH ECO,MBODIA02,Umum,PCS,BOSCH,,tidak,0,70000,0,0,0,0,0,3,,,1,,,,,,,,,0,0
DIAMOND WHEEL BOSCH STD HIJAU BASAH,DMD BSH STD,MBODIA03,Umum,PCS,BOSCH,,tidak,0,70000,0,0,0,0,0,3,,,1,,,,,,,,,0,0
DIAMOND WHEEL BOSCH TURBO,DMD WH01,MBODIA04,Umum,PCS,BOSCH,,tidak,0,80000,0,0,0,0,0,3,,,1,,,,,,,,,0,0
"DIAMOND WHEEL CUP 3""",DMDWHCU3,MNODIA02,Alat tukang,PCS,,,tidak,0,30000,0,,0,0,0,5,,,1,,,,,,,,,0,0
"DIAMOND WHEEL CUP 4""",DMDWHCU4,MNODIA03,Alat tukang,PAK,,,tidak,0,35000,0,,0,0,0,5,,,1,,,,,,,,,0,0
DIAMOND WHEEL GOMEO DRY,DMD WH GM,MGODIA01,Umum,PCS,GOMEO,,tidak,0,20000,0,0,0,0,0,3,,,1,,,,,,,,,0,0
DIAMOND WHEEL MULLER BIRU,DMDWHMB,DMDWHMB,Alat teknik,PCS,,,tidak,0,80000,0,,0,0,0,5,,,1,,,,,,,,,0,0
DIAMOND WHEEL MULLER TURBO,MMUDIA01,MMUDIA01,Alat tukang,PCS,MULLER,,tidak,0,0,0,0,0,0,4,3,,,1,,,,,,,,,0,0
DIAMOND WHEEL SCHLIEPER DRY,MSCDIA01,MSCDIA01,Alat tukang,PCS,SCHLIEPER,,tidak,0,55000,0,0,0,0,6,3,,,1,,,,,,,,,0,0
DIAMOND WHEEL TOHO TURBO,DMDWHTHT,MNODIA01,Alat teknik,PCS,,,ya,165000,185000,0,,0,6,0,5,,,1,,,,,,,,,0,0
DIAMOND WHEEL TURBO GOMEO,DMD WH TRGM,MGODIA02,Umum,PCS,GOMEO,,tidak,0,35000,0,0,0,0,0,3,,,1,,,,,,,,,0,0
DIAMOND WHEEL TURBO MAXTECH,DMD TR MAX,MMADIA01,Umum,PCS,MAXTECH,,tidak,0,75000,0,0,0,0,0,3,,,1,,,,,,,,,0,0
DONGKRAK BOTOL 2 TON TEKIRO,TKRDNGB2T,MTEDON01,Alat teknik,PCS,TEKIRO,,ya,199375,250000,0,,0,1,0,5,,,1,,,,,,,,,0,0
DONGKRAK BUAYA 2T 5.5 KG PLASTIC,DONGKRAK,MNODON01,Umum,PCS,,,tidak,0,275000,0,0,0,0,0,3,,,1,,,,,,,,,0,0
DOOR CLOSER BLACK EASTGUARD,MEADOO01,MEADOO01,Umum,PCS,EASTGUARD,Area 01,tidak,0,0,0,0,0,0,0,3,,PCS,12,PCS,0,0,0,,,,,0,0
DOOR CLOSER WHITE EASTGUARD,MEADOO02,MEADOO02,Umum,PCS,EASTGUARD,Area 01,tidak,0,0,0,0,0,0,0,3,,PCS,12,PCS,0,0,0,,,,,0,0
DOP TS 1” JAYA,MJADOP03,MJADOP03,Umum,PCS,JAYA,Area 03,ya,0,4000,0,0,0,0,700,5,,PCS,1,,,,,,,,,0,0
DOP TS 1/2” JAYA,MJADOP01,MJADOP01,Umum,PCS,JAYA,Area 03,ya,0,1500,0,0,0,0,1148,5,,PCS,1,,,,,,,,,0,0
DOP TS 3/4” JAYA,MJADOP02,MJADOP02,Umum,PCS,JAYA,Area 03,ya,0,2500,0,0,0,0,747,5,,PCS,1,,,,,,,,,0,0
DOUBLE TAPE BENING 1M,MDBLTBNG,MDBLTBNG,Umum,PCS,,,tidak,0,9000,0,,0,0,0,5,,,1,,,,,,,,,0,0
DOUBLE TAPE DEXTONE MERAH,MDELEM08,MDELEM08,Umum,PCS,DEXTONE,Area 03,tidak,0,30000,0,,0,0,0,5,,PCS,1,,,,,,,,,0,0
DOUBLE TAPE FOAM,DB TAPE,MNODOU01,Umum,PCS,,,tidak,0,9000,0,,0,0,0,3,,,1,,,,,,,,,0,0
DOWNLIGHT LUBY 207 11W 3 WARNA,MLUDOW06,MLUDOW06,Rumah tangga,PCS,LUBY,Area 04,tidak,87503,130000,0,0,0,0,0,5,,,1,,,,,,,,,0,0
"DOWNLIGHT LUBY 207 3,5W",MLUDOW05,MLUDOW05,Rumah tangga,PCS,LUBY,Area 04,tidak,40054,60000,0,0,0,0,0,5,,,1,,,,,,,,,0,0
DOWNLIGHT LUBY 207 7W,DLLB2077,DLLB2077,Listrik,PCS,LUBY,,ya,53010,72000,0,,0,2,0,5,,,1,,,,,,,,,0,0
DOWNLIGHT LUBY 207 7W 3 WARNA,DLLB207W,DLLB207W,Listrik,PCS,LUBY,,ya,70865,93000,0,,0,2,0,5,,,1,,,,,,,,,0,0
DOWNLIGHT LUBY 301 BULAT 12 W,MLUDOW03,MLUDOW03,Rumah tangga,PCS,LUBY,Area 04,tidak,59156,90000,0,0,0,0,0,5,,,1,,,,,,,,,0,0
DOWNLIGHT LUBY 301 BULAT 9W,MLUDOW01,MLUDOW01,Rumah tangga,PCS,LUBY,Area 04,tidak,44675,60000,0,0,0,0,0,5,,,1,,,,,,,,,0,0
DOWNLIGHT LUBY 302 KOTAK 12 W,MLUDOW04,MLUDOW04,Rumah tangga,PCS,LUBY,Area 04,tidak,48373,190000,0,0,0,0,0,5,,,1,,,,,,,,,0,0
DOWNLIGHT LUBY 302 KOTAK 9W,MLUDOW02,MLUDOW02,Rumah tangga,PCS,LUBY,Area 04,tidak,62854,73000,0,0,0,0,0,5,,,1,,,,,,,,,0,0
DUDUKAN BOR MODERN,MMODUD01,MMODUD01,Power tools,PCS,MODERN POWER TOOLS,Area 02,tidak,0,320000,0,0,0,0,0,1,,,1,,,,,,,,,0,0
DUDUKAN GERINDA MODERN,MMODUD02,MMODUD02,Power tools,PCS,MODERN POWER TOOLS,Area 02,tidak,0,320000,0,0,0,0,0,1,,,1,,,,,,,,,0,0
DYNABOLT  M10 X 50,MDNB3717,MDNB3717,Mur Baut,PCS,WOWO,Counter,tidak,0,1750,1750,,0,0,0,5,,,1,,,,,,,,,0,0
DYNABOLT  M10 X 65,MDNB3727,MDNB3727,Mur Baut,PCS,WOWO,Counter,tidak,0,2000,2000,,0,0,0,5,,,1,,,,,,,,,0,0
DYNABOLT  M10 X 77,MDNB3730,MDNB3730,Mur Baut,PCS,WOWO,Counter,tidak,0,2250,2250,,0,0,0,5,,,1,,,,,,,,,0,0
DYNABOLT  M10 X 97,MDNB3740,MDNB3740,Mur Baut,PCS,WOWO,Counter,tidak,0,2750,2750,,0,0,0,5,,,1,,,,,,,,,0,0
DYNABOLT M12 X 129,MDNB5050,MDNB5050,Mur Baut,PCS,WOWO,Counter,tidak,0,6500,6500,,0,0,0,5,,,1,,,,,,,,,0,0
DYNABOLT M12 X 60,MDNB5022,MDNB5022,Mur Baut,PCS,WOWO,Counter,tidak,0,3700,3700,,0,0,0,5,,,1,,,,,,,,,0,0
DYNABOLT M12 X 75,MDNB5030,MDNB5030,Mur Baut,PCS,WOWO,Counter,tidak,0,4500,4500,,0,0,0,5,,,1,,,,,,,,,0,0
DYNABOLT M12 X 99,MDNB5040,MDNB5040,Mur Baut,PCS,WOWO,Counter,tidak,0,5500,5500,,0,0,0,5,,,1,,,,,,,,,0,0
DYNABOLT M16 X 111,MDNB6240,MDNB6240,Mur Baut,PCS,WOWO,Counter,tidak,0,19000,19000,,0,0,0,5,,,1,,,,,,,,,0,0
DYNABOLT M16 X 147,MDNB6256,MDNB6256,Mur Baut,PCS,WOWO,Counter,tidak,0,24000,24000,,0,0,0,5,,,1,,,,,,,,,0,0
DYNABOLT M16 X 65,MDNB6222,MDNB6222,Mur Baut,PCS,WOWO,Counter,tidak,0,12000,12000,,0,0,0,5,,,1,,,,,,,,,0,0
DYNABOLT M16 X 85,MDNB6232,MDNB6232,Mur Baut,PCS,WOWO,Counter,tidak,0,15500,15500,,0,0,0,5,,,1,,,,,,,,,0,0
DYNABOLT M20 X 107,MDNB7540,MDNB7540,Mur Baut,PCS,WOWO,Counter,tidak,0,40000,40000,,0,0,0,5,,,1,,,,,,,,,0,0
DYNABOLT M20 X 151,MDNB7556,MDNB7556,Mur Baut,PCS,WOWO,Counter,tidak,0,52000,52000,,0,0,0,5,,,1,,,,,,,,,0,0
DYNABOLT M20 X 188,MDNB7568,MDNB7568,Mur Baut,PCS,WOWO,Counter,tidak,0,65000,65000,,0,0,0,5,,,1,,,,,,,,,0,0
DYNABOLT M20 X 75,MDNB7532,MDNB7532,Mur Baut,PCS,WOWO,Counter,tidak,0,32000,32000,,0,0,0,5,,,1,,,,,,,,,0,0
DYNABOLT M8 X 40,MDNB3114,MDNB3114,Mur Baut,PCS,WOWO,Counter,tidak,0,1000,1000,,0,0,0,5,,,1,,,,,,,,,0,0
DYNABOLT M8 X 65,MDNB3124,MDNB3124,Mur Baut,PCS,WOWO,Counter,tidak,0,1500,1500,,0,0,0,5,,,1,,,,,,,,,0,0
DYNABOLT M8 X 85,MDNB3134,MDNB3134,Mur Baut,PCS,WOWO,Counter,tidak,0,2000,1750,,0,0,0,5,,,1,,,,,,,,,0,0
ELECTRIC HAND BLOWER IWA,HAND BLW IWA,MNOELE01,Umum,PCS,,,tidak,0,140000,0,0,0,0,0,3,,,1,,,,,,,,,0,0
EMBER 35L + TUTUP HYPER,MNOEMB09,MNOEMB09,Plastik,PCS,,,ya,57850,81000,85000,,0,2,0,3,,,1,,,,,,,,,57850,115700
EMBER 35L + TUTUP SILVER,MNOEMB08,MNOEMB08,Plastik,PCS,,,ya,32500,48000,48000,,0,2,0,3,,,1,,,,,,,,,32500,65000
EMBER 45 LTR + TUTUP HYPER,EMB45TTH,MNOEMB01,Plastik,PCS,,,tidak,0,100000,0,,0,0,0,5,,,1,,,,,,,,,0,0
EMBER 45L + TUTUP HYPER,MNOEMB11,MNOEMB11,Plastik,PCS,,,ya,70200,98000,108000,,0,1,8,3,,,1,,,,,,,,,70200,631800
EMBER 45L + TUTUP SILVER,MNOEMB10,MNOEMB10,Plastik,PCS,,,ya,39000,58000,58000,,0,2,0,3,,,1,,,,,,,,,39000,78000
EMBER 4G TANPA TUTUP HYPER,MNOEMB03,MNOEMB03,Plastik,PCS,,,ya,27300,42000,42000,,0,1,0,3,,,1,,,,,,,,,27300,27300
EMBER 4G TANPA TUTUP HYPER PRINT,MNOEMB04,MNOEMB04,Plastik,PCS,,,ya,29900,46000,46000,,0,2,0,3,,,1,,,,,,,,,29900,59800
EMBER 4G TANPA TUTUP SUPER,MNOEMB02,MNOEMB02,Plastik,PCS,,,ya,17550,27000,27000,,0,2,0,3,,,1,,,,,,,,,17550,35100
EMBER 6G TANPA TUTUP HYPER,MNOEMB06,MNOEMB06,Plastik,PCS,,,ya,36400,56000,56000,,0,0,0,3,,,1,,,,,,,,,36400,0
EMBER 6G TANPA TUTUP HYPER PRINT,MNOEMB07,MNOEMB07,Plastik,PCS,,,ya,40300,62000,62000,,0,2,0,3,,,1,,,,,,,,,40300,80600
EMBER 6G TANPA TUTUP SUPER,MNOEMB05,MNOEMB05,Plastik,PCS,,,ya,22750,35000,35000,,0,0,0,3,,,1,,,,,,,,,22750,0
EMBER JUMBO 105L HYPER,MNOEMB19,MNOEMB19,Plastik,PCS,,,ya,143000,209000,209000,,0,2,0,3,,,1,,,,,,,,,143000,286000
EMBER JUMBO 105L PREM,MNOEMB18,MNOEMB18,Plastik,PCS,,,ya,100750,147000,147000,,0,2,0,3,,,1,,,,,,,,,100750,201500
EMBER JUMBO 105L SILVER,MNOEMB17,MNOEMB17,Plastik,PCS,,,ya,81250,118000,118000,,0,2,0,3,,,1,,,,,,,,,81250,162500
EMBER JUMBO 75L HYPER,MNOEMB14,MNOEMB14,Plastik,PCS,,,ya,110500,161000,161000,,0,2,0,3,,,1,,,,,,,,,110500,221000
EMBER JUMBO 75L PREM,MNOEMB13,MNOEMB13,Plastik,PCS,,,ya,78000,113000,113000,,0,2,0,3,,,1,,,,,,,,,78000,156000
EMBER JUMBO 75L SILVER,MNOEMB12,MNOEMB12,Plastik,PCS,,,ya,52250,81000,81000,,0,2,0,3,,,1,,,,,,,,,52250,104500
EMBER JUMBO 85L TNP TUTUP PREM,MNOEMB16,MNOEMB16,Plastik,PCS,,,ya,87750,128000,128000,,0,2,0,3,,,1,,,,,,,,,87750,175500
EMBER JUMBO 85L TNP TUTUP SILVER,MNOEMB15,MNOEMB15,Plastik,PCS,,,ya,63700,93000,93000,,0,2,0,3,,,1,,,,,,,,,63700,127400
ENGSEL DOLPHIN 3' BESI,ENG DPH3,MDOENG01,Umum,PCS,DOLPHIN,,tidak,0,30000,0,0,0,0,0,3,,,1,,,,,,,,,0,0
ENGSEL DOLPHIN 4' BESI,ENG DPH4,MDOENG02,Umum,PCS,DOLPHIN,,tidak,0,45000,0,0,0,0,0,3,,,1,,,,,,,,,0,0
ENGSEL DOLPHIN 5' BESI,ENG DPH5,MDOENG03,Umum,PCS,DOLPHIN,,tidak,0,60000,0,0,0,0,0,3,,,1,,,,,,,,,0,0
ENGSEL DOLPHIN SS 3',ENG DPHSS3,MDOENG04,Umum,PCS,DOLPHIN,,tidak,0,35000,0,0,0,0,0,3,,,1,,,,,,,,,0,0
ENGSEL DOLPHIN SS 4',ENG DPHSS4,MDOENG05,Umum,PCS,DOLPHIN,,tidak,0,45000,0,0,0,0,0,3,,,1,,,,,,,,,0,0
ENGSEL DOLPHIN SS 5',ENG DPHSS5,MDOENG06,Umum,PCS,DOLPHIN,,tidak,0,60000,0,0,0,0,0,3,,,1,,,,,,,,,0,0
ENGSEL GDO 3 SN,ENG GDO3SN,MGDENG01,Umum,PCS,GDO,,tidak,0,15000,0,0,0,0,0,3,,,1,,,,,,,,,0,0
ENGSEL GDO 4 SN,ENG GDO4SN,MGDENG02,Umum,PCS,GDO,,tidak,0,20000,0,0,0,0,0,3,,,1,,,,,,,,,0,0
ENGSEL GOMEO 3' BLACK,ENG GM 3BLK,MGOENG01,Umum,PCS,GOMEO,,tidak,0,15000,0,0,0,0,0,3,,,1,,,,,,,,,0,0
ENGSEL GOMEO 3' GP,ENG GM3GP,MGOENG04,Umum,PCS,GOMEO,,tidak,0,15000,0,0,0,0,0,3,,,1,,,,,,,,,0,0
ENGSEL GOMEO 3' SN,ENG GM3SN,MGOENG05,Umum,PCS,GOMEO,,tidak,0,15000,0,0,0,0,0,3,,,1,,,,,,,,,0,0
ENGSEL GOMEO 4' BLACK,ENG GM 4BLK,MGOENG02,Umum,PCS,GOMEO,,tidak,0,22500,0,0,0,0,0,3,,,1,,,,,,,,,0,0
ENGSEL GOMEO 4' GP,ENG GM4GP,MGOENG06,Umum,PCS,GOMEO,,tidak,0,22500,0,0,0,0,0,3,,,1,,,,,,,,,0,0
ENGSEL GOMEO 4' SN,ENG GM4SN,MGOENG07,Umum,PCS,GOMEO,,tidak,0,22500,0,0,0,0,0,3,,,1,,,,,,,,,0,0
ENGSEL GOMEO 5' BLACK,ENG GM 5BLK,MGOENG03,Umum,PCS,GOMEO,,tidak,0,27500,0,0,0,0,0,3,,,1,,,,,,,,,0,0
ENGSEL GOMEO 5' GP,ENG GM5GP,MGOENG08,Umum,PCS,GOMEO,,tidak,0,27500,0,0,0,0,0,3,,,1,,,,,,,,,0,0
ENGSEL GOMEO 5' SN,ENG GM5SN,MGOENG09,Umum,PCS,GOMEO,,tidak,0,27500,0,0,0,0,0,3,,,1,,,,,,,,,0,0
ENGSEL GRT 3' SN,ENG GRT 3SN,MGRENG01,Umum,PCS,GRT,,tidak,0,10000,0,0,0,0,0,3,,,1,,,,,,,,,0,0
ENGSEL GRT 4' GP,ENG GRT 4GP,MGRENG02,Umum,PCS,GRT,,tidak,0,15000,0,0,0,0,0,3,,,1,,,,,,,,,0,0
ENGSEL GRT 4' SN,ENG GRT 4SN,MGRENG03,Umum,PCS,GRT,,tidak,0,15000,0,0,0,0,0,3,,,1,,,,,,,,,0,0
ENGSEL GRT 5' SN,ENG GRT 5SN,MGRENG04,Umum,PCS,GRT,,tidak,0,20000,0,0,0,0,0,3,,,1,,,,,,,,,0,0
ENGSEL H 110 X 55,MENGH11055,MNOENG07,Kunci Pintu & Aksesoris Mebel,PCS,,,tidak,0,10000,0,,0,0,0,5,,,1,,,,,,,,,0,0
"ENGSEL H 80 X 45 ",MENGH8045,MNOENG06,Kunci Pintu & Aksesoris Mebel,PCS,,,tidak,0,8000,0,,0,0,0,5,,,1,,,,,,,,,0,0
ENGSEL HPP 3 GP,ENG HPP3GP,MHPENG01,Umum,PCS,HPP,,tidak,0,10000,0,0,0,0,0,3,,,1,,,,,,,,,0,0
"ENGSEL JENDELA 3"" BLACK ONAT",MONENG01,MONENG01,Umum,PCS,ONAT,Area 01,tidak,0,15000,0,0,0,0,12,3,,PCS,12,PCS,180000,0,0,,,,,0,0
"ENGSEL JENDELA 3"" GP AMANI",MAMENG01,MAMENG01,Umum,PCS,AMANI,Area 01,tidak,0,15000,0,0,0,0,5,3,,PCS,12,PCS,180000,0,0,,,,,0,0
"ENGSEL JENDELA 3"" GP GOMEO",MGOENG13,MGOENG13,Umum,PCS,GOMEO,Area 01,tidak,0,18000,0,0,0,0,14,3,,PCS,12,PCS,216000,0,0,,,,,0,0
"ENGSEL JENDELA 3"" GP HPP",MHPENG03,MHPENG03,Umum,PCS,HPP,Area 01,tidak,0,0,0,0,0,0,5,3,,PCS,12,PCS,0,0,0,,,,,0,0
"ENGSEL JENDELA 3"" SN GOMEO",MGOENG14,MGOENG14,Umum,PCS,GOMEO,Area 01,tidak,0,0,0,0,0,0,11,3,,PCS,12,PCS,0,0,0,,,,,0,0
"ENGSEL JENDELA 3"" SN HPP",MHPENG02,MHPENG02,Umum,PCS,HPP,Area 01,tidak,0,0,0,0,0,0,17,3,,PCS,12,PCS,0,0,0,,,,,0,0
"ENGSEL JENDELA 3"" SN WANLY",MWAENG01,MWAENG01,Umum,PCS,WANLY,Area 01,tidak,0,0,0,0,0,0,8,3,,PCS,12,PCS,0,0,0,,,,,0,0
ENGSEL OLIQ 3 SN,ENG OLIQ3SN,MOLENG01,Umum,PCS,OLIQ,,tidak,0,13000,0,0,0,0,0,3,,,1,,,,,,,,,0,0
"ENGSEL PINTU 4"" BLACK AXL",MAXENG01,MAXENG01,Umum,PCS,AXL,Area 01,tidak,0,0,0,0,0,0,2,3,,PCS,12,PCS,0,0,0,,,,,0,0
"ENGSEL PINTU 4"" BLACK OLIQ",MOLENG02,MOLENG02,Umum,PCS,OLIQ,Area 01,tidak,0,0,0,0,0,0,12,3,,PCS,12,PCS,0,0,0,,,,,0,0
"ENGSEL PINTU 4"" GP GOMEO",MGOENG16,MGOENG16,Umum,PCS,GOMEO,Area 01,tidak,0,0,0,0,0,0,16,3,,PCS,12,PCS,0,0,0,,,,,0,0
"ENGSEL PINTU 4"" GP HPP",MHPENG05,MHPENG05,Umum,PCS,HPP,Area 01,tidak,0,0,0,0,0,0,19,3,,PCS,12,PCS,0,0,0,,,,,0,0
"ENGSEL PINTU 4"" SN GOMEO",MGOENG15,MGOENG15,Umum,PCS,GOMEO,Area 01,tidak,0,0,0,0,0,0,11,3,,PCS,12,PCS,0,0,0,,,,,0,0
"ENGSEL PINTU 4"" SN HPP",MHPENG04,MHPENG04,Umum,PCS,HPP,Area 01,tidak,0,0,0,0,0,0,17,3,,PCS,12,PCS,0,0,0,,,,,0,0
"ENGSEL PINTU 5"" BLACK AXL",MAXENG02,MAXENG02,Umum,PCS,AXL,Area 01,tidak,0,0,0,0,0,0,15,3,,PCS,12,PCS,0,0,0,,,,,0,0
"ENGSEL PINTU 5"" BLACK GOMEO",MGOENG19,MGOENG19,Umum,PCS,GOMEO,Area 01,tidak,0,0,0,0,0,0,0,3,,PCS,12,PCS,0,0,0,,,,,0,0
"ENGSEL PINTU 5"" GP GOMEO",MGOENG18,MGOENG18,Umum,PCS,GOMEO,Area 01,tidak,0,0,0,0,0,0,0,3,,PCS,12,PCS,0,0,0,,,,,0,0
"ENGSEL PINTU 5"" GP IDEKU",MIDENG01,MIDENG01,Umum,PCS,IDEKU,Area 01,tidak,0,0,0,0,0,0,6,3,,PCS,12,PCS,0,0,0,,,,,0,0
"ENGSEL PINTU 5"" SN GOMEO",MGOENG17,MGOENG17,Umum,PCS,GOMEO,Area 01,tidak,0,0,0,0,0,0,6,3,,PCS,12,PCS,0,0,0,,,,,0,0
"ENGSEL PVC 5"" ELGLADIO",MELENG01,MELENG01,Umum,PCS,ELGLADIO,Area 01,tidak,0,4000,0,0,0,0,30,3,,PCS,12,PCS,48000,0,0,,,,,0,0
"ENGSEL S/S 3"" DOLPHIN",MDOENG07,MDOENG07,Umum,PCS,DOLPHIN,Area 01,tidak,0,0,0,0,0,0,6,3,,PCS,12,PCS,0,0,0,,,,,0,0
"ENGSEL S/S 4"" DOLPHIN",MDOENG08,MDOENG08,Umum,PCS,DOLPHIN,Area 01,tidak,0,0,0,0,0,0,6,3,,PCS,12,PCS,0,0,0,,,,,0,0
"ENGSEL S/S 5"" DOLPHIN",MDOENG09,MDOENG09,Umum,PCS,DOLPHIN,Area 01,tidak,0,0,0,0,0,0,9,3,,PCS,12,PCS,0,0,0,,,,,0,0
ENGSEL SALON 9 PTH ESLON,ENG SLN 9 PTH,MNOENG01,Umum,PCS,,,tidak,0,13000,0,0,0,0,0,3,,,1,,,,,,,,,0,0
ENGSEL SENDOK BENGKOK MT-16 HUBEN,MHUENG05,MHUENG05,Umum,PCS,HUBEN,Area 01,tidak,0,0,0,0,0,0,28,3,,PCS,12,PCS,0,0,0,,,,,0,0
ENGSEL SENDOK BENGKOK MT16 HUBEN,MHUENG01,MHUENG01,Umum,PCS,HUBEN,,tidak,0,9000,0,0,0,0,9,3,,,1,,,,,,,,,0,0
ENGSEL SENDOK LURUS MT-0 HUBEN,MHUENG02,MHUENG02,Umum,PCS,HUBEN,,tidak,0,9000,0,0,0,0,28,3,,,1,,,,,,,,,0,0
ENGSEL SENDOK LURUS SM-0 HUBEN,MHUENG04,MHUENG04,Umum,PCS,HUBEN,,tidak,0,18000,0,0,0,0,0,3,,,1,,,,,,,,,0,0
ENGSEL SENDOK MINI BENGKOK HUBEN,MHUENG09,MHUENG09,Umum,PCS,HUBEN,Area 01,tidak,0,0,0,0,0,0,150,3,,PCS,150,PCS,0,0,0,,,,,0,0
ENGSEL SENDOK MINI LURUS HUBEN,MHUENG08,MHUENG08,Umum,PCS,HUBEN,Area 01,tidak,0,0,0,0,0,0,150,3,,PCS,150,PCS,0,0,0,,,,,0,0
ENGSEL SENDOK MINI SEMI  HUBEN,MHUENG10,MHUENG10,Umum,PCS,HUBEN,Area 01,tidak,0,0,0,0,0,0,150,12,,PCS,150,PCS,0,0,0,,,,,0,0
ENGSEL SENDOK SLOWMO BENGKOK SM-16 HUBEN,MHUENG03,MHUENG03,Umum,PCS,HUBEN,,tidak,0,18000,0,0,0,0,6,3,,,1,,,,,,,,,0,0
ENGSEL SENDOK SLOWMOTION BENGKOK HUBEN,MHUENG06,MHUENG06,Umum,PCS,HUBEN,Area 01,tidak,0,0,0,0,0,0,44,3,,PCS,50,PCS,0,0,0,,,,,0,0
ENGSEL SENDOK SLOWMOTION LURUS HUBEN,MHUENG07,MHUENG07,Umum,PCS,HUBEN,Area 01,tidak,0,0,0,0,0,0,44,3,,PCS,50,PCS,0,0,0,,,,,0,0
ENGSEL STAINLESS MULLER 3”,MMUENG01,MMUENG01,Umum,PCS,MULLER,Area 01,tidak,0,50000,0,0,0,0,0,5,,PCS,1,,,,,,,,,0,0
ENGSEL STAINLESS MULLER 4”,MMUENG02,MMUENG02,Umum,PCS,MULLER,Area 01,tidak,0,70000,0,0,0,0,0,5,,PCS,1,,,,,,,,,0,0
ENGSEL STAINLESS MULLER 5”,MMUENG03,MMUENG03,Umum,PCS,MULLER,Area 01,tidak,0,100000,0,0,0,0,0,5,,PCS,1,,,,,,,,,0,0
"ENGSEL T 10"" MDN",MMDENG03,MMDENG03,Umum,PCS,MDN,Area 01,tidak,0,0,0,0,0,0,12,3,,PCS,12,PCS,0,0,0,,,,,0,0
"ENGSEL T 6"" MDN",MMDENG01,MMDENG01,Umum,PCS,MDN,Area 01,tidak,0,0,0,0,0,0,12,3,,PCS,12,PCS,0,0,0,,,,,0,0
"ENGSEL T 8"" MDN",MMDENG02,MMDENG02,Umum,PCS,MDN,Area 01,tidak,0,0,0,0,0,0,12,3,,PCS,12,PCS,0,0,0,,,,,0,0
ENGSEL TIPIS 2.5 GP GOMEO,ENG TPS 2.5 GM,MGOENG10,Umum,PCS,GOMEO,,tidak,0,7000,0,0,0,0,0,3,,,1,,,,,,,,,0,0
ENGSEL TIPIS 2.5 GP MJP,ENG TPS 2.5,MMJENG01,Umum,PCS,MJP,,tidak,0,7000,0,0,0,0,0,3,,,1,,,,,,,,,0,0
"ENGSEL TIPIS 2.5"" RRT",ENG TPS 2.5 RRT,MNOENG02,Umum,PCS,,,tidak,0,6000,0,0,0,0,0,3,,,1,,,,,,,,,0,0
"ENGSEL TIPIS 2"" GP GOMEO",ENG TPS2 GP,MGOENG11,Umum,PCS,GOMEO,,tidak,0,6000,0,0,0,0,0,3,,,1,,,,,,,,,0,0
"ENGSEL TIPIS 3"" GP GOMEO",ENG TPS3 GP,MGOENG12,Umum,PCS,GOMEO,,tidak,0,7000,0,0,0,0,0,3,,,1,,,,,,,,,0,0
"ENGSEL TIPIS 3"" RRT",ENG TPS 3 RRT,MNOENG03,Umum,PCS,,,tidak,0,3000,0,0,0,0,0,3,,,1,,,,,,,,,0,0
ENGSEL TIPIS IGM 3 SS,ENG TPS 3 SS,MIGENG02,Umum,PCS,IGM,,tidak,0,8000,0,,0,0,0,3,,,1,,,,,,,,,0,0
ENGSEL TIPIS S/S 2 1/2'' IGM,MIGENG03,MIGENG03,Umum,PSG,IGM,Area 01,tidak,0,7000,0,,0,0,6,3,,LSN,12,LUSIN,84000,0,,,,,,0,0
ENGSEL TIPIS S/S 2'' IGM,MIGENG01,MIGENG01,Umum,PSG,IGM,Area 01,tidak,0,6000,0,,0,0,6,3,,LSN,12,LUSIN,72000,0,,,,,,0,0
ENGSEL TREGO 3 GP,ENG TR3GP,MTRENG01,Umum,PCS,TREGO,,tidak,0,98700,0,0,0,0,0,3,,,1,,,,,,,,,0,0
ENGSEL TREGO 3 SN,ENG TR3SN,MTRENG02,Umum,PCS,TREGO,,tidak,0,98700,0,0,0,0,0,3,,,1,,,,,,,,,0,0
ENGSEL TREGO 4 SN,ENG TR4SN,MNOENG04,Umum,PCS,,,tidak,0,142410,0,0,0,0,0,3,,,1,,,,,,,,,0,0
ENGSEL TREGO 5 SN,ENG TR5SN,MNOENG05,Umum,PCS,,,tidak,0,172490,0,0,0,0,0,3,,,1,,,,,,,,,0,0
"ENGSEL VEER 3"" IGM",MIGENG04,MIGENG04,Umum,PCS,IGM,Area 01,tidak,0,0,0,0,0,0,0,3,,PCS,12,PCS,0,0,0,,,,,0,0
"ENGSEL VEER 4"" FREDER",MFRENG01,MFRENG01,Umum,PCS,FREDER,Area 01,tidak,0,0,0,0,0,0,0,3,,PCS,12,PCS,0,0,0,,,,,0,0
EXTENTION BAR 1/2” X 3” TEKIRO,MTEEXT01,MTEEXT01,Umum,PCS,TEKIRO,Area 02,ya,40000,46000,0,,0,2,0,5,,PCS,1,,,,,,,,,0,0
EXTENTION BAR 1/2” X 5” TEKIRO,MTEEXT02,MTEEXT02,Umum,PCS,TEKIRO,Area 02,ya,42837,50000,0,,0,2,0,5,,PCS,1,,,,,,,,,0,0
EXTENTION BAR 3/4” X 16” TEKIRO,MTEEXT03,MTEEXT03,Umum,PCS,TEKIRO,Area 02,ya,263063,305000,0,,0,2,0,5,,PCS,1,,,,,,,,,0,0
FAN BELT MODERN,MMOFAN01,MMOFAN01,Power tools,PCS,MODERN POWER TOOLS,Area 02,tidak,0,20000,0,0,0,0,0,3,,,1,,,,,,,,,0,0
FANTA STROBERI 250ML,FNTST250,FNTST250,Minuman,PCS,,,ya,2700,4000,0,,0,0,0,5,,,1,,,,,,,,,0,0
FEELER GAUGE 13 BLADES HASSTON,MHAFEE01,MHAFEE01,Alat teknik,PCS,HASSTON,Area 02,tidak,0,32000,0,0,0,0,0,5,,,1,,,,,,,,,0,0
FEELER GAUGE MOLLAR 17 BLADES,FEGAMOLL,FEGAMOLL,Alat tukang,PCS,,,ya,26000,32000,0,,0,6,0,5,,,1,,,,,,,,,0,0
FIBER TAPE 1' 30 M,FIBERTAPE,MNOFIB01,Umum,PCS,,,tidak,0,7000,0,0,0,0,0,3,,,1,,,,,,,,,0,0
FIBERTAPE PROFIX,FIBERTAPE PR,MPRFIB01,Umum,PCS,PROFIX,,tidak,0,2650,0,0,0,0,0,3,,,1,,,,,,,,,0,0
FISHER S10 (10PCS),MNOFIS08,MNOFIS08,Alat tukang,BKS,,Area 02,tidak,0,3000,0,,0,0,0,3,,,1,,,,,1192,10,FIXED_RATIO,PCS,0,0
FISHER S10 (BOX),MNOFIS04,MNOFIS04,Alat tukang,PCS,,Area 02,tidak,0,130,0,,0,0,6,3,,BOX,100,BOX,13000,0,,,,,,0,0
FISHER S12 (10PCS),MNOFIS09,MNOFIS09,Alat tukang,BKS,,Area 02,tidak,0,3500,0,,0,0,0,3,,,1,,,,,1193,10,FIXED_RATIO,PCS,0,0
FISHER S12 (BOX),MNOFIS05,MNOFIS05,Alat tukang,PCS,,Area 02,tidak,0,130,0,,0,0,8,3,,BOX,100,BOX,13000,0,,,,,,0,0
FISHER S5 (10PCS),MNOFIS06,MNOFIS06,Alat tukang,BKS,,Area 02,tidak,0,1500,0,,0,0,0,3,,,1,,,,,1189,10,FIXED_RATIO,PCS,0,0
FISHER S5 (BOX),MNOFIS01,MNOFIS01,Alat tukang,PCS,,Area 02,tidak,0,75,0,,0,0,6,3,,BOX,100,BOX,7500,0,,,,,,0,0
FISHER S6 (10PCS),MFISS610,MFISS610,Alat tukang,BKS,,Area 02,tidak,0,2000,0,,0,0,0,3,,,1,,,,,1190,10,FIXED_RATIO,PCS,0,0
FISHER S6 (BOX),MNOFIS02,MNOFIS02,Alat tukang,PCS,,Area 02,tidak,0,90,0,,0,0,6,3,,BOX,100,BOX,9000,0,,,,,,0,0
FISHER S8 (10PCS),MNOFIS07,MNOFIS07,Alat tukang,BKS,,Area 02,tidak,0,2500,0,,0,0,0,3,,,1,,,,,1191,10,FIXED_RATIO,PCS,0,0
FISHER S8 (BOX),MNOFIS03,MNOFIS03,Alat tukang,PCS,,Area 02,tidak,0,110,0,,0,0,6,3,,BOX,100,BOX,11000,0,,,,,,0,0
FITTING GANTUNG 216L BROCO HITAM,MBRFIT01,MBRFIT01,Listrik,PCS,BROCO,Area 05,tidak,0,5000,0,,0,0,0,5,,,1,,,,,,,,,0,0
FITTING KOMBINASI 226L BROCO HITAM,MBRFIT03,MBRFIT03,Listrik,PCS,BROCO,Area 05,tidak,0,9500,0,,0,0,0,5,,,1,,,,,,,,,0,0
FITTING PLAFON 210L BROCO,MBRFIT02,MBRFIT02,Listrik,PCS,BROCO,Area 05,tidak,0,5500,0,,0,0,0,5,,,1,,,,,,,,,0,0
FLAME GUN GAS TORCH,MFLAMGUN,MFLAMGUN,Rumah tangga,PCS,,,tidak,0,25000,0,,0,0,0,5,,,1,,,,,,,,,0,0
FLAP DISC TAIYO 100,FLAPT100,MNOFLA03,Alat tukang,PCS,,,tidak,0,9000,0,0,0,0,0,5,,,1,,,,,,,,,0,0
FLAP DISC TAIYO 120,FLAPT120,MNOFLA04,Alat tukang,PCS,,,tidak,0,9000,0,0,0,0,0,5,,,1,,,,,,,,,0,0
FLAP DISC TAIYO 150,FLAPT150,MNOFLA05,Alat tukang,PCS,,,tidak,0,9000,0,0,0,0,0,5,,,1,,,,,,,,,0,0
FLAP DISC TAIYO 180,FLAPT180,MNOFLA06,Alat tukang,PCS,,,tidak,0,9000,0,0,0,0,0,5,,,1,,,,,,,,,0,0
FLAP DISC TAIYO 240,FLAPT240,MNOFLA07,Alat tukang,PCS,,,tidak,0,9000,0,0,0,0,0,5,,,1,,,,,,,,,0,0
FLAP DISC TAIYO 60,FLAPTA60,MNOFLA01,Alat tukang,PCS,,,tidak,0,9000,0,0,0,0,0,5,,,1,,,,,,,,,0,0
FLAP DISC TAIYO 80,FLAPTA80,MNOFLA02,Alat tukang,PCS,,,tidak,0,9000,0,0,0,0,0,5,,,1,,,,,,,,,0,0
FLAPDISK TAIYO 100,MTAFLA03,MTAFLA03,Alat tukang,PCS,TAIYO,,tidak,0,0,0,0,0,0,30,3,,,1,,,,,,,,,0,0
FLAPDISK TAIYO 120,MTAFLA04,MTAFLA04,Alat tukang,PCS,TAIYO,,tidak,0,0,0,0,0,0,30,3,,,1,,,,,,,,,0,0
FLAPDISK TAIYO 150,MTAFLA05,MTAFLA05,Alat tukang,PCS,TAIYO,,tidak,0,0,0,0,0,0,30,3,,,1,,,,,,,,,0,0
FLAPDISK TAIYO 180,MTAFLA07,MTAFLA07,Alat tukang,PCS,TAIYO,,tidak,0,0,0,0,0,0,30,3,,,1,,,,,,,,,0,0
FLAPDISK TAIYO 240,MTAFLA06,MTAFLA06,Alat tukang,PCS,TAIYO,,tidak,0,0,0,0,0,0,30,3,,,1,,,,,,,,,0,0
FLAPDISK TAIYO 60,MTAFLA01,MTAFLA01,Alat tukang,PCS,TAIYO,,tidak,0,0,0,0,0,0,30,3,,,1,,,,,,,,,0,0
FLAPDISK TAIYO 80,MTAFLA02,MTAFLA02,Alat tukang,PCS,TAIYO,,tidak,0,0,0,0,0,0,30,3,,,1,,,,,,,,,0,0
FLOODLIGHT LUBY 503 100W,MLUFLO06,MLUFLO06,Rumah tangga,PCS,LUBY,Area 04,tidak,147892,216000,0,0,0,0,0,5,,,1,,,,,,,,,0,0
FLOODLIGHT LUBY 503 10W,MLUFLO02,MLUFLO02,Rumah tangga,PCS,LUBY,Area 04,tidak,40732,52000,0,0,0,0,0,5,,,1,,,,,,,,,0,0
FLOODLIGHT LUBY 503 20W,MLUFLO03,MLUFLO03,Rumah tangga,PCS,LUBY,Area 04,tidak,46217,71000,0,0,0,0,0,5,,,1,,,,,,,,,0,0
FLOODLIGHT LUBY 503 30W,MLUFLO04,MLUFLO04,Rumah tangga,PCS,LUBY,Area 04,tidak,62854,92000,0,0,0,0,0,5,,,1,,,,,,,,,0,0
FLOODLIGHT LUBY 503 50W,MLUFLO05,MLUFLO05,Rumah tangga,PCS,LUBY,Area 04,tidak,89352,131000,0,0,0,0,0,5,,,1,,,,,,,,,0,0
FLOODLIGHT LUBY 701 50W,MLUFLO01,MLUFLO01,Rumah tangga,PCS,LUBY,Area 04,tidak,206433,310000,0,0,0,0,0,5,,,1,,,,,,,,,0,0
FOOD CHOPPER MASPION MFC-202 GL,MFCM202GL,MNOFOO07,Rumah tangga,PCS,,,tidak,0,360000,0,,0,0,0,5,,,1,,,,,,,,,0,0
FOOD PROCESSOR COSMOS FP-313,MFPCFP313,MNOFOO06,Rumah tangga,PCS,,,tidak,0,330000,0,,0,0,0,5,,,1,,,,,,,,,0,0
FOOD PROCESSOR COSMOS FP-32,MFPRCFP32,MNOFOO05,Rumah tangga,PCS,,,tidak,0,405000,0,,0,0,0,5,,,1,,,,,,,,,0,0
"FOOT KLEP BEST 1""",FTKLBST2,MNOFOO02,Sanitary,PCS,,,tidak,0,15000,0,,0,0,0,5,,,1,,,,,,,,,0,0
FOOT KLEP BEST 3/4,FTKLBST1,MNOFOO01,Sanitary,PCS,,,tidak,0,9000,0,,0,0,0,5,,,1,,,,,,,,,0,0
FOOT KLEP JUMBO 3/4 CAB,FTKLJMB1,MNOFOO03,Sanitary,PCS,,,tidak,0,12000,0,,0,0,0,5,,,1,,,,,,,,,0,0
FOOT KLEP JUMBO 3/4 HANJIN,FTKLJMBH,MNOFOO04,Sanitary,PCS,,,tidak,0,20000,0,,0,0,0,5,,,1,,,,,,,,,0,0
"FOOT KLEP KUNINGAN (JAPAN STYLE) 3/4"" HIOSHI PRO",FOOT KL 3/4 HS,MHIFOO01,Umum,PCS,HIOSHI,,tidak,0,95000,0,0,0,0,0,3,,,1,,,,,,,,,0,0
"FOOT KLEP KUNINGAN 1/2"" (JAPAN STYLE) HIOSHI PRO",FOOT KL 1/2 HS,MHIFOO02,Umum,PCS,HIOSHI,Area 02,tidak,0,65000,0,0,0,0,0,3,,,1,,,,,,,,,0,0
FRESTEA APPLE LEMONGRASS 350ML,FRTAL350,FRTAL350,Minuman,PCS,,,ya,3104,5000,0,,0,0,0,5,,,1,,,,,,,,,0,0
FRESTEA BLACKCURRANT 350ML,FRTBL350,FRTBL350,Minuman,PCS,,,tidak,3104,5000,0,,0,0,0,5,,,1,,,,,,,,,0,0
FRESTEA GREEN HONEY MINT 350ML,FRGHM350,FRGHM350,Minuman,PCS,,,ya,3104,5000,0,,0,0,0,5,,,1,,,,,,,,,0,0
FRESTEA JASMINE LYCHEE HONEY 350ML,FRJLH350,FRJLH350,Minuman,PCS,,,ya,3104,5000,0,,0,0,0,5,,,1,,,,,,,,,0,0
GANCO KROX (DANDANG) 5 LB,GC KROX,MNOGAN01,Umum,PCS,,,tidak,0,654750,0,0,0,0,0,3,,,1,,,,,,,,,0,0
GARPU BESI MURAH,GARPUSS,GARPUSS,Plastik,PCS,,,ya,670,1500,0,,0,0,12,5,,,1,,,,,,,,,0,0
GAS PORTABLE TOKAI 235 GR,MTOGAS01,MTOGAS01,Rumah tangga,PCS,TOKAI,Area 04,tidak,0,25000,0,0,0,0,0,5,,,1,,,,,,,,,0,0
GAYUNG HYPER,MNOGAY01,MNOGAY01,Plastik,PCS,,,ya,5038,9500,9500,,0,9,0,3,,,1,,,,,,,,,5038,45342
GELAS PLASTIK LUCKY,GELPLLU,GELPLLU,Plastik,PCS,,,ya,12000,18000,0,,0,0,4,5,,,1,,,,,,,,,0,0
GEMBOK HITAM 20MM GRT,MGRGEM01,MGRGEM01,Umum,PCS,GRT,Area 01,tidak,0,8000,0,0,0,0,18,3,,LSN,12,LSN,96000,0,0,,,,,0,0
GEMBOK HITAM 25MM GRT,MGRGEM02,MGRGEM02,Umum,PCS,GRT,Area 01,tidak,0,9000,0,0,0,0,18,3,,LSN,12,LUSIN,108000,0,0,,,,,0,0
GEMBOK HITAM 30MM GRT,MGRGEM03,MGRGEM03,Umum,PCS,GRT,Area 01,tidak,0,11000,0,0,0,0,18,3,,LSN,12,LUSIN,132000,0,0,,,,,0,0
GEMBOK HITAM 40MM GRT,MGRGEM04,MGRGEM04,Umum,PCS,GRT,Area 01,tidak,0,14000,0,0,0,0,18,3,,LSN,12,LUSIN,168000,0,0,,,,,0,0
GEMBOK HITAM 50MM GLX,MGLGEM02,MGLGEM02,Umum,PCS,GLX,Area 01,tidak,0,20000,0,0,0,0,12,3,,LSN,12,LUSIN,240000,0,0,,,,,0,0
GEMBOK HITAM 50MM GRT,MGRGEM05,MGRGEM05,Umum,PCS,GRT,Area 01,tidak,0,0,0,0,0,0,5,3,,LSN,12,LUSIN,0,0,0,,,,,0,0
GEMBOK HITAM 60MM GLX,GMB HTM50 GLX,MGLGEM01,Umum,PCS,GLX,,tidak,0,30000,0,0,0,0,1,3,,,1,,,,,,,,,0,0
GEMBOK JODOH 30 PANJANG HIOSHI,GMJD 30 PJG,MHIGEM11,Umum,PCS,HIOSHI,,tidak,0,35000,0,0,0,0,0,3,,,1,,,,,,,,,0,0
GEMBOK JODOH 30 PENDEK HIOSHI,GMJD 30 PDK,MHIGEM10,Umum,PCS,HIOSHI,,tidak,0,32000,0,0,0,0,0,3,,,1,,,,,,,,,0,0
GEMBOK JODOH 40 PANJANG HIOSHI,GMJD 40 PJG,MHIGEM13,Umum,PCS,HIOSHI,,tidak,0,40000,0,0,0,0,0,3,,,1,,,,,,,,,0,0
GEMBOK JODOH 40 PENDEK HIOSHI,GMJD 40 PDK,MHIGEM12,Umum,PCS,HIOSHI,,tidak,0,37000,0,0,0,0,0,3,,,1,,,,,,,,,0,0
GEMBOK JODOH 50 PANJANG HIOSHI,GMJD 50 PJG,MHIGEM15,Umum,PCS,HIOSHI,,tidak,0,52000,0,0,0,0,0,3,,,1,,,,,,,,,0,0
GEMBOK JODOH 50 PENDEK HIOSHI,GMJD 50 PDK,MHIGEM14,Umum,PCS,HIOSHI,,tidak,0,45000,0,0,0,0,0,3,,,1,,,,,,,,,0,0
GEMBOK JODOH 60 PANJANG HIOSHI,GMJD 60 PJG,MHIGEM17,Umum,PCS,HIOSHI,,tidak,0,65000,0,0,0,0,0,3,,,1,,,,,,,,,0,0
GEMBOK JODOH 60 PENDEK HIOSHI,GMJD 60 PDK,MHIGEM16,Umum,PCS,HIOSHI,,tidak,0,58000,0,0,0,0,0,3,,,1,,,,,,,,,0,0
GEMBOK KECIL ECO WARNA 20 MM HIOSHI,GMB KC ECO20,MHIGEM06,Umum,PCS,HIOSHI,,tidak,0,68400,0,0,0,0,0,3,,,1,,,,,,,,,0,0
GEMBOK KECIL ECO WARNA 25 MM HIOSHI,GMB KC ECO25,MHIGEM07,Umum,PCS,HIOSHI,,tidak,0,72675,0,0,0,0,0,3,,,1,,,,,,,,,0,0
GEMBOK KECIL ECO WARNA 30 MM HIOSHI,GMB KC ECO30,MHIGEM08,Umum,PCS,HIOSHI,,tidak,0,95000,0,0,0,0,0,3,,,1,,,,,,,,,0,0
GEMBOK KECIL ECO WARNA 40 MM HIOSHI,GMB KC ECO40,MHIGEM09,Umum,PCS,HIOSHI,,tidak,0,118060.53,0,0,0,0,0,3,,,1,,,,,,,,,0,0
GEMBOK KOPER WARNA,MBOGEM01,MBOGEM01,Umum,SET,BONUCCI,Area 01,tidak,0,40000,0,0,0,0,0,3,,SET,1,SET,40000,0,0,,,,,0,0
GEMBOK KUNING 20MM HPP,MHPGEM01,MHPGEM01,Umum,PCS,HPP,Area 01,tidak,0,5000,0,0,0,0,0,3,,LSN,12,LUSIN,60000,0,0,,,,,0,0
GEMBOK KUNING 25MM HPP,MHPGEM02,MHPGEM02,Umum,PCS,HPP,Area 01,tidak,0,6000,0,0,0,0,0,3,,LSN,12,LUSIN,72000,0,0,,,,,0,0
GEMBOK KUNING 25MM WANLY,MWAGEM01,MWAGEM01,Umum,PCS,WANLY,Area 01,tidak,0,0,0,0,0,0,12,3,,LSN,12,LUSIN,0,0,0,,,,,0,0
GEMBOK KUNING 30MM KEEP,MKEGEM01,MKEGEM01,Umum,PCS,KEEP,Area 01,tidak,0,18000,0,0,0,0,18,3,,LSN,12,LUSIN,216000,0,0,,,,,0,0
GEMBOK KUNING 30MM NISHIO,MNIGEM01,MNIGEM01,Umum,PCS,NISHIO,Area 01,tidak,0,7000,0,0,0,0,13,3,,LSN,12,LUSIN,84000,0,0,,,,,0,0
GEMBOK KUNING 40MM KEEP,MKEGEM02,MKEGEM02,Umum,PCS,KEEP,Area 01,tidak,0,25000,0,0,0,0,18,3,,LSN,12,LUSIN,300000,0,0,,,,,0,0
GEMBOK KUNING 40MM NISHIO,MNIGEM02,MNIGEM02,Umum,PCS,NISHIO,Area 01,tidak,0,9000,0,0,0,0,0,3,,LSN,12,LUSIN,108000,0,0,,,,,0,0
GEMBOK KUNING 50MM NISHIO,MNIGEM03,MNIGEM03,Umum,PCS,NISHIO,Area 01,tidak,0,13000,0,0,0,0,17,3,,LSN,12,LUSIN,156000,0,0,,,,,0,0
GEMBOK KUNING 60MM NISHIO,MNIGEM04,MNIGEM04,Umum,PCS,NISHIO,Area 01,tidak,0,20000,0,0,0,0,6,3,,LSN,12,LUSIN,240000,0,0,,,,,0,0
GEMBOK LEHER PANJANG 30MM HPP,MHPGEM03,MHPGEM03,Umum,PCS,HPP,Area 01,tidak,0,12000,0,0,0,0,21,3,,LSN,12,LUSIN,144000,0,0,,,,,0,0
GEMBOK LEHER PANJANG 30MM VERRIZ,MVEGEM01,MVEGEM01,Umum,PCS,VERRIZ,Area 01,tidak,0,12000,0,,0,0,6,3,,LSN,12,LUSIN,144000,0,,,,,,0,0
GEMBOK LEHER PANJANG 40MM HPP,MHPGEM04,MHPGEM04,Umum,PCS,HPP,Area 01,tidak,0,16000,0,0,0,0,20,3,,LSN,12,LUSIN,192000,0,0,,,,,0,0
GEMBOK LEHER PANJANG 40MM KEEP,MKEGEM03,MKEGEM03,Umum,PCS,KEEP,Area 01,tidak,0,130000,0,0,0,0,19,12,,LSN,12,LUSIN,1560000,0,0,,,,,0,0
GEMBOK LEHER PANJANG 40MM VERRIZ,MVEGEM02,MVEGEM02,Umum,PCS,VERRIZ,Area 01,tidak,0,15000,0,,0,0,6,3,,LSN,12,LUSIN,180000,0,,,,,,0,0
GEMBOK LEHER PANJANG 50MM HPP,MHPGEM05,MHPGEM05,Umum,PCS,HPP,Area 01,tidak,0,20000,0,0,0,0,9,3,,LSN,12,LUSIN,240000,0,0,,,,,0,0
GEMBOK LEHER PANJANG 50MM KEEP,MKEGEM04,MKEGEM04,Umum,PCS,KEEP,Area 01,tidak,0,160000,0,0,0,0,17,12,,LSN,12,LUSIN,1920000,0,0,,,,,0,0
GEMBOK LEHER PANJANG 50MM VERRIZ,MVEGEM03,MVEGEM03,Umum,PCS,VERRIZ,Area 01,tidak,0,19000,0,,0,0,6,3,,LSN,12,LUSIN,228000,0,,,,,,0,0
GEMBOK LEHER PANJANG 60MM HPP,MHPGEM06,MHPGEM06,Umum,PCS,HPP,Area 01,tidak,0,25000,0,0,0,0,13,3,,LSN,12,LUSIN,300000,0,0,,,,,0,0
GEMBOK LEHER PANJANG 60MM KEEP,MKEGEM05,MKEGEM05,Umum,PCS,KEEP,Area 01,tidak,0,175000,0,0,0,0,7,3,,LSN,12,LUSIN,2100000,0,0,,,,,0,0
GEMBOK LEHER PANJANG 60MM VERRIZ,MVEGEM04,MVEGEM04,Umum,PCS,VERRIZ,Area 01,tidak,0,23000,0,,0,0,6,3,,LSN,12,LUSIN,276000,0,,,,,,0,0
GEMBOK LEHER PENDEK 30MM HPP,MHPGEM07,MHPGEM07,Umum,PCS,HPP,Area 01,tidak,0,12000,0,0,0,0,18,3,,LSN,12,LUSIN,144000,0,0,,,,,0,0
GEMBOK LEHER PENDEK 30MM VERRIZ / OLIQ,MNOGEM04,MNOGEM04,Umum,PCS,,Area 01,tidak,0,11000,0,,0,0,6,3,,LSN,12,LUSIN,132000,0,,,,,,0,0
GEMBOK LEHER PENDEK 40MM HPP,MHPGEM08,MHPGEM08,Umum,PCS,HPP,Area 01,tidak,0,16000,0,0,0,0,29,3,,LSN,12,LUSIN,192000,0,0,,,,,0,0
GEMBOK LEHER PENDEK 40MM KEEP,MKEGEM06,MKEGEM06,Umum,PCS,KEEP,Area 01,tidak,0,130000,0,0,0,0,0,3,,LSN,12,LUSIN,1560000,0,0,,,,,0,0
GEMBOK LEHER PENDEK 40MM VERRIZ,MVEGEM05,MVEGEM05,Umum,PCS,VERRIZ,Area 01,tidak,0,14000,0,,0,0,6,3,,LSN,12,LUSIN,168000,0,,,,,,0,0
GEMBOK LEHER PENDEK 50MM HPP,MHPGEM09,MHPGEM09,Umum,PCS,HPP,Area 01,tidak,0,20000,0,0,0,0,9,3,,LSN,12,LUSIN,240000,0,0,,,,,0,0
GEMBOK LEHER PENDEK 50MM KEEP,MKEGEM07,MKEGEM07,Umum,PCS,KEEP,Area 01,tidak,0,160000,0,0,0,0,11,3,,LSN,12,LUSIN,1920000,0,0,,,,,0,0
GEMBOK LEHER PENDEK 50MM VERRIZ,MVEGEM06,MVEGEM06,Umum,PCS,VERRIZ,Area 01,tidak,0,18000,0,,0,0,6,3,,LSN,12,LUSIN,216000,0,,,,,,0,0
GEMBOK LEHER PENDEK 60MM HPP,MHPGEM10,MHPGEM10,Umum,PCS,HPP,Area 01,tidak,0,25000,0,0,0,0,9,3,,LSN,12,LUSIN,300000,0,0,,,,,0,0
GEMBOK LEHER PENDEK 60MM KEEP,MKEGEM08,MKEGEM08,Umum,PCS,KEEP,Area 01,tidak,0,175000,0,0,0,0,3,3,,LSN,12,LUSIN,2100000,0,0,,,,,0,0
GEMBOK LEHER PENDEK 60MM VERRIZ,MVEGEM07,MVEGEM07,Umum,PCS,VERRIZ,Area 01,tidak,0,21000,0,,0,0,6,3,,LSN,12,LUSIN,252000,0,,,,,,0,0
GEMBOK OVAL 30 PANJANG HIOSHI,GM OV PJG 30,MHIGEM04,Umum,PCS,HIOSHI,,tidak,0,30000,0,0,0,0,0,3,,,1,,,,,,,,,0,0
GEMBOK OVAL 30 PENDEK HIOSHI,GM OV PDK 30,MHIGEM01,Umum,PCS,HIOSHI,,tidak,0,28000,0,0,0,0,0,3,,,1,,,,,,,,,0,0
GEMBOK OVAL 40 PANJANG HIOSHI,GM OV PJG 40,MNOGEM01,Umum,PCS,,,tidak,0,40000,0,0,0,0,0,3,,,1,,,,,,,,,0,0
GEMBOK OVAL 40 PENDEK HIOSHI,GM OV PDK 40,MHIGEM02,Umum,PCS,HIOSHI,,tidak,0,37000,0,0,0,0,0,3,,,1,,,,,,,,,0,0
GEMBOK OVAL 50 PANJANG HIOSHI,GM OV PJG 50,MHIGEM05,Umum,PCS,HIOSHI,,tidak,0,48000,0,0,0,0,0,3,,,1,,,,,,,,,0,0
GEMBOK OVAL 50 PENDEK HIOSHI,GM OV PDK 50,MHIGEM03,Umum,PCS,HIOSHI,,tidak,0,45000,0,0,0,0,0,3,,,1,,,,,,,,,0,0
GEMBOK OVAL 60 PANJANG HIOSHI,GM OV PJG 60,MNOGEM03,Umum,PCS,,,tidak,0,60000,0,0,0,0,0,3,,,1,,,,,,,,,0,0
GEMBOK OVAL 60 PENDEK HIOSHI,GM OV PDK 60,MNOGEM02,Umum,PCS,,,tidak,0,57000,0,0,0,0,0,3,,,1,,,,,,,,,0,0
"GERGAJI BATA RINGAN 18"" (GG KAYU) HIOSHI HD",GR BR HD18 HS,MHIGER03,Umum,PCS,HIOSHI,,tidak,0,55000,0,0,0,0,0,3,,,1,,,,,,,,,0,0
GERGAJI BESI 12' ENGKOL 001E,GRBS EKL 12,MHIGER01,Umum,PCS,HIOSHI,,tidak,0,277875,0,0,0,0,0,3,,,1,,,,,,,,,0,0
GERGAJI BESI GG KARET 001A,GRBS KRT 001A,MHIGER02,Umum,PCS,HIOSHI,,tidak,0,235125,0,0,0,0,0,3,,,1,,,,,,,,,0,0
GERGAJI GOROK 18” ESSEN,MESGER01,MESGER01,Umum,PCS,ESSEN,Area 02,ya,0,70000,0,0,0,6,0,5,,PCS,1,,,,,,,,,0,0
GERGAJI GOROK SERI GRT 14-16-18,GR SERI GRT,MGRGER01,Umum,PCS,GRT,,tidak,0,70000,0,0,0,0,0,3,,,1,,,,,,,,,0,0
GERGAJI KOPI GG BESI 14 TOKIO,GR KOPI BS 14 TK,MTOGER01,Umum,PCS,TOKIO,,tidak,0,35000,0,0,0,0,0,3,,,1,,,,,,,,,0,0
"GERGAJI KOPI GOROK 15"" (GG PIPA) HIOSHI",GR KOPI 15,MNOGER01,Umum,PCS,,,tidak,0,45000,0,0,0,0,0,3,,,1,,,,,,,,,0,0
GERGAJI LANCIP 14” TJAP MATA,MTJGER01,MTJGER01,Umum,PCS,TJAP MATA,Area 03,tidak,0,50000,0,0,0,0,0,5,,PCS,1,,,,,,,,,0,0
GERGAJI SANDFLEX,GRGSAND,MNOGER02,Alat tukang,PCS,,,tidak,0,17500,0,,0,0,0,5,,,1,,,,,,,,,0,0
GEROBAK ANGKONG BESI KODACHI,GERBEKOD,GERBEKOD,Alat tukang,PCS,,,ya,0,565000,0,,0,2,0,5,,,1,,,,,,,,,0,0
GEROBAK ARTCO MERAH ORIGINAL,GRARCO NI,MARGER01,Umum,PCS,ARCO,,tidak,0,700000,0,,0,0,0,3,,,1,,,,,,,,,0,0
GEROBAK BESI GDO,GRBKBGDO,MNOGER03,Alat tukang,PCS,,,tidak,0,550000,0,,0,0,0,5,,,1,,,,,,,,,0,0
GEROBAK BESI ISCO,GRISCO BS TBL,MISGER02,Umum,PCS,ISCO,,tidak,0,580000,0,,0,0,0,3,,,1,,,,,,,,,0,0
GEROBAK PVC ISCO,GRISCO PVC,MISGER03,Umum,PCS,ISCO,,tidak,0,430000,0,,0,0,0,3,,,1,,,,,,,,,0,0
GLAZING MP BLACK (LEM BOTOL) 260ML,LEM GLAZ BL,MNOGLA01,Umum,PCS,,,tidak,0,25500,0,0,0,0,0,3,,,1,,,,,,,,,0,0
GLAZING MP WHITE (LEM BOTOL) 260ML,LEM GLAZ WH,MNOGLA02,Umum,PCS,,,tidak,0,25500,0,0,0,0,0,3,,,1,,,,,,,,,0,0
GLUE GUN 60W KENMASTER,MKEGLU01,MKEGLU01,Umum,PCS,KENMASTER,Area 03,tidak,0,40000,0,0,0,0,0,5,,PCS,1,,,,,,,,,0,0
GLUE STICK BESAR (3 PCS),GL STICK B,MONLEM01,Umum,PCS,ONE DROP,,tidak,0,10000,0,0,0,0,0,3,,,1,,,,,,,,,0,0
GLUE STICK KECIL (4 PCS),GL STICK,MNOLEM01,Umum,PCS,,,tidak,0,7000,0,0,0,0,0,3,,,1,,,,,,,,,0,0
GOROK / GERGAJI KAYU MANTAP 14 HIOSHI,GR KY MNTP14,MHIGOR04,Umum,PCS,HIOSHI,,tidak,0,42000,0,0,0,0,0,3,,,1,,,,,,,,,0,0
GOROK / GERGAJI KAYU MANTAP 16 HIOSHI,GR KY MNTP16,MHIGOR05,Umum,PCS,HIOSHI,,tidak,0,44000,0,0,0,0,0,3,,,1,,,,,,,,,0,0
GOROK / GERGAJI KAYU MANTAP 18 HIOSHI,GR KY MNTP18,MHIGOR06,Umum,PCS,HIOSHI,,tidak,0,248216,0,0,0,0,0,3,,,1,,,,,,,,,0,0
GOROK / GERGAJI KAYU MANTAP SERI HIOSHI,GR KY MNTP SERI,MHIGOR03,Umum,PCS,HIOSHI,,tidak,0,241224,0,0,0,0,0,3,,,1,,,,,,,,,0,0
"GOROK / GERGAJI KOPI (GG KAYU) 14"" HIOSHI HD",GR KOPI HD14,MHIGOR02,Umum,PCS,HIOSHI,,tidak,0,35000,0,0,0,0,0,3,,,1,,,,,,,,,0,0
GOROK BATA RINGAN HEBEL,MNOGOR03,MNOGOR03,Umum,PCS,,Area 03,tidak,0,28000,0,0,0,0,0,5,,PCS,1,,,,,,,,,0,0
GOROK BATA RINGAN HEBEL 18”,MNOGOR02,MNOGOR02,Umum,PCS,,Area 03,tidak,0,28000,0,0,0,0,0,5,,PCS,1,,,,,,,,,0,0
GOROK GOMEO 18” (KAYU + KARET),MGOGOR01,MGOGOR01,Umum,PCS,GOMEO,Area 03,tidak,0,30000,0,0,0,0,0,5,,PCS,1,,,,,,,,,0,0
GOROK HEBEL BONUCCI,MBOGOR01,MBOGOR01,Alat tukang,PCS,BONUCCI,,tidak,0,0,0,0,0,0,5,3,,,1,,,,,,,,,0,0
GOROK HEBEL OLIQ,MOLGOR01,MOLGOR01,Alat tukang,PCS,OLIQ,,tidak,0,0,0,0,0,0,5,3,,,1,,,,,,,,,0,0
"GOROK KARET ORANGE 18"" YUSTAR",GR 18 YS,MYUGOR01,Umum,PCS,YUSTAR,,tidak,0,25000,0,0,0,0,0,3,,,1,,,,,,,,,0,0
GOROK KAYU 18' EXTREME HIOSHI,GR HS 18EX,MHIGOR01,Umum,PCS,HIOSHI,,tidak,0,34616.52,0,0,0,0,0,3,,,1,,,,,,,,,0,0
GOROK KOPI CAB SAMURAI,GR KOPI CAB,MCAGOR01,Umum,PCS,CAB,,tidak,0,35000,0,0,0,0,0,3,,,1,,,,,,,,,0,0
GOROK LANCIP TJAP MATA BIASA 14',MTJGOR01,MTJGOR01,Alat tukang,PCS,TJAP MATA,,tidak,0,0,0,0,0,0,5,3,,,1,,,,,,,,,0,0
GOROK MERAH 18 SCHLIEPER,MSCGOR01,MSCGOR01,Alat tukang,PCS,SCHLIEPER,,tidak,0,0,0,0,0,0,5,3,,,1,,,,,,,,,0,0
GOROK MERAH 20 SCHLIEPER,MSCGOR02,MSCGOR02,Alat tukang,PCS,SCHLIEPER,,tidak,0,0,0,0,0,0,5,3,,,1,,,,,,,,,0,0
GOROK SCHLIEPER 18”,MSCGOR03,MSCGOR03,Umum,PCS,SCHLIEPER,Area 03,tidak,0,140000,0,0,0,0,0,5,,PCS,1,,,,,,,,,0,0
GOROK SCHLIEPER 20”,MSCGOR04,MSCGOR04,Umum,PCS,SCHLIEPER,Area 03,tidak,0,150000,0,0,0,0,0,5,,PCS,1,,,,,,,,,0,0
GOROK SERI AWS 14-16-18,GR SERI AWS,MAWGOR01,Umum,PCS,AWS,,tidak,0,195000,0,0,0,0,0,3,,,1,,,,,,,,,0,0
GOROK SERI HIOSHI 14-18,GR SERI HS,MHIGOR07,Umum,PCS,HIOSHI,,tidak,0,223250,0,0,0,0,0,3,,,1,,,,,,,,,0,0
"GOROK SET 3 PCS (14,16,18)",MNOGOR01,MNOGOR01,Umum,PCS,,Area 03,tidak,0,90000,0,0,0,0,0,5,,PCS,1,,,,,,,,,0,0
GOROK VEGAZ 14',MVEGOR01,MVEGOR01,Alat tukang,PCS,VEGAZ,,tidak,0,0,0,0,0,0,4,3,,,1,,,,,,,,,0,0
GOROK VEGAZ 14”,MVEGOR02,MVEGOR02,Umum,PCS,VEGAZ,Area 03,tidak,0,30000,0,0,0,0,0,5,,PCS,1,,,,,,,,,0,0
"GRAJI BATA RINGAN / GOROK HEBEL GOMEO 18""",GR HB 18,MGOGRA02,Umum,PCS,GOMEO,,tidak,0,25000,0,0,0,0,0,3,,,1,,,,,,,,,0,0
GRAJI DOBEL MYROS,GR DBLMY,MNOGRA01,Umum,PCS,,,tidak,0,2000,0,0,0,0,0,3,,,1,,,,,,,,,0,0
GRAJI GOROK GOMEO 18,GR GM 18,MGOGRA01,Umum,PCS,GOMEO,,tidak,0,30000,0,0,0,0,0,3,,,1,,,,,,,,,0,0
GRENDEL 12'' KZK,MKZGRE09,MKZGRE09,Umum,PCS,KZK,Area 01,tidak,0,0,0,0,0,0,24,3,,PCS,12,PCS,0,0,0,,,,,0,0
GRENDEL ALM 2''  GP WANLY,MWAGRE01,MWAGRE01,Umum,PCS,WANLY,Area 01,tidak,0,0,0,0,0,0,18,12,,PCS,12,PCS,0,0,0,,,,,0,0
GRENDEL ALM 2'' MULLER,MMUGRE01,MMUGRE01,Umum,PCS,MULLER,Area 01,tidak,0,18000,0,0,0,0,0,3,,LSN,12,LUSIN,216000,0,0,,,,,0,0
"GRENDEL ALM 2"" SN WANLY",MWAGRE02,MWAGRE02,Umum,PCS,WANLY,Area 01,tidak,0,0,0,0,0,0,24,3,,PCS,12,PCS,0,0,0,,,,,0,0
GRENDEL ALM 3'' MULLER,MMUGRE02,MMUGRE02,Umum,PCS,MULLER,Area 01,tidak,0,20000,0,0,0,0,0,3,,LSN,12,LUSIN,240000,0,0,,,,,0,0
"GRENDEL ALM 3"" CP HSJ",MHSGRE02,MHSGRE02,Umum,PCS,HSJ,Area 01,tidak,0,0,0,0,0,0,6,3,,PCS,12,PCS,0,0,0,,,,,0,0
"GRENDEL ALM 3"" GP HSJ",MHSGRE01,MHSGRE01,Umum,PCS,HSJ,Area 01,tidak,0,9000,0,0,0,0,6,3,,PCS,12,PCS,108000,0,0,,,,,0,0
GRENDEL ALM 4'' MULLER,MMUGRE03,MMUGRE03,Umum,PCS,MULLER,Area 01,tidak,0,25000,0,0,0,0,0,3,,LSN,12,LUSIN,300000,0,0,,,,,0,0
"GRENDEL ALM 4"" GP WANLY",MWAGRE03,MWAGRE03,Umum,PCS,WANLY,Area 01,tidak,0,0,0,0,0,0,6,3,,PCS,12,PCS,0,0,0,,,,,0,0
"GRENDEL ALM 4"" SN GRT",MGRGRE01,MGRGRE01,Umum,PCS,GRT,Area 01,tidak,0,0,0,0,0,0,5,3,,PCS,12,PCS,0,0,0,,,,,0,0
Grendel Babet 2” Kuning,GRDBB2GP,MNOGRE06,Kunci Pintu & Aksesoris Mebel,PCS,,,tidak,0,7000,0,,0,0,0,5,,,1,,,,,,,,,0,0
"GRENDEL BABET 2"" PUTIH",GRDBBT2P,MNOGRE05,Kunci Pintu & Aksesoris Mebel,PCS,,,tidak,0,7000,0,,0,0,0,5,,,1,,,,,,,,,0,0
GRENDEL BABET 3” PUTIH,GRDBB3P,MNOGRE07,Kunci Pintu & Aksesoris Mebel,PCS,,,tidak,0,9000,0,,0,0,0,5,,,1,,,,,,,,,0,0
GRENDEL BULAT HITAM 6,GBH 6,MGDGRE01,Umum,PCS,GDO,,tidak,0,25000,0,0,0,0,0,3,,,1,,,,,,,,,0,0
GRENDEL BULAT OCP 2' KURA,GB OCP2,MKUGRE01,Umum,PCS,KURA,,tidak,0,4000,0,0,0,0,0,3,,,1,,,,,,,,,0,0
GRENDEL BULAT OCP 3' KURA,GB OCP3,MNOGRE01,Umum,PCS,,,tidak,0,5000,0,0,0,0,0,3,,,1,,,,,,,,,0,0
GRENDEL BULAT OCP 4' KURA,GB OCP4,MKUGRE02,Umum,PCS,KURA,,tidak,0,7500,0,0,0,0,0,3,,,1,,,,,,,,,0,0
GRENDEL DP 10'' KZK,MKZGRE08,MKZGRE08,Umum,PCS,KZK,Area 01,tidak,0,14000,0,,0,0,24,3,,PCS,12,PCS,168000,0,,,,,,0,0
GRENDEL DP 12' KZK,MKZGRE12,MKZGRE12,Kunci Pintu & Aksesoris Mebel,PCS,,,tidak,0,16000,0,,0,0,0,5,,,1,,,,,,,,,0,0
GRENDEL DP 2'' KZK,MKZGRE02,MKZGRE02,Umum,PCS,KZK,Area 01,tidak,0,4000,0,,0,0,0,3,,PCS,12,PCS,48000,0,,,,,,0,0
GRENDEL DP 3' KZK,GR DP 3,MKZGRE01,Umum,PCS,KZK,,tidak,0,5000,0,,0,0,0,3,,,1,,,,,,,,,0,0
GRENDEL DP 4' KZK,GR DP 4,MNOGRE02,Umum,PCS,,,tidak,0,7000,0,,0,0,0,3,,,1,,,,,,,,,0,0
GRENDEL DP 5'' KZK,MKZGRE05,MKZGRE05,Umum,PCS,KZK,Area 01,tidak,0,8000,0,,0,0,24,3,,PCS,12,PCS,96000,0,,,,,,0,0
GRENDEL DP 6'' KZK,MKZGRE06,MKZGRE06,Umum,PCS,KZK,Area 01,tidak,0,9000,0,,0,0,24,3,,PCS,12,PCS,108000,0,,,,,,0,0
GRENDEL DP 8'' KZK,MKZGRE07,MKZGRE07,Umum,PCS,KZK,Area 01,tidak,0,12000,0,,0,0,29,3,,PCS,12,PCS,144000,0,,,,,,0,0
GRENDEL JEPIT COKLAT KURA,GJ CKLT KR,MKUGRE03,Umum,PCS,KURA,,tidak,0,3000,0,0,0,0,109,3,,,1,,,,,,,,,0,0
GRENDEL JEPIT GP GELATO,MGEGRE01,MGEGRE01,Umum,PCS,GELATO,Area 01,tidak,0,0,0,0,0,0,114,3,,PCS,12,PCS,0,0,0,,,,,0,0
GRENDEL JEPIT PUTIH KURA,GJ PTH KR,MKUGRE04,Umum,PCS,KURA,,tidak,0,3000,0,0,0,0,113,3,,,1,,,,,,,,,0,0
"GRENDEL OTOMATIS 2"" CAB",GRDOTCAB,MNOGRE04,Kunci Pintu & Aksesoris Mebel,PCS,,,tidak,0,15000,0,,0,0,0,5,,,1,,,,,,,,,0,0
"GRENDEL OVERVAL 2"" GOMEO",GO 2 GM,MGOGRE01,Umum,PCS,GOMEO,,tidak,0,9000,0,0,0,0,0,3,,,1,,,,,,,,,0,0
"GRENDEL OVERVAL 2"" PUTIH KURA",GO 2 PTH KR,MKUGRE05,Umum,PCS,KURA,,tidak,0,24000,0,0,0,0,0,3,,,1,,,,,,,,,0,0
"GRENDEL OVERVAL 3"" GOMEO",GO 3 GM,MGOGRE02,Umum,PCS,GOMEO,,tidak,0,13000,0,0,0,0,0,3,,,1,,,,,,,,,0,0
GRENDEL PENCET/OTOMATIS CAB,MCAGRE01,MCAGRE01,Umum,PCS,CAB,Area 01,tidak,0,0,0,0,0,0,23,3,,PCS,12,PCS,0,0,0,,,,,0,0
GRENDEL PER COKLAT REYNER,MREGRE01,MREGRE01,Umum,PCS,REYNER,Area 01,tidak,0,8000,0,,0,0,17,12,,PCS,12,PCS,96000,0,,,,,,0,0
GRENDEL PER KUNING REYNER,MREGRE03,MREGRE03,Umum,PCS,REYNER,Area 01,tidak,0,8000,0,,0,0,17,12,,PCS,12,PCS,96000,0,,,,,,0,0
GRENDEL PER PUTIH REYNER,MREGRE02,MREGRE02,Umum,PCS,REYNER,Area 01,tidak,0,8000,0,,0,0,17,12,,PCS,12,PCS,96000,0,,,,,,0,0
GRENDEL PER SILVER REYNER,MREGRE04,MREGRE04,Umum,PCS,REYNER,Area 01,tidak,0,8000,0,,0,0,17,3,,PCS,12,PCS,96000,0,,,,,,0,0
GRENDEL PVC,MNOGRE03,MNOGRE03,Umum,PCS,,Area 01,tidak,0,2500,0,0,0,0,14,3,,PCS,12,PCS,30000,0,0,,,,,0,0
GRENDEL S/S 18'' BELOCA,MBEGRE01,MBEGRE01,Umum,PCS,BELOCA,Area 01,tidak,0,60000,0,,0,0,0,3,,LSN,12,LUSIN,720000,0,,,,,,0,0
GRENDEL S/S 24'' BELOCA,MBEGRE02,MBEGRE02,Umum,PCS,BELOCA,Area 01,tidak,0,70000,0,,0,0,0,3,,LSN,12,LUSIN,840000,0,,,,,,0,0
"GRENDEL STAINLESS 10"" GOMEO",GR SS10 NI,MGOGRE03,Umum,PCS,GOMEO,,tidak,0,18000,0,0,0,0,29,3,,,1,,,,,,,,,0,0
"GRENDEL STAINLESS 12"" GOMEO",GR SS12 NI,MGOGRE04,Umum,PCS,GOMEO,,tidak,0,20000,0,0,0,0,29,3,,,1,,,,,,,,,0,0
"GRENDEL STAINLESS 2"" DOLPHIN",GR SS2,MDOGRE01,Umum,PCS,DOLPHIN,,tidak,0,46545.45,0,0,0,0,0,3,,,1,,,,,,,,,0,0
"GRENDEL STAINLESS 2"" GOMEO",GR SS2 NI,MGOGRE05,Umum,PCS,GOMEO,,tidak,0,5000,0,0,0,0,41,3,,,1,,,,,,,,,0,0
"GRENDEL STAINLESS 2"" OVAL GOMEO",GR SS2 OVAL GM,MGOGRE06,Umum,PCS,GOMEO,,tidak,0,5000,0,0,0,0,0,3,,,1,,,,,,,,,0,0
"GRENDEL STAINLESS 3"" DOLPHIN",GR SS3,MDOGRE02,Umum,PCS,DOLPHIN,,tidak,0,60000.01,0,0,0,0,0,3,,,1,,,,,,,,,0,0
"GRENDEL STAINLESS 3"" GOMEO",GR SS3 NI,MGOGRE07,Umum,PCS,GOMEO,,tidak,0,6000,0,0,0,0,41,3,,,1,,,,,,,,,0,0
"GRENDEL STAINLESS 3"" OVAL GOMEO",GR SS3 OVAL GM,MGOGRE08,Umum,PCS,GOMEO,,tidak,0,6000,0,0,0,0,0,3,,,1,,,,,,,,,0,0
"GRENDEL STAINLESS 4"" DOLPHIN",GR SS4,MDOGRE03,Umum,PCS,DOLPHIN,,tidak,0,75000,0,0,0,0,0,3,,,1,,,,,,,,,0,0
"GRENDEL STAINLESS 4"" GOMEO",GR SS4 NI,MGOGRE09,Umum,PCS,GOMEO,,tidak,0,8000,0,0,0,0,41,3,,,1,,,,,,,,,0,0
"GRENDEL STAINLESS 4"" OVAL GOMEO",GR SS4 OVAL GM,MGOGRE10,Umum,PCS,GOMEO,,tidak,0,8000,0,0,0,0,0,3,,,1,,,,,,,,,0,0
"GRENDEL STAINLESS 6"" GOMEO",GR SS6 NI,MGOGRE11,Umum,PCS,GOMEO,,tidak,0,9000,0,0,0,0,41,3,,,1,,,,,,,,,0,0
"GRENDEL STAINLESS 6"" OVAL GOMEO",GR SS6 OVAL GM,MGOGRE12,Umum,PCS,GOMEO,,tidak,0,9000,0,0,0,0,0,3,,,1,,,,,,,,,0,0
"GRENDEL STAINLESS 8"" GOMEO",GR SS8 NI,MGOGRE13,Umum,PCS,GOMEO,,tidak,0,10000,0,0,0,0,29,3,,,1,,,,,,,,,0,0
GRENDEL TANAM 6''+12'' S/S MULLER,MMUGRE04,MMUGRE04,Umum,PCS,MULLER,Area 01,tidak,0,120000,0,0,0,0,0,3,,PCS,12,PCS,1440000,0,0,,,,,0,0
GRENDEL TANAM S/S 18'' BELOCA,MBEGRE03,MBEGRE03,Umum,PCS,BELOCA,Area 01,tidak,0,0,0,0,0,0,9,3,,PCS,12,PCS,0,0,0,,,,,0,0
GRENDEL TANAM S/S 24'' BELOCA,MBEGRE04,MBEGRE04,Umum,PCS,BELOCA,Area 01,tidak,0,0,0,0,0,0,9,3,,PCS,12,PCS,0,0,0,,,,,0,0
GRENDEL UPC 2'' KURA,MKUGRE06,MKUGRE06,Umum,PCS,KURA,Area 01,tidak,0,0,0,0,0,0,24,3,,PCS,12,PCS,0,0,0,,,,,0,0
GRENDEL UPC 3'' KURA,MKUGRE07,MKUGRE07,Umum,PCS,KURA,Area 01,tidak,0,0,0,0,0,0,41,3,,PCS,12,PCS,0,0,0,,,,,0,0
GRENDEL UPC 4'' KURA,MKUGRE08,MKUGRE08,Umum,PCS,KURA,Area 01,tidak,0,0,0,0,0,0,16,3,,PCS,12,PCS,0,0,0,,,,,0,0
GRENDEL UPC 4''TEXAS,MKUGRE09,MKUGRE09,Umum,PCS,KURA,Area 01,tidak,0,0,0,0,0,0,6,3,,PCS,12,PCS,0,0,0,,,,,0,0
"GRINDING WHEEL 4""(BATU SLEP) CUTTING SLEP",GRINDWD 4,MWDGRI01,Umum,PCS,WD,,tidak,0,4976.68,0,0,0,0,0,3,,,1,,,,,,,,,0,0
GULUNGAN KABEL / SELANG,GULKASLG,MNOGUL01,Umum,PCS,,,ya,0,140000,0,,0,2,0,5,,,1,,,,,,,,,0,0
GUNTING DAHAN HD 9 GANTUNG HIOSHI,GNT DHN HD9 HS,MHIGUN13,Umum,PCS,HIOSHI,,tidak,0,0,0,0,0,0,0,3,,,1,,,,,,,,,0,0
GUNTING DAHAN HPP,GNT DH HPPS8,MHIGUN03,Umum,PCS,HIOSHI,,tidak,0,20000,0,0,0,0,0,3,,,1,,,,,,,,,0,0
GUNTING HOLO 10 VEGAZ,GNT HL10 VG,MVEGUN01,Umum,PCS,VEGAZ,,tidak,0,70000,0,0,0,0,0,3,,,1,,,,,,,,,0,0
"GUNTING HOLO CRV 10"" HIOSHI",GNT HOLO 10,MHIGUN04,Umum,PCS,HIOSHI,,tidak,0,95000,0,0,0,0,0,3,,,1,,,,,,,,,0,0
GUNTING HOLO HEAVY DUTY CAMEL,GNTGHOLO,MCAGUN03,Umum,PCS,CAMEL,,tidak,0,40000,0,0,0,0,0,3,,,1,,,,,,,,,0,0
GUNTING HOLO REG CAMEL,MCAGUN02,MCAGUN02,Alat tukang,PCS,CAMEL,,tidak,0,35000,0,0,0,0,5,3,,,1,,,,,,,,,0,0
GUNTING HOLO TORA,GNT HL TORA,MTOGUN01,Umum,PCS,TORA,,tidak,0,50000,0,0,0,0,0,3,,,1,,,,,,,,,0,0
GUNTING HOLO WANLY 10',MWAGUN01,MWAGUN01,Alat tukang,PCS,WANLY,,tidak,0,30000,0,0,0,0,6,3,,,1,,,,,,,,,0,0
GUNTING KAWAT / BETON HD30,GNTKWT HD30,MHIGUN07,Umum,PCS,HIOSHI,,tidak,0,0,0,0,0,0,0,3,,,1,,,,,,,,,0,0
GUNTING KAWAT / BETON HD36,GNTKWT HD36,MHIGUN08,Umum,PCS,HIOSHI,,tidak,0,182192.2,0,0,0,0,0,3,,,1,,,,,,,,,0,0
GUNTING KAWAT EXTREME 30 HIOSHI,GNTKWT30HS,MHIGUN09,Umum,PCS,HIOSHI,,tidak,0,142500,0,0,0,0,0,3,,,1,,,,,,,,,0,0
GUNTING KAWAT EXTREME 36 (UPGRADE),GNTKWT36HS,MHIGUN10,Umum,PCS,HIOSHI,,tidak,0,178125,0,0,0,0,0,3,,,1,,,,,,,,,0,0
GUNTING KAWAT EXTREME 42 HIOSHI,GNT KWT EXTR,MHIGUN05,Umum,PCS,HIOSHI,,tidak,0,313500,0,0,0,0,0,3,,,1,,,,,,,,,0,0
GUNTING KERTAS BESAR 20CM SOFT GRIP HIOSHI,GNT 20CM SG HS,MHIGUN12,Umum,PCS,HIOSHI,,tidak,0,0,0,0,0,0,0,3,,,1,,,,,,,,,0,0
GUNTING KERTAS ECO 16 CM HIOSHI,GNT 16CM ECO,MHIGUN01,Umum,PCS,HIOSHI,,tidak,0,5408.31,0,0,0,0,0,3,,,1,,,,,,,,,0,0
GUNTING KODOK BIASA,MNOGUN01,MNOGUN01,Alat tukang,PCS,,,tidak,0,0,0,0,0,0,9,3,,,1,,,,,,,,,0,0
GUNTING KODOK WANLY,MWAGUN02,MWAGUN02,Umum,PCS,WANLY,Area 03,tidak,0,15000,0,0,0,0,0,5,,PCS,1,,,,,,,,,0,0
GUNTING PAGAR / RUMPUT HIOSHI,GNT PG HS,MHIGUN06,Umum,PCS,HIOSHI,,tidak,0,26919.2,0,0,0,0,0,3,,,1,,,,,,,,,0,0
GUNTING PAGAR GG BESI KENMASTER,MGPGRBSK,MGPGRBSK,Alat tukang,PCS,KENMASTER,,tidak,0,90000,0,,0,0,0,5,,,1,,,,,,,,,0,0
GUNTING PAGAR KENMASTER,MKEGUN01,MKEGUN01,Alat tukang,PCS,KENMASTER,,tidak,0,0,0,0,0,0,5,3,,,1,,,,,,,,,0,0
GUNTING PAGAR TARIK FAME,MFAGUN01,MFAGUN01,Alat tukang,PCS,FAME,,tidak,0,0,0,0,0,0,5,3,,,1,,,,,,,,,0,0
GUNTING PIPA CAMEL,MCAGUN01,MCAGUN01,Alat tukang,PCS,CAMEL,,tidak,0,60000,0,0,0,0,6,3,,,1,,,,,,,,,0,0
GUNTING S/S 6' HIOSHI,GNT 6 SS,MHIGUN02,Umum,PCS,HIOSHI,,tidak,0,10567.14,0,0,0,0,0,3,,,1,,,,,,,,,0,0
GUNTING SENG HD 8 HIOSHI,GNT SENG HD8 HS,MHIGUN11,Umum,PCS,HIOSHI,,tidak,0,0,0,0,0,0,0,3,,,1,,,,,,,,,0,0
"GUNTING SENG HOLO TEKIRO 10""",GUNHLTEK,MTEGUN01,Alat teknik,PCS,TEKIRO,,ya,78650,90000,0,,0,2,0,5,,,1,,,,,,,,,0,0
GUNTING SENG KOREA CAMEL,GNTGKR,MCAGUN04,Umum,PCS,CAMEL,,tidak,0,35000,0,0,0,0,0,3,,,1,,,,,,,,,0,0
GUNTING STAINLESS HIOSHI HD 6”,GUSSHIO6,GUSSHIO6,Alat tukang,PCS,,,tidak,0,25000,0,,0,0,0,5,,,1,,,,,,,,,0,0
HAK ANGIN SEGI 6 (2 PCS),HAANG6,HAANG6,Kunci Pintu & Aksesoris Mebel,BKS,,,tidak,0,20000,0,,0,0,0,5,,,1,,,,,,,,,0,0
HAK ANGIN ULIR  BESI GOMEO,HA ULIR,MGOHAK01,Umum,PCS,GOMEO,,tidak,0,20500,0,0,0,0,0,3,,,1,,,,,,,,,0,0
HAK BUKA NO.4 TOKIO,HA BK 4,MTOHAK01,Umum,PCS,TOKIO,,tidak,0,12500,0,0,0,0,0,3,,,1,,,,,,,,,0,0
HAND SHOWER + FILTER ISCO SC-23,HSSC23,MISHAN03,Umum,PCS,ISCO,,tidak,0,55000,0,0,0,0,0,3,,,1,,,,,,,,,0,0
HAND SHOWER ISCO SC-18,HSSC18,MISHAN01,Umum,PCS,ISCO,,tidak,0,55000,0,0,0,0,0,3,,,1,,,,,,,,,0,0
HAND SHOWER ISCO SC-22,HSSC22,MISHAN02,Umum,PCS,ISCO,,tidak,0,55000,0,0,0,0,0,3,,,1,,,,,,,,,0,0
HAND SHOWER ISCO SC-24,HSSC24,MISHAN04,Umum,PCS,ISCO,,tidak,0,55000,0,0,0,0,0,3,,,1,,,,,,,,,0,0
HAND SHOWER ISCO SC-27,HSSC27,MISHAN05,Umum,PCS,ISCO,,tidak,0,55000,0,0,0,0,0,3,,,1,,,,,,,,,0,0
HAND SHOWER ONDA SO KUL (BLISTER),SWRCHSO28OND,MONHAN02,Umum,PCS,ONDA,,tidak,0,156500,0,0,0,0,0,3,,,1,,,,,,,,,0,0
HAND SHOWER ONDA SO TUL,SWRCHSOTULOND,MONHAN01,Umum,PCS,ONDA,,tidak,0,159500,0,0,0,0,0,3,,,1,,,,,,,,,0,0
HANGER WARNA ZELIG,MNOHAN01,MNOHAN01,Plastik,PCS,,,ya,3592,6000,6000,,0,36,0,3,,,1,,,,,,,,,3592,129312
HELM PROYEK BIRU,HELMPRBH,MNOHEL01,Perlengkapan Safety,PCS,,,tidak,0,38000,0,,0,0,0,5,,,1,,,,,,,,,0,0
HELM PROYEK KUNING,HELMPRKH,MNOHEL02,Perlengkapan Safety,PCS,,,tidak,0,38000,0,,0,0,0,5,,,1,,,,,,,,,0,0
HELM PROYEK ORANGE,HELMPROH,MNOHEL04,Perlengkapan Safety,PCS,,,tidak,0,38000,0,,0,0,0,5,,,1,,,,,,,,,0,0
HELM PROYEK PUTIH,HELMPRPH,MNOHEL03,Perlengkapan Safety,PCS,,,tidak,0,38000,0,,0,0,0,5,,,1,,,,,,,,,0,0
HOLE SAW BESI 12MM KUGEL,HLSBS12,HLSBS12,Alat tukang,PCS,,,tidak,0,18000,0,,0,0,0,5,,,1,,,,,,,,,0,0
HOLE SAW BESI 14MM KUGEL,HOSA14KU,MNOHOL04,Alat teknik,PCS,,,tidak,0,25000,0,,0,0,0,5,,,1,,,,,,,,,0,0
HOLE SAW BESI 16MM LAZARO,MLAHOL01,MLAHOL01,Alat teknik,PCS,LAZARO,Area 02,tidak,0,0,0,0,0,0,0,5,,,1,,,,,,,,,0,0
HOLE SAW BESI 19MM LAZARO,MLAHOL02,MLAHOL02,Alat teknik,PCS,LAZARO,Area 02,tidak,0,0,0,0,0,0,0,5,,,1,,,,,,,,,0,0
HOLE SAW BESI 20MM LAZARO,MLAHOL03,MLAHOL03,Alat teknik,PCS,LAZARO,Area 02,tidak,0,0,0,0,0,0,0,5,,,1,,,,,,,,,0,0
HOLE SAW BESI 22MM LAZARO,MLAHOL04,MLAHOL04,Alat teknik,PCS,LAZARO,Area 02,tidak,0,0,0,0,0,0,0,5,,,1,,,,,,,,,0,0
HOLE SAW BESI 25MM KUGEL,HOLEBS25,HOLEBS25,Alat teknik,PCS,,,tidak,0,40000,0,,0,0,0,5,,,1,,,,,,,,,0,0
HOLE SAW BESI 26MM LAZARO,MLAHOL05,MLAHOL05,Alat teknik,PCS,LAZARO,Area 02,tidak,0,0,0,0,0,0,0,5,,,1,,,,,,,,,0,0
HOLE SAW BESI 30MM KUGEL / LAZARO,HOSBS30,MNOHOL03,Alat teknik,PCS,,,tidak,0,50000,0,,0,0,0,5,,,1,,,,,,,,,0,0
HOLE SAW BESI 30MM LAZARO,MLAHOL06,MLAHOL06,Alat teknik,PCS,LAZARO,Area 02,tidak,0,0,0,0,0,0,0,5,,,1,,,,,,,,,0,0
HOLE SAW BESI 35MM LAZARO,MLAHOL07,MLAHOL07,Alat teknik,PCS,LAZARO,Area 02,tidak,0,0,0,0,0,0,0,5,,,1,,,,,,,,,0,0
HOLE SAW KAYU 13 PC KODENKI,MNOHOL02,MNOHOL02,Alat tukang,PCS,,,tidak,0,0,0,0,0,0,3,3,,,1,,,,,,,,,0,0
HOLE SAW KAYU 16 PC KODENKI,MNOHOL01,MNOHOL01,Alat tukang,PCS,,,tidak,0,0,0,0,0,0,3,3,,,1,,,,,,,,,0,0
HOT PLATE STEAK BULAT SUNRISE,MSUHOT01,MSUHOT01,Rumah tangga,PCS,SUNRISE,Area 04,tidak,0,120000,0,0,0,0,0,5,,,1,,,,,,,,,0,0
HOT PLATE STEAK OVAL SUNRISE,MSUHOT03,MSUHOT03,Rumah tangga,PCS,SUNRISE,Area 04,tidak,0,110000,0,0,0,0,0,5,,,1,,,,,,,,,0,0
HOT PLATE STEAK SAPI SUNRISE,MSUHOT02,MSUHOT02,Rumah tangga,PCS,SUNRISE,Area 04,tidak,0,140000,0,0,0,0,0,5,,,1,,,,,,,,,0,0
ISI CUTTER BIASA,ISICUTR,MNOISI01,Alat tukang,PCS,,,tidak,0,3000,0,,0,0,0,5,,,1,,,,,,,,,0,0
ISI CUTTER D-150 888,MISC1588,MISC1588,Alat tukang,PAK,888,Area 03,tidak,0,6000,0,,0,0,0,3,,,1,,,,,,,,,0,0
ISI STAPLES BENZ 1016 J,MXEISI06,MXEISI06,Umum,BOX,BENZ,,tidak,0,0,0,0,0,0,1,3,,,1,,,,,,,,,0,0
ISI STAPLES MASAKI,MMAISI01,MMAISI01,Umum,PCS,MASAKI,,tidak,0,18000,0,0,0,0,13,3,,,1,,,,,,,,,0,0
ISI STAPLES PAKU TEMBAK HUBEN F15,MHUISI01,MHUISI01,Umum,BOX,HUBEN,,tidak,0,18000,0,0,0,0,6,3,,,1,,,,,,,,,0,0
ISI STAPLES PAKU TEMBAK HUBEN F20,MHUISI04,MHUISI04,Umum,BOX,HUBEN,,tidak,0,23000,0,0,0,0,6,3,,,1,,,,,,,,,0,0
ISI STAPLES PAKU TEMBAK HUBEN F25,MHUISI02,MHUISI02,Umum,BOX,HUBEN,,tidak,0,26000,0,0,0,0,6,3,,,1,,,,,,,,,0,0
ISI STAPLES PAKU TEMBAK HUBEN F30,MHUISI03,MHUISI03,Umum,BOX,HUBEN,,tidak,0,30000,0,0,0,0,6,3,,,1,,,,,,,,,0,0
ISI STAPLES XENON 1006 J,MXEISI05,MXEISI05,Umum,BOX,XENON,,tidak,0,0,0,0,0,0,2,3,,,1,,,,,,,,,0,0
ISI STAPLES XENON 1013 J,MXEISI04,MXEISI04,Umum,BOX,XENON,,tidak,0,0,0,0,0,0,1,3,,,1,,,,,,,,,0,0
ISI STAPLES XENON F20,MXEISI01,MXEISI01,Umum,BOX,XENON,,tidak,0,23000,0,0,0,0,2,3,,,1,,,,,,,,,0,0
ISI STAPLES XENON F25,MXEISI02,MXEISI02,Umum,BOX,XENON,,tidak,0,0,0,0,0,0,3,3,,,1,,,,,,,,,0,0
ISI STAPLES XENON F30,MXEISI03,MXEISI03,Umum,BOX,XENON,,tidak,0,0,0,0,0,0,1,3,,,1,,,,,,,,,0,0
ISOLASI HITAM LISTRIK 20Y NACHI,MBRISO01,MBRISO01,Listrik,PCS,BROCO,Area 05,ya,10687,12000,0,,0,12,60,5,,,1,,,,,,,,,0,0
ISOLASI KERTAS 1”,MNOISO01,MNOISO01,Umum,PCS,,Area 03,tidak,0,5000,0,0,0,0,0,5,,PCS,1,,,,,,,,,0,0
ISOLASI KERTAS 2”,MNOISO02,MNOISO02,Umum,PCS,,Area 03,tidak,0,9000,0,0,0,0,0,5,,PCS,1,,,,,,,,,0,0
ISOLASI LISTRIK NATIONAL,IS NAT HTM,MSAISO01,Umum,PCS,SAN EI,,tidak,0,10000,0,,0,0,0,3,,,1,,,,,,,,,0,0
ISOLASI NATIONAL ISCO,IS ISCO,MISISO01,Umum,PCS,ISCO,,tidak,0,9000,0,,0,0,0,3,,,1,,,,,,,,,0,0
JARUM KARUNG TOKIO 6,JARUM KR 6 TK,MTOJAR01,Umum,PCS,TOKIO,,tidak,0,40000,0,0,0,0,0,3,,,1,,,,,,,,,0,0
JAS HUJAN PLASTIK BENING,JASHUBPL,JASHUBPL,Plastik,PCS,,,ya,5500,8000,0,,0,0,12,5,,,1,,,,,,,,,0,0
JAS HUJAN PLASTIK WARNA,JASHUWPL,JASHUWPL,Plastik,PCS,,,ya,6920,9500,0,,0,0,12,5,,,1,,,,,,,,,0,0
JEMURAN HANDUK ALUMINIUM,RAKHANAL,RAKHANAL,Plastik,PCS,,,ya,175000,205000,0,,0,3,0,5,,,1,,,,,,,,,0,0
JEMURAN HANDUK PVC NAGOYA,JMHANGY,JMHANGY,Plastik,PCS,,,tidak,85000,94000,0,,0,0,0,5,,,1,,,,,,,,,0,0
JEMURAN HANDUK PVC NEXT STAR,JEHANEXT,JEHANEXT,Plastik,PCS,,,tidak,62500,70000,0,,0,0,0,5,,,1,,,,,,,,,0,0
JEPITAN PERANGKAP TIKUS,MNOJEP01,MNOJEP01,Umum,PCS,,Area 03,tidak,0,0,0,0,0,0,0,5,,PCS,1,,,,,,,,,0,0
JEPITAN TIKUS KZK,MKZJEP01,MKZJEP01,Umum,PCS,KZK,,tidak,0,9000,0,0,0,0,0,5,,PCS,1,,,,,,,,,0,0
JET CLEANER LAKONI LAGUNA 70,JETCLL70,MNOJET03,Rumah tangga,PCS,,,tidak,0,990000,0,,0,0,0,5,,,1,,,,,,,,,0,0
JET SHOWER BULAT CHROME SC-61,JS CHR SC61,MISJET01,Umum,PCS,ISCO,,tidak,0,30500,0,0,0,0,0,3,,,1,,,,,,,,,0,0
JET SHOWER BULAT PUTIH SC-60,JS PTH SC60,MISJET02,Umum,PCS,ISCO,,tidak,0,45000,0,0,0,0,0,3,,,1,,,,,,,,,0,0
JET SHOWER CHROME SKL,JS CHR,MSKJET01,Umum,PCS,SKL,,tidak,0,50000,0,0,0,0,0,3,,,1,,,,,,,,,0,0
JET SHOWER EINER CHROME,MEIJET01,MEIJET01,Umum,PCS,EINER,,tidak,0,50000,0,0,0,0,0,5,,PCS,1,,,,,,,,,0,0
JET SHOWER EINER PUTIH,MEIJET02,MEIJET02,Umum,PCS,EINER,,tidak,0,50000,0,0,0,0,0,5,,PCS,1,,,,,,,,,0,0
JET SHOWER IGM BLACK,MIGJET02,MIGJET02,Umum,PCS,IGM,,tidak,0,0,0,0,0,0,0,5,,PCS,1,,,,,,,,,0,0
JET SHOWER IGM CHROME,MIGJET01,MIGJET01,Umum,PCS,IGM,,tidak,0,0,0,0,0,0,0,5,,PCS,1,,,,,,,,,0,0
JET SHOWER IGM IS-044 BLACK,MJETSHIGM044,MNOJET01,Sanitary,PCS,,,tidak,0,130000,0,,0,0,0,5,,,1,,,,,,,,,0,0
JET SHOWER IGM IS-057 CHROME,MJETSWRIGM057,MNOJET02,Sanitary,PCS,,,tidak,0,130000,0,,0,0,0,5,,,1,,,,,,,,,0,0
JET SHOWER ONDA KUL WHITE,SWRCHJK036OND,MONJET01,Umum,PCS,ONDA,,tidak,0,101500,0,0,0,0,0,3,,,1,,,,,,,,,0,0
JET SHOWER SET SC-30 PUTIH ISCO,JS SC30,MISJET03,Umum,PCS,ISCO,,tidak,0,26000,0,0,0,0,0,3,,,1,,,,,,,,,0,0
KABEL DUCTING 100X100,KABDUC10,MNOKAB07,Listrik,PCS,,,ya,0,110000,0,,0,4,0,5,,,1,,,,,,,,,0,0
KABEL DUCTING 16X16 NISO,KABDUC16,MNOKAB01,Listrik,PCS,,,ya,0,6500,0,,0,5,9,5,,,1,,,,,,,,,0,0
KABEL DUCTING 25X25 NISO,KABDUC25,MNOKAB02,Listrik,PCS,,,ya,0,13500,0,,0,6,11,5,,,1,,,,,,,,,0,0
KABEL DUCTING 40X40 NISO,KABDUC40,MNOKAB03,Listrik,PCS,,,ya,0,30000,0,,0,6,14,5,,,1,,,,,,,,,0,0
KABEL DUCTING 50X100 NISO,KABDUC51,MNOKAB06,Listrik,PCS,,,ya,0,80000,0,,0,6,2,5,,,1,,,,,,,,,0,0
KABEL DUCTING 50X50 NISO,KABDUC50,MNOKAB04,Listrik,PCS,,,ya,0,40000,0,,0,6,10,5,,,1,,,,,,,,,0,0
KABEL DUCTING 60X60 NISO,KABDUC60,MNOKAB05,Listrik,PCS,,,ya,0,50000,0,,0,6,2,5,,,1,,,,,,,,,0,0
"KABEL ETERNA NYA 1,5 HITAM",KENYA15H,KENYA15H,Listrik,MTR,,,tidak,0,6000,0,,0,0,0,5,,ROL,50,ROL,290000,0,,,,,,0,0
"KABEL ETERNA NYA 1,5 MERAH",KENYA15M,MNOKAB10,Listrik,MTR,,,tidak,0,6000,0,,0,0,0,5,,,1,,,,,,,,,0,0
"KABEL ETERNA NYM 2 X 1,5",KABET215,MNOKAB08,Listrik,MTR,,,ya,12283,20000,0,,0,150,0,5,,ROL,50,ROL,1000000,0,,,,,,0,0
"KABEL ETERNA NYM 2 X 2,5",MKBETN25,MKBETN25,Listrik,MTR,ETERNA,Area 04,ya,17530,25000,0,,0,150,0,0,,ROL,50,ROL,1250000,0,,,,,,0,0
"KABEL ETERNA NYM 3 X 1,5",KABET315,MNOKAB09,Listrik,MTR,,,ya,15789,22000,0,,0,150,0,5,,ROL,50,ROL,1100000,0,,,,,,0,0
"KABEL ETERNA NYM 3 X 2,5",KAETN325,KAETN325,Listrik,MTR,,,ya,27368,34000,0,,0,150,0,5,,ROL,50,ROL,1700000,1575000,,,,,,0,0
"KABEL ETERNA NYMHY 2 X 0,75",ENYMHY27,ENYMHY27,Listrik,MTR,,,ya,10281,14000,0,,0,145,0,5,,ROL,50,ROL,650000,0,,,,,,0,0
KABEL ROLL GULUNG 10M LAMPU TRM,KRL10TRM,KRL10TRM,Listrik,PCS,,,ya,35773,42000,0,,0,5,0,5,,,1,,,,,,,,,0,0
KABEL ROLL GULUNG 6M GEPENG TRM,KBRL6TRM,KBRL6TRM,Listrik,PCS,,,ya,21179,25000,0,,0,5,0,5,,,1,,,,,,,,,0,0
KACAMATA GERINDA BENING,MKACGRDB,MKACGRDB,Perlengkapan Safety,PCS,,,tidak,0,7000,0,0,0,0,0,5,,,1,,,,,,,,,0,0
KACAMATA LAS AUTO GELAP XENON,KCMLASAG,MNOKAC01,Perlengkapan Safety,PCS,,,tidak,0,50000,0,,0,0,0,5,,,1,,,,,,,,,0,0
KACAMATA LAS HITAM XENON,MKCLAHTM,MKCLAHTM,Perlengkapan Safety,PCS,,,tidak,0,8000,0,0,0,0,0,5,,,1,,,,,,,,,0,0
KANEBO,MNOKAN01,MNOKAN01,Umum,PCS,,,tidak,0,15000,0,,0,0,0,5,,PCS,1,,,,,,,,,0,0
KAPASITOR BULAT 10UF ISCO,KS BLT 10,MISKAP01,Umum,PCS,ISCO,,tidak,0,16000,0,0,0,0,0,3,,,1,,,,,,,,,0,0
KAPASITOR BULAT 12UF ISCO,KS BLT 12,MISKAP02,Umum,PCS,ISCO,,tidak,0,17000,0,0,0,0,0,3,,,1,,,,,,,,,0,0
KAPASITOR BULAT 16UF ISCO,KS BLT 16,MISKAP03,Umum,PCS,ISCO,,tidak,0,15100,0,0,0,0,0,3,,,1,,,,,,,,,0,0
KAPASITOR BULAT 8UF ISCO,KS BLT 8,MISKAP04,Umum,PCS,ISCO,,tidak,0,15000,0,0,0,0,0,3,,,1,,,,,,,,,0,0
KAPSTOK BAJU 4 HOOK,MNOKAP01,MNOKAP01,Umum,PCS,,Area 03,tidak,0,45000,0,0,0,0,0,5,,PCS,1,,,,,,,,,0,0
KARET KAKI KURSI,MNOKAR01,MNOKAR01,Umum,PCS,,Area 04,tidak,0,2000,0,0,0,0,0,5,,PCS,1,,,,,,,,,0,0
KAWAT BENDRAT (PER KG),KAWBEND,MNOKAW02,Alat tukang,KLG,,,tidak,0,28000,0,,0,0,0,5,,KLG,24,,,,,,,,,0,0
KAWAT CUCI PIRING BESAR NATUNA,KWTCPKCN,KWTCPKCN,Plastik,PCS,,,ya,4000,7000,0,,0,0,4,5,,,1,,,,,,,,,0,0
KAWAT CUCI PIRING KECIL WIN,KWTCPKCW,KWTCPKCW,Plastik,PCS,,,ya,2000,3500,0,,0,0,5,5,,,1,,,,,,,,,0,0
KAWAT LAS NIKKO RD-260 2.0 1 KG,MNIKAW01,MNIKAW01,Umum,PCS,NIKKO,Area 02,tidak,0,55000,0,,0,0,0,5,,PCS,1,,,,,,,,,0,0
KAWAT LAS NIKKO RD-260 2.6 1 KG,MNIKAW02,MNIKAW02,Umum,PCS,NIKKO,Area 02,tidak,0,45000,0,,0,0,0,5,,PCS,1,,,,,,,,,0,0
KAWAT LOKET 1/2 PUTIH PATRI GRT,KWL1/2PTH GRT,MGRKAW01,Umum,MTR,GRT,,tidak,0,20000,0,0,0,0,0,3,,,1,,,,,,,,,0,0
KAWAT LOKET 1/2 PVC BLANKE,KWL1/2PVC BL,MBLKAW01,Umum,MTR,BLANKE,,tidak,0,20000,0,0,0,0,0,3,,,1,,,,,,,,,0,0
KAWAT LOKET 1/2 PVC HMI,KWL1/2PVC HMI,MHMKAW01,Umum,MTR,HMI,,tidak,0,20000,0,0,0,0,0,3,,,1,,,,,,,,,0,0
KAWAT LOKET 1/2 PVC R2B,KWL1/2PVC NI,MR2KAW01,Umum,MTR,R2B,,tidak,0,20000,0,0,0,0,0,3,,,1,,,,,,,,,0,0
KAWAT LOKET 1/4 PVC BLANKE,KWL1/4PVC BL,MBLKAW02,Umum,MTR,BLANKE,,tidak,0,25000,0,0,0,0,0,3,,,1,,,,,,,,,0,0
KAWAT SELING GALVANIS 6 MM,KWT SL GALV 6,MNOKAW01,Umum,PCS,,,tidak,0,4400000,0,0,0,0,0,3,,,1,,,,,,,,,0,0
KEBASAN SAPU KASUR,SAPKASUR,MNOKEB01,Rumah tangga,PCS,,,tidak,15000,20000,0,,0,0,0,5,,,1,,,,,,,,,0,0
KEPALA BOR 10MM 3/8”,MNOKEP02,MNOKEP02,Alat teknik,PCS,,Area 01,tidak,0,0,0,0,0,0,0,5,,PCS,1,,,,,,,,,0,0
KEPALA BOR 13MM 1/2”,MNOKEP01,MNOKEP01,Alat teknik,PCS,,Area 01,tidak,0,0,0,0,0,0,0,5,,PCS,1,,,,,,,,,0,0
KEPALA BOR 16MM,MNOKEP03,MNOKEP03,Alat teknik,PCS,,Area 01,tidak,0,0,0,0,0,0,0,5,,PCS,1,,,,,,,,,0,0
KEPALA JET SHOWER,MNOKEP04,MNOKEP04,Umum,PCS,,,tidak,0,25000,0,0,0,0,0,5,,PCS,1,,,,,,,,,0,0
KERANJANG LAUNDRY DUAL TONE PREM,MNOKER03,MNOKER03,Plastik,PCS,,,ya,44200,68000,68000,,0,1,0,3,,,1,,,,,,,,,44200,44200
KERANJANG LAUNDRY HELMUT HYPER,KRJLHEHY,MNOKER01,Plastik,PCS,,,tidak,0,60000,0,,0,0,0,5,,,1,,,,,,,,,0,0
KERANJANG LAUNDRY HYPER,MNOKER04,MNOKER04,Plastik,PCS,,,ya,52000,78000,78000,,0,2,0,3,,,1,,,,,,,,,52000,104000
KERANJANG LAUNDRY PREM,MNOKER02,MNOKER02,Plastik,PCS,,,ya,44200,68000,68000,,0,2,0,3,,,1,,,,,,,,,44200,88400
KERANJANG ROTANO PREM + TUTUP,KJGRTPRT,KJGRTPRT,Plastik,PCS,,,ya,0,35000,0,,0,0,10,5,,,1,,,,,,,,,0,0
KERANJANG SAMPAH 121 TR05 HYPER,MNOKER11,MNOKER11,Plastik,PCS,,,ya,12458,22000,22000,,0,5,0,3,,,1,,,,,,,,,12458,62290
KERANJANG SAMPAH 121 TR05 PREM,MNOKER10,MNOKER10,Plastik,PCS,,,ya,10292,18000,18000,,0,6,0,3,,,1,,,,,,,,,10292,61752
KERANJANG SAMPAH BESAR HYPER,MNOKER09,MNOKER09,Plastik,PCS,,,ya,8938,16000,16000,,0,6,0,3,,,1,,,,,,,,,8938,53628
KERANJANG SAMPAH BULAT HYPER,MNOKER07,MNOKER07,Plastik,PCS,,,ya,9209,16000,16000,,0,6,0,3,,,1,,,,,,,,,9209,55254
KERANJANG SAMPAH BULAT SUPER,MNOKER08,MNOKER08,Plastik,PCS,,,ya,4171,9000,9000,,0,6,0,3,,,1,,,,,,,,,4171,25026
KERANJANG SAMPAH TANGGUNG HYPER,MNOKER06,MNOKER06,Plastik,PCS,,,ya,8667,15000,15000,,0,6,0,3,,,1,,,,,,,,,8667,52002
KERANJANG SAMPAH TANGGUNG PREM,MNOKER05,MNOKER05,Plastik,PCS,,,ya,6500,11000,11000,,0,6,0,3,,,1,,,,,,,,,6500,39000
KERANJANG SAMPAH TR06 HYPER,MNOKER12,MNOKER12,Plastik,PCS,,,ya,13000,23000,23000,,0,6,0,3,,,1,,,,,,,,,13000,78000
KERANJANG SAMPAH TR06 PREM,MNOKER13,MNOKER13,Plastik,PCS,,,ya,10834,19000,19000,,0,6,0,3,,,1,,,,,,,,,10834,65004
KERANJANG SERBAGUNA BESAR,KERSBGBS,MNOKER16,Plastik,PCS,,,tidak,19000,24000,0,,0,0,0,5,,,1,,,,,,,,,0,0
KERANJANG SERBAGUNA KECIL,KERSBGKC,MNOKER14,Plastik,PCS,,,tidak,10100,13000,0,,0,0,0,5,,,1,,,,,,,,,0,0
KERANJANG SERBAGUNA NAMPAN,KERSBGNM,MNOKER15,Plastik,PCS,,,tidak,16900,21000,0,,0,0,0,5,,,1,,,,,,,,,0,0
KEREKAN SUMUR ECO (HIJAU) HKS002,KR SUMUR HJ,MHIKER01,Umum,PCS,HIOSHI,,tidak,0,15732,0,0,0,0,0,3,,,1,,,,,,,,,0,0
KESET BULU,KESETBL,KESETBL,Plastik,PCS,,,ya,30000,42000,0,,0,0,3,5,,,1,,,,,,,,,0,0
KESET CENDOL,KESETCND,KESETCND,Plastik,PCS,,,ya,25000,35000,0,,0,0,2,5,,,1,,,,,,,,,0,0
KESET HANDUK MOTIF,KESHANMO,KESHANMO,Plastik,PCS,,,ya,16670,25000,0,,0,7,0,5,,,1,,,,,,,,,0,0
KESET KAIN PERCA,KESKAPER,KESKAPER,Plastik,PCS,,,ya,4000,7000,0,,0,0,5,5,,,1,,,,,,,,,0,0
KESET MIKA PRINT,KESETMPR,KESETMPR,Plastik,PCS,,,ya,29000,40000,0,,0,0,3,5,,,1,,,,,,,,,0,0
"KESET SERABUT ",KESETSRB,KESETSRB,Plastik,PCS,,,ya,14000,21000,0,,0,0,3,5,,,1,,,,,,,,,0,0
KIKIR BAUT 4,MNOKIK03,MNOKIK03,Alat tukang,PCS,,,tidak,0,0,0,0,0,0,9,3,,,1,,,,,,,,,0,0
KIKIR BULAT,KKR BLT,MORKIK01,Umum,PCS,OREGON,,tidak,0,52500,0,0,0,0,0,3,,,1,,,,,,,,,0,0
"KIKIR CHAIN SAW TEKIRO 4,8 X 200",MTEKIK01,MTEKIK01,Alat teknik,PCS,TEKIRO,Area 02,ya,12900,15000,0,,0,5,0,3,,,1,,,,,,,,,0,0
KIKIR GRT 4',KKR GRT 4,MGRKIK01,Umum,PCS,GRT,,tidak,0,54625,0,0,0,0,0,3,,,1,,,,,,,,,0,0
KIKIR GRT 5',KKR GRT 5,MGRKIK02,Umum,PCS,GRT,,tidak,0,71250,0,0,0,0,0,3,,,1,,,,,,,,,0,0
"KIKIR INDIA 3,5""",KIKIN35,KIKIN35,Alat tukang,PCS,,,tidak,0,20000,0,,0,0,0,5,,,1,,,,,,,,,0,0
"KIKIR INDIA 4""",MNOKIK02,MNOKIK02,Alat tukang,PCS,,,tidak,0,20000,0,,0,0,12,3,,,1,,,,,,,,,0,0
KIKIR PEDANG 4,MNOKIK04,MNOKIK04,Alat tukang,PCS,,,tidak,0,0,0,0,0,0,11,3,,,1,,,,,,,,,0,0
"KIKIR PLAT HALUS 8"" TEKIRO",KIKPH8TK,KIKPH8TK,Alat teknik,PCS,TEKIRO,,ya,42350,48000,0,,0,2,0,5,,,1,,,,,,,,,0,0
KIKIR SEGITIGA TEKIRO 4”,MTEKIK02,MTEKIK02,Alat teknik,PCS,TEKIRO,Area 02,ya,12300,15000,0,,0,5,0,3,,,1,,,,,,,,,0,0
KIPAS ANGIN COSMOS DINDING 16-WFC,MCOKIP01,MCOKIP01,Rumah tangga,PCS,COSMOS,Area 04,tidak,251600,300000,0,,0,0,0,5,,,1,,,,,,,,,0,0
KIPAS ANGIN COSMOS MEJA 12-DSE,MCOKIP02,MCOKIP02,Rumah tangga,PCS,COSMOS,Area 04,tidak,221500,270000,0,,0,0,0,5,,,1,,,,,,,,,0,0
KIPAS ANGIN COSMOS MEJA 9-LDA,MCOKIP03,MCOKIP03,Rumah tangga,PCS,COSMOS,Area 04,tidak,171400,205000,0,,0,0,0,5,,,1,,,,,,,,,0,0
KIPAS ANGIN COSMOS STAND FAN 16-SDB,MCOKIP04,MCOKIP04,Rumah tangga,PCS,COSMOS,Area 04,tidak,238800,285000,0,,0,0,0,5,,,1,,,,,,,,,0,0
KIPAS ANGIN MASPION DINDING MWF-31 K,MNOKIP01,MNOKIP01,Rumah tangga,PCS,,Area 04,tidak,315000,375000,0,,0,0,0,5,,,1,,,,,,,,,0,0
KIPAS ANGIN MASPION DINDING MWF-37 K,MNOKIP02,MNOKIP02,Rumah tangga,PCS,,Area 04,tidak,337000,400000,0,,0,0,0,5,,,1,,,,,,,,,0,0
KIPAS ANGIN MASPION DINDING MWF-41 K,MNOKIP03,MNOKIP03,Rumah tangga,PCS,,Area 04,tidak,358500,430000,0,,0,0,0,5,,,1,,,,,,,,,0,0
KIPAS ANGIN MASPION KOTAK EX-2109 T,MNOKIP04,MNOKIP04,Rumah tangga,PCS,,Area 04,tidak,303600,340000,0,,0,0,0,5,,,1,,,,,,,,,0,0
KIPAS ANGIN MASPION MEJA EX-307,MNOKIP05,MNOKIP05,Rumah tangga,PCS,,Area 04,tidak,258000,310000,0,,0,0,0,5,,,1,,,,,,,,,0,0
KIPAS ANGIN MASPION MEJA F-23 D,MNOKIP06,MNOKIP06,Rumah tangga,PCS,,Area 04,tidak,211400,240000,0,,0,0,0,5,,,1,,,,,,,,,0,0
KIPAS ANGIN MASPION ORBIT MOF-401 P,MNOKIP07,MNOKIP07,Rumah tangga,PCS,,Area 04,tidak,485500,530000,0,,0,0,0,5,,,1,,,,,,,,,0,0
KIPAS ANGIN MIYAKO DINDING KAW-1662 GB,MMIKIP01,MMIKIP01,Rumah tangga,PCS,MIYAKO,Area 04,tidak,242200,285000,0,,0,0,0,5,,,1,,,,,,,,,0,0
KIPAS ANGIN MIYAKO MEJA KAD-1227 PL,MMIKIP02,MMIKIP02,Rumah tangga,PCS,MIYAKO,Area 04,tidak,197300,230000,0,,0,0,0,5,,,1,,,,,,,,,0,0
KIPAS ANGIN MIYAKO MEJA KAD-927 BPL,MMIKIP03,MMIKIP03,Rumah tangga,PCS,MIYAKO,Area 04,tidak,151500,182000,0,,0,0,0,5,,,1,,,,,,,,,0,0
KIPAS ANGIN MIYAKO STAND FAN KAS-1607 PL,MMIKIP04,MMIKIP04,Rumah tangga,PCS,MIYAKO,Area 04,tidak,224000,270000,0,,0,0,0,5,,,1,,,,,,,,,0,0
KLEM 1” JAYA,MJAKLE03,MJAKLE03,Umum,PCS,JAYA,Area 03,tidak,0,2000,0,,0,0,850,5,,PCS,1,,,,,,,,,0,0
KLEM AW 1/2” JAYA,MJAKLE01,MJAKLE01,Umum,PCS,JAYA,Area 03,tidak,0,1000,0,,0,0,1300,5,,PCS,1,,,,,,,,,0,0
KLEM AW 3/4” JAYA,MJAKLE02,MJAKLE02,Umum,PCS,JAYA,Area 03,ya,0,1500,0,,0,0,1093,5,,PCS,1,,,,,,,,,0,0
KLEM F TEKIRO 12”,MTEKLE02,MTEKLE02,Umum,PCS,TEKIRO,Area 02,ya,149500,240000,0,,0,1,0,5,,PCS,1,,,,,,,,,0,0
KLEM F TEKIRO 6”,MTEKLE01,MTEKLE01,Umum,PCS,TEKIRO,Area 02,ya,143750,165000,0,,0,1,0,5,,PCS,1,,,,,,,,,0,0
KLEM SELANG STAINLESS 1/2,KLSLSS12,MNOKLE03,Rumah tangga,PCS,,,tidak,0,600,0,,0,0,0,5,,BOX,100,BOX,60000,0,,,,,,0,0
KLEM SELANG STAINLESS 1/2 (5 PCS),KLSLSS12-PAKET,MNOKLE04,Rumah tangga,BKS,,,tidak,0,10000,0,,0,0,0,5,,,1,,,,,2995,5,FIXED_RATIO,PCS,0,0
"KLEM SELANG STAINLESS 3/4 ",KLSLSS34,MNOKLE01,Rumah tangga,PCS,,,tidak,0,600,0,,0,0,0,5,,BOX,100,BOX,60000,0,,,,,,0,0
KLEM SELANG STAINLESS 3/4 (5 PCS),KLSLSS34-PAKET,MNOKLE02,Rumah tangga,BKS,,,tidak,0,10000,0,,0,0,0,5,,,1,,,,,2991,5,FIXED_RATIO,PCS,0,0
KNEE DRAT DALAM 1/2 X 3/4 KUNINGAN,MKNEEDD01,MNOKNE01,Sanitary,PCS,,,tidak,0,9000,0,,0,0,0,5,,,1,,,,,,,,,0,0
KNEE DRAT DALAM 3/4 KUNINGAN,KNDDPL34,MNOKNE02,Sanitary,PCS,,,tidak,0,6000,0,,0,0,0,5,,,1,,,,,,,,,0,0
KNEE TS 1” JAYA,MJAKNE03,MJAKNE03,Umum,PCS,JAYA,Area 03,ya,0,6000,0,0,0,0,225,5,,PCS,1,,,,,,,,,0,0
KNEE TS 1/2” JAYA,MJAKNE01,MJAKNE01,Umum,PCS,JAYA,Area 03,ya,0,3000,0,0,0,0,1849,5,,PCS,1,,,,,,,,,0,0
KNEE TS 3/4” JAYA,MJAKNE02,MJAKNE02,Umum,PCS,JAYA,Area 03,ya,0,3500,0,0,0,0,192,5,,PCS,1,,,,,,,,,0,0
KOMPOR COR SUNRISE SR 30 AUTO,MSUKOM01,MSUKOM01,Rumah tangga,PCS,SUNRISE,Area 04,tidak,0,390000,0,0,0,0,0,5,,,1,,,,,,,,,0,0
KOMPOR COR SUNRISE SR 40 AUTO,MSUKOM02,MSUKOM02,Rumah tangga,PCS,SUNRISE,Area 04,tidak,0,390000,0,0,0,0,0,5,,,1,,,,,,,,,0,0
KOMPOR JOS KMA 202 SUNRISE,MSUKOM03,MSUKOM03,Rumah tangga,PCS,SUNRISE,Area 04,tidak,0,100000,0,0,0,0,0,5,,,1,,,,,,,,,0,0
KOMPOR JOS KMA 203 SUNRISE,MSUKOM04,MSUKOM04,Rumah tangga,PCS,SUNRISE,Area 04,tidak,0,110000,0,0,0,0,0,5,,,1,,,,,,,,,0,0
KOMPOR JOS KMA 768 SUNRISE,MSUKOM05,MSUKOM05,Rumah tangga,PCS,SUNRISE,Area 04,tidak,0,130000,0,0,0,0,0,5,,,1,,,,,,,,,0,0
KOMPOR MAWAR SUNRISE SR 30 SL,MSUKOM09,MSUKOM09,Rumah tangga,PCS,SUNRISE,Area 04,tidak,0,540000,0,0,0,0,0,5,,,1,,,,,,,,,0,0
KOMPOR MAWAR SUNRISE SR 305 AUTO,MSUKOM11,MSUKOM11,Rumah tangga,PCS,SUNRISE,Area 04,tidak,0,280000,0,0,0,0,0,5,,,1,,,,,,,,,0,0
KOMPOR MAWAR SUNRISE SR 5E AUTO,MSUKOM10,MSUKOM10,Rumah tangga,PCS,SUNRISE,Area 04,tidak,0,470000,0,0,0,0,0,5,,,1,,,,,,,,,0,0
KOMPOR MIYAKO 2 TUNGKU KG-302C,MMIKOM01,MMIKOM01,Rumah tangga,PCS,MIYAKO,Area 04,tidak,272200,320000,0,,0,0,0,5,,,1,,,,,,,,,0,0
KOMPOR RINNAI 1 TUNGKU RI-201S,MRIKOM01,MRIKOM01,Rumah tangga,PCS,RINNAI,Area 04,tidak,173100,200000,0,,0,0,0,5,,,1,,,,,,,,,0,0
KOMPOR RINNAI 1 TUNGKU RI-511C,MRIKOM02,MRIKOM02,Rumah tangga,PCS,RINNAI,Area 04,tidak,200600,225000,0,,0,0,0,5,,,1,,,,,,,,,0,0
KOMPOR RINNAI 2 TUNGKU RI-522C,MRIKOM03,MRIKOM03,Rumah tangga,PCS,RINNAI,Area 04,tidak,348700,415000,0,,0,0,0,5,,,1,,,,,,,,,0,0
KOMPOR RINNAI 2 TUNGKU RI-522E,MRIKOM04,MRIKOM04,Rumah tangga,PCS,RINNAI,Area 04,tidak,390300,450000,0,,0,0,0,5,,,1,,,,,,,,,0,0
KOMPOR RINNAI 2 TUNGKU RI-712A,MRIKOM05,MRIKOM05,Rumah tangga,PCS,RINNAI,Area 04,tidak,566000,625000,0,,0,0,0,5,,,1,,,,,,,,,0,0
KOMPOR RINNAI 2 TUNGKU RI-712BGX,MRIKOM06,MRIKOM06,Rumah tangga,PCS,RINNAI,Area 04,tidak,617500,700000,0,,0,0,0,5,,,1,,,,,,,,,0,0
KOMPOR RINNAI 2 TUNGKU RI-712T,MRIKOM07,MRIKOM07,Rumah tangga,PCS,RINNAI,Area 04,tidak,639100,720000,0,,0,0,0,5,,,1,,,,,,,,,0,0
KOMPOR SUNRISE SR 12 E,MSUKOM06,MSUKOM06,Rumah tangga,PCS,SUNRISE,Area 04,tidak,0,1150000,0,0,0,0,0,5,,,1,,,,,,,,,0,0
KOMPOR SUNRISE SR 30 SL,MSUKOM07,MSUKOM07,Rumah tangga,PCS,SUNRISE,Area 04,tidak,0,540000,0,0,0,0,0,5,,,1,,,,,,,,,0,0
KOMPOR SUNRISE SR 5 E,MSUKOM08,MSUKOM08,Rumah tangga,PCS,SUNRISE,Area 04,tidak,0,380000,0,0,0,0,0,5,,,1,,,,,,,,,0,0
KONEKTOR KABEL LAS FEMALE 10-25 LAZARO,MLAKON01,MLAKON01,Alat teknik,PCS,LAZARO,Area 02,tidak,0,10000,0,,0,0,0,5,,,1,,,,,,,,,0,0
KONEKTOR KABEL LAS MALE 10-25 LAZARO,MLAKON02,MLAKON02,Alat teknik,PCS,LAZARO,Area 02,tidak,0,10000,0,,0,0,0,5,,,1,,,,,,,,,0,0
KONEKTOR KABEL LAS MALE 35-50 LAZARO,MLAKON03,MLAKON03,Alat teknik,PCS,LAZARO,Area 02,tidak,0,20000,0,,0,0,0,5,,,1,,,,,,,,,0,0
KONEKTOR KABEL LAS MALE 50-70 LAZARO,MLAKON04,MLAKON04,Alat teknik,PCS,LAZARO,Area 02,tidak,0,30000,0,,0,0,0,5,,,1,,,,,,,,,0,0
KONEKTOR LED STRIP HUBEN 8MM,KONLEDSH,MNOKON01,Listrik,PCS,,,ya,0,5000,0,,0,100,0,5,,BOX,100,,,,,,,,,0,0
KONTRA GEPENG STD 344 LN BROCO,MBRKON01,MBRKON01,Listrik,PCS,BROCO,Area 05,tidak,0,0,0,0,0,0,0,5,,,1,,,,,,,,,0,0
KOP KACA 1 HEAD PRESSURE GAUGE HASSTON 2200-011,MHAKOP01,MHAKOP01,Alat teknik,PCS,HASSTON,Area 02,tidak,218500,250000,0,,0,0,0,5,,,1,,,,,,,,,0,0
KRAN ANGIN KOMPRESOR 1/4 HATO,KRKMHATO,KRKMHATO,Alat teknik,PCS,,,tidak,0,16000,0,,0,0,0,5,,,1,,,,,,,,,0,0
"KRAN ANGIN KOMPRESOR 1/4"" HASSTON 3950-103",MHAKRA02,MHAKRA02,Alat teknik,PCS,HASSTON,Area 02,tidak,0,35000,0,0,0,0,0,5,,,1,,,,,,,,,0,0
"KRAN ANGIN KOMPRESOR 3/8"" HASSTON 3950-102",MHAKRA01,MHAKRA01,Alat teknik,PCS,HASSTON,Area 02,tidak,0,35000,0,0,0,0,0,5,,,1,,,,,,,,,0,0
KRAN ANGSA FLEXIBEL MEJA WF2035 ISCO,KR FLEX WF2035,MISKRA07,Umum,PCS,ISCO,,tidak,0,50000,0,0,0,0,0,3,,,1,,,,,,,,,0,0
KRAN ANGSA FLEXIBEL SKL,KR ANG FL,MSKKRA01,Umum,PCS,SKL,,tidak,0,68364.32,0,0,0,0,0,3,,,1,,,,,,,,,0,0
KRAN ANGSA FLEXIBEL ULIR SKL,KR ANG FLUL,MSKKRA02,Umum,PCS,SKL,,tidak,0,68364.32,0,0,0,0,0,3,,,1,,,,,,,,,0,0
KRAN ANGSA FLEXIBLE 977 EXECUTIVE 1/2,KR ANGEXE01,MEXKRA01,Umum,PCS,EXECUTIVE,,tidak,0,74272.8,0,0,0,0,0,3,,,1,,,,,,,,,0,0
"KRAN ANGSA FLEXIBLE EINER ",MKRGFLEI,MKRGFLEI,Sanitary,PCS,,,tidak,0,90000,0,0,0,0,0,5,,,1,,,,,,,,,0,0
KRAN ANGSA FLEXIBLE S/S ISCO WF501,KR FLEX WF501,MISKRA09,Umum,PCS,ISCO,,tidak,0,75000,0,0,0,0,0,3,,,1,,,,,,,,,0,0
KRAN ANGSA FLEXIBLE WARNA,MKRFLWR,MNOKRA13,Sanitary,PCS,,,tidak,0,70000,0,,0,0,0,5,,,1,,,,,,,,,0,0
KRAN ANGSA FLEXIBLE WF2037 ISCO,KR FLEX WF2037,MISKRA08,Umum,PCS,ISCO,,tidak,0,40000,0,0,0,0,0,3,,,1,,,,,,,,,0,0
KRAN ANGSA JOPEX,MKRAGSJP,MKRAGSJP,Sanitary,PCS,,,tidak,0,140000,0,0,0,0,0,5,,,1,,,,,,,,,0,0
KRAN ANGSA PATEN 976 EXECUTIVE 1/2,KR ANGPT01,MEXKRA02,Umum,PCS,EXECUTIVE,,tidak,0,33636.41,0,0,0,0,0,3,,,1,,,,,,,,,0,0
KRAN ANGSA PVC CAB WARNA,MKRACABW,MKRACABW,Sanitary,PCS,,,tidak,0,20000,0,,0,0,0,5,,,1,,,,,,,,,0,0
KRAN ANGSA PVC ISCO,KR ANGPVC ISCO,MISKRA01,Umum,PCS,ISCO,,tidak,0,22500,0,0,0,0,0,3,,,1,,,,,,,,,0,0
KRAN ANGSA PVC SOLIGEN W2,KRASOLW2,MNOKRA06,Sanitary,PCS,,,tidak,0,55000,0,,0,0,0,5,,,1,,,,,,,,,0,0
KRAN CABANG CAMEL,KRCABCML,MNOKRA07,Sanitary,PCS,,,tidak,0,35000,0,,0,0,0,5,,,1,,,,,,,,,0,0
KRAN CABANG IGM IK-058,MIGKRA04,MIGKRA04,Umum,PCS,IGM,,tidak,0,185000,0,0,0,0,0,5,,PCS,1,,,,,,,,,0,0
KRAN CABANG ONDA K 406 CTG 1/2,MXRSTK406COND,MONKRA14,Umum,PCS,ONDA,,tidak,0,178500,0,0,0,0,0,3,,,1,,,,,,,,,0,0
"KRAN CABANG ONDA K-TUL 1/2""",ACSCHKTU12OND,MONKRA13,Umum,PCS,ONDA,,tidak,0,110000,0,0,0,0,0,3,,,1,,,,,,,,,0,0
KRAN CABANG SPOT,KRCABSP,MNOKRA12,Sanitary,PCS,,,ya,0,50000,0,,0,3,6,5,,,1,,,,,,,,,0,0
KRAN CABANG/DOUBLE ISCO S/S WD 201,KR CBNG WD201,MISKRA06,Umum,PCS,ISCO,,tidak,0,28500,0,0,0,0,0,3,,,1,,,,,,,,,0,0
KRAN CHROME BALING WT1039 / KRAN TEMBOK,KR TGK WT1039,MISKRA14,Umum,PCS,ISCO,,tidak,0,20000,0,0,0,0,0,3,,,1,,,,,,,,,0,0
"KRAN DAPUR ONDA V 637 T 1/2""",STPKNV637TOND,MONKRA09,Umum,PCS,ONDA,,tidak,0,97000,0,0,0,0,0,3,,,1,,,,,,,,,0,0
"KRAN DAPUR TANAM ONDA V-SUS 1/2""",KRNSTVSU12OND,MONKRA11,Umum,PCS,ONDA,,tidak,0,179500,0,0,0,0,0,3,,,1,,,,,,,,,0,0
KRAN DAPUR TANAM ONDA V-SUS FLEXIBEL 1/2,KRNSTFLTANOND,MNOKRA01,Umum,PCS,,,tidak,0,225000,0,0,0,0,0,3,,,1,,,,,,,,,0,0
KRAN DAPUR TANAM V-TUL FLEXI ONDA,KRNBSTBK 12OND,MONKRA07,Umum,PCS,ONDA,,tidak,0,187000,0,0,0,0,0,3,,,1,,,,,,,,,0,0
"KRAN DAPUR TEMBOK ONDA V-SUS FLEXI 1/2""",KRNSTFL TEMOND,MONKRA08,Umum,PCS,ONDA,,tidak,0,251000,0,0,0,0,0,3,,,1,,,,,,,,,0,0
KRAN DAPUR TEMBOK ONDA V-TUL FLEXIBEL,KRNBSTNM12OND,MONKRA10,Umum,PCS,ONDA,,tidak,0,187000,0,0,0,0,0,3,,,1,,,,,,,,,0,0
KRAN DISPENSER DORONG BIRU,KRDISDRB,MNOKRA09,Rumah tangga,PCS,,,ya,0,15000,0,,0,5,4,5,,,1,,,,,,,,,0,0
KRAN DISPENSER DORONG MERAH,KRDISDRM,MNOKRA08,Rumah tangga,PCS,,,ya,0,15000,0,,0,6,4,5,,,1,,,,,,,,,0,0
KRAN DISPENSER PENCET BIRU,KRDISPNB,MNOKRA11,Rumah tangga,PCS,,,ya,0,15000,0,,0,6,4,5,,,1,,,,,,,,,0,0
KRAN DISPENSER PENCET MERAH,KRDISPNM,MNOKRA10,Rumah tangga,PCS,,,ya,0,15000,0,,0,6,4,5,,,1,,,,,,,,,0,0
KRAN DOUBLE BALING WD1039 / KRAN CABANG ISCO,KR CBNG WD1039,MISKRA02,Umum,PCS,ISCO,,tidak,0,32500,0,0,0,0,0,3,,,1,,,,,,,,,0,0
KRAN DOUBLE BALING WD1139 / KRAN CABANG ISCO,KR CBNG WD1139,MISKRA05,Umum,PCS,ISCO,,tidak,0,27500,0,0,0,0,0,3,,,1,,,,,,,,,0,0
KRAN DOUBLE ENGKOL WD1131 / KRAN CABANG ISCO,KR CBNG WD1131,MISKRA03,Umum,PCS,ISCO,,tidak,0,26000,0,0,0,0,0,3,,,1,,,,,,,,,0,0
KRAN DOUBLE ENGKOL WD1135 / KRAN CABANG ISCO,KR CBNG WD1135,MISKRA04,Umum,PCS,ISCO,,tidak,0,31500,0,0,0,0,0,3,,,1,,,,,,,,,0,0
KRAN INJAK PEDAL BULAT / PJG,KR INJAK,MHIKRA03,Umum,PCS,HIOSHI,,tidak,0,210000,0,0,0,0,0,3,,,1,,,,,,,,,0,0
KRAN ISCO 1/2 8005,MKRIS01,MNOKRA04,Sanitary,PCS,,,tidak,0,8000,0,0,0,0,0,5,,,1,,,,,,,,,0,0
KRAN ISCO 3/4 8005,MKRIS02,MNOKRA05,Sanitary,PCS,,,tidak,0,9000,0,0,0,0,0,5,,,1,,,,,,,,,0,0
KRAN JOPEX 1/2,MKRJPX01,MKRJPX01,Sanitary,PCS,,,tidak,0,45000,0,,0,0,0,5,,,1,,,,,,,,,0,0
KRAN JOPEX 3/4,MJOKRA01,MJOKRA01,Umum,PCS,JOPEX,,tidak,0,65000,0,,0,0,0,5,,PCS,1,,,,,,,,,0,0
KRAN JOPX 3/4,MKRJPX02,MKRJPX02,Sanitary,PCS,,,tidak,0,58000,0,0,0,0,0,5,,,1,,,,,,,,,0,0
KRAN MEJA FLEXIBLE WARNA WF5020 ISCO,KR MJ WF5020,MISKRA10,Umum,PCS,ISCO,,tidak,0,65000,0,0,0,0,0,3,,,1,,,,,,,,,0,0
"KRAN MIXER ONDA BATH-TUL 1/2""",MXRSTBT121OND,MONKRA15,Sanitary,PCS,ONDA,,tidak,0,616000,0,0,0,0,0,3,,,1,,,,,,,,,0,0
KRAN MODEL ONDA 1/2,KRMDLON1,MNOKRA02,Sanitary,PCS,,,tidak,0,12000,0,,0,0,0,5,,,1,,,,,,,,,0,0
KRAN MODEL ONDA 3/4,KRMDLON2,MNOKRA03,Sanitary,PCS,,,tidak,0,13000,0,,0,0,0,5,,,1,,,,,,,,,0,0
KRAN PANAS DINGIN WHC6701 ISCO,KR PD WHC6701,MISKRA11,Umum,PCS,ISCO,,tidak,0,140000,0,0,0,0,0,3,,,1,,,,,,,,,0,0
KRAN PLASTIK HD 1/2,KR 1/2 HD,MHIKRA01,Umum,PCS,HIOSHI,,tidak,0,92500,0,0,0,0,0,3,,,1,,,,,,,,,0,0
KRAN PVC 1/2 HK HIOSHI,KR HK 1/2 HS,MHIKRA02,Umum,PCS,HIOSHI,,tidak,0,110124,0,0,0,0,0,3,,,1,,,,,,,,,0,0
KRAN PVC 1/2 SINLOG,MSIKRA01,MSIKRA01,Umum,PCS,SINLOG,Area 03,tidak,0,20000,0,,0,0,0,5,,PCS,1,,,,,,,,,0,0
KRAN PVC 1/2' (TEMBOK),KR PVC 1/2,MHIKRA04,Umum,PCS,HIOSHI,,tidak,0,109250,0,0,0,0,0,3,,,1,,,,,,,,,0,0
KRAN PVC 3/4 SINLOG,MSIKRA02,MSIKRA02,Umum,PCS,SINLOG,Area 03,tidak,0,25000,0,,0,0,0,5,,PCS,1,,,,,,,,,0,0
KRAN PVC 3/4' (TEMBOK),KR PVC 3/4,MHIKRA05,Umum,PCS,HIOSHI,,tidak,0,114000,0,0,0,0,0,3,,,1,,,,,,,,,0,0
KRAN PVC TAMAN OWNER TOPI,KRTMN OWN,MOWKRA01,Umum,PCS,OWNER,,tidak,0,50473.5,0,0,0,0,0,3,,,1,,,,,,,,,0,0
KRAN SHOWER A 1/2 946 EXECUTIVE,KR SH01,MEXKRA03,Umum,PCS,EXECUTIVE,,tidak,0,35000,0,0,0,0,0,3,,,1,,,,,,,,,0,0
KRAN SHOWER A WSL 1001,KR SH WSL1001,MISKRA12,Umum,PCS,ISCO,,tidak,0,11000,0,0,0,0,0,3,,,1,,,,,,,,,0,0
KRAN SHOWER ISCO WST2001,KR SH WST2001,MISKRA13,Umum,PCS,ISCO,,tidak,0,13000,0,0,0,0,0,3,,,1,,,,,,,,,0,0
KRAN TAMAN / KRAN TEMBOK WT101 SS304 ISCO,KR TMN WT101,MISKRA18,Umum,PCS,ISCO,,tidak,0,19000,0,0,0,0,0,3,,,1,,,,,,,,,0,0
KRAN TAMAN ABS 1/2 SS 8005,KRTMN 1/2 8005,MISKRA19,Umum,PCS,ISCO,,tidak,0,33500,0,0,0,0,0,3,,,1,,,,,,,,,0,0
KRAN TAMAN ABS 1/2 SS 8117 ISCO,KRTMN 1/2 8117,MISKRA20,Umum,PCS,ISCO,,tidak,0,9500,0,0,0,0,0,3,,,1,,,,,,,,,0,0
KRAN TAMAN ABS 3/4 SS 8005,KRTMN 3/4 8005,MISKRA21,Umum,PCS,ISCO,,tidak,0,36000,0,0,0,0,0,3,,,1,,,,,,,,,0,0
"KRAN TAMAN ABS WARNA 1/2"" ISCO",KR TMN ABS 1/2,MISKRA16,Umum,PCS,ISCO,,tidak,0,7500,0,0,0,0,0,3,,,1,,,,,,,,,0,0
"KRAN TAMAN ABS WARNA 3/4"" ISCO",KR TMN ABS 3/4,MISKRA17,Umum,PCS,ISCO,,tidak,0,7500,0,0,0,0,0,3,,,1,,,,,,,,,0,0
KRAN TAMAN AMICO 1/2,MAMKRA01,MAMKRA01,Umum,PCS,AMICO,,tidak,0,25000,0,0,0,0,0,5,,PCS,1,,,,,,,,,0,0
KRAN TAMAN AMICO 3/4,MAMKRA02,MAMKRA02,Umum,PCS,AMICO,,tidak,0,27000,0,0,0,0,0,5,,PCS,1,,,,,,,,,0,0
KRAN TAMAN JEMPOL CC80 ISCO,KR TMN CC80 ISCO,MISKRA22,Umum,PCS,ISCO,,tidak,0,37500,0,0,0,0,0,3,,,1,,,,,,,,,0,0
KRAN TAMAN JEMPOL HPP,MKRJEMHP,MKRJEMHP,Sanitary,PCS,,,tidak,0,8000,0,,0,0,0,5,,,1,,,,,,,,,0,0
KRAN TAMAN KUNINGAN PANJANG 3/4,KR TMN KNG 3/4,MNIKRA01,Umum,PCS,NICHIE,,tidak,0,25000,0,0,0,0,0,3,,,1,,,,,,,,,0,0
KRAN TAMAN PVC 1/2 8005 YUSTAR,KR TMN 1/2 YS,MYUKRA01,Umum,PCS,YUSTAR,,tidak,0,32307.6,0,0,0,0,0,3,,,1,,,,,,,,,0,0
KRAN TAMAN PVC 1/2 9005 YUSTAR,KR TMN 1/2 YS 9005,MYUKRA02,Umum,PCS,YUSTAR,,tidak,0,32307.6,0,0,0,0,0,3,,,1,,,,,,,,,0,0
KRAN TAMAN SOLIGEN 1/2,MSOKRA01,MSOKRA01,Umum,PCS,SOLIGEN,,tidak,0,25000,0,0,0,0,0,5,,PCS,1,,,,,,,,,0,0
KRAN TAMAN SOLIGEN 3/4,MSOKRA02,MSOKRA02,Umum,PCS,SOLIGEN,,tidak,0,27000,0,0,0,0,0,5,,PCS,1,,,,,,,,,0,0
KRAN TAMAN TRANSPARANT 206 ISCO,KR TMN 206,MISKRA15,Umum,PCS,ISCO,,tidak,0,45000,0,0,0,0,0,3,,,1,,,,,,,,,0,0
KRAN TAMAN TWO WAY TRANSPARAN GRT,KR TMN GRT,MGRKRA01,Sanitary,PCS,GRT,,tidak,0,8000,0,,0,0,0,3,,,1,,,,,,,,,0,0
KRAN TEMBOK 1/2 927 EXECUTIVE,KR TB01,MEXKRA04,Umum,PCS,EXECUTIVE,,tidak,0,20454.55,0,0,0,0,0,3,,,1,,,,,,,,,0,0
KRAN TEMBOK 3/4 927 EXECUTIVE,KR TB02,MEXKRA05,Umum,PCS,EXECUTIVE,,tidak,0,20909.09,0,0,0,0,0,3,,,1,,,,,,,,,0,0
KRAN TEMBOK BC 1/2 ONDA,BC ONDA 1/2,MONKRA01,Umum,PCS,ONDA,,tidak,0,37500,0,0,0,0,0,3,,,1,,,,,,,,,0,0
KRAN TEMBOK BC 3/4 ONDA,BC ONDA 3/4 NEW,MONKRA03,Umum,PCS,ONDA,,tidak,0,74000,0,0,0,0,0,3,,,1,,,,,,,,,0,0
KRAN TEMBOK BL 3/4 ONDA,BL ONDA 3/4 NEW,MONKRA02,Umum,PCS,ONDA,,tidak,0,53000,0,0,0,0,0,3,,,1,,,,,,,,,0,0
KRAN TEMBOK IGM IK-058,MIGKRA03,MIGKRA03,Sanitary,PCS,IGM,Area 03,tidak,0,0,0,0,0,0,0,5,,PCS,1,,,,,,,,,0,0
KRAN TEMBOK IGM IK-059,MIGKRA02,MIGKRA02,Umum,PCS,IGM,,tidak,0,110000,0,0,0,0,0,5,,PCS,1,,,,,,,,,0,0
KRAN TEMBOK ONDA A 801 T 1/2,A801 T ONDA 1/2,MONKRA04,Umum,PCS,ONDA,,tidak,0,77000,0,0,0,0,0,3,,,1,,,,,,,,,0,0
KRAN TEMBOK ONDA A-SUS 1/2,A SUS ONDA 1/2,MONKRA06,Umum,PCS,ONDA,,tidak,0,108000,0,0,0,0,0,3,,,1,,,,,,,,,0,0
KRAN TEMBOK ONDA CLS 02 1/2,CLS 02 ONDA 1/2,MONKRA05,Umum,PCS,ONDA,,tidak,0,79500,0,0,0,0,0,3,,,1,,,,,,,,,0,0
KRAN TEMBOK PVC WILMER HIT,MKRPVWIL,MKRPVWIL,Sanitary,PCS,,,tidak,0,13000,0,,0,0,0,5,,,1,,,,,,,,,0,0
KRAN TIMAH 1/2 SINLOG,MSIKRA03,MSIKRA03,Umum,PCS,SINLOG,Area 03,tidak,0,30000,0,,0,0,0,5,,PCS,1,,,,,,,,,0,0
KRAN TIMAH 3/4 SINLOG,MSIKRA04,MSIKRA04,Umum,PCS,SINLOG,Area 03,tidak,0,35000,0,,0,0,0,5,,PCS,1,,,,,,,,,0,0
KRAN TWO WAY MDN 1007,MKRTWMDN,MKRTWMDN,Sanitary,PCS,,,tidak,0,14000,0,0,0,0,0,5,,,1,,,,,,,,,0,0
KRAN WASTAFEL 933 EXECUTIVE,KR WT933,MEXKRA06,Umum,PCS,EXECUTIVE,,tidak,0,31454.54,0,0,0,0,0,3,,,1,,,,,,,,,0,0
KRAN WASTAFEL ABS IGM IK-050,KR WTIGM IK050,MIGKRA01,Umum,PCS,IGM,,tidak,0,14090.91,0,0,0,0,0,3,,,1,,,,,,,,,0,0
"KRAN WASTAFEL ONDA Y 321 C 1/2""",BSTCHY321COND,MONKRA12,Umum,PCS,ONDA,,tidak,0,184000,0,0,0,0,0,3,,,1,,,,,,,,,0,0
KUAS 1/2”,MNOKUA02,MNOKUA02,Umum,PCS,,Area 03,tidak,0,2500,0,0,0,0,0,5,,PCS,1,,,,,,,,,0,0
KUAS 3/4”,MNOKUA03,MNOKUA03,Umum,PCS,,Area 03,tidak,0,2500,0,0,0,0,0,5,,PCS,1,,,,,,,,,0,0
"KUAS CAT 1.5"" 633",KUAS 1.5,MGRKUA02,Umum,PCS,GRT,,tidak,0,3000,0,0,0,0,0,3,,,1,,,,,,,,,0,0
"KUAS CAT 1"" 633",KUAS 1,MGRKUA01,Umum,PCS,GRT,,tidak,0,2500,0,0,0,0,0,3,,,1,,,,,,,,,0,0
"KUAS CAT 2.5"" 633",KUAS 2.5,MGRKUA04,Umum,PCS,GRT,,tidak,0,4500,0,0,0,0,0,3,,,1,,,,,,,,,0,0
"KUAS CAT 2.5"" PROFIX",KUAS 2.5 PRO,MPRKUA01,Umum,PCS,PROFIX,,tidak,0,26250,0,0,0,0,0,3,,,1,,,,,,,,,0,0
"KUAS CAT 2"" 633",KUAS 2,MGRKUA03,Umum,PCS,GRT,,tidak,0,3500,0,0,0,0,0,3,,,1,,,,,,,,,0,0
"KUAS CAT 3"" 633",KUAS 3,MGRKUA05,Umum,PCS,GRT,,tidak,0,5500,0,0,0,0,0,3,,,1,,,,,,,,,0,0
"KUAS CAT 3"" PROFIX",KUAS 3 PRO,MPRKUA02,Umum,PCS,PROFIX,,tidak,0,31500,0,0,0,0,0,3,,,1,,,,,,,,,0,0
"KUAS CAT 4"" 633",KUAS 4,MPRKUA03,Umum,PCS,PROFIX,,tidak,0,7500,0,0,0,0,0,3,,,1,,,,,,,,,0,0
"KUAS CAT 5"" 633",KUAS 5,MPRKUA04,Umum,PCS,PROFIX,,tidak,0,10000,0,0,0,0,0,3,,,1,,,,,,,,,0,0
"KUAS CAT PUTIH 1,5"" HMV",KUAS 1.5 HMV,MHUKUA01,Umum,PCS,HUMVEE,,tidak,0,16740,0,0,0,0,0,3,,,1,,,,,,,,,0,0
"KUAS CAT PUTIH 1,5"" LEON",KUAS 1.5 LEON,MLEKUA02,Umum,PCS,LEON,,tidak,0,14250,0,0,0,0,0,3,,,1,,,,,,,,,0,0
"KUAS CAT PUTIH 1"" HMV",KUAS 1 HMV,MHMKUA01,Umum,PCS,HMV,,tidak,0,11160,0,0,0,0,0,3,,,1,,,,,,,,,0,0
"KUAS CAT PUTIH 1"" LEON",KUAS 1 LEON,MLEKUA01,Umum,PCS,LEON,,tidak,0,9500,0,0,0,0,0,3,,,1,,,,,,,,,0,0
"KUAS CAT PUTIH 2,5"" HMV",KUAS 2.5 HMV,MHUKUA02,Umum,PCS,HUMVEE,,tidak,0,27900,0,0,0,0,0,3,,,1,,,,,,,,,0,0
"KUAS CAT PUTIH 2"" LEON",KUAS 2 LEON,MLEKUA03,Umum,PCS,LEON,,tidak,0,21000,0,0,0,0,0,3,,,1,,,,,,,,,0,0
"KUAS CAT PUTIH 3"" LEON",KUAS 3 LEON,MLEKUA04,Umum,PCS,LEON,,tidak,0,31500,0,0,0,0,0,3,,,1,,,,,,,,,0,0
"KUAS CAT PUTIH 4"" HMV",KUAS 4 HMV,MHUKUA03,Umum,PCS,HUMVEE,,tidak,0,40500,0,0,0,0,0,3,,,1,,,,,,,,,0,0
"KUAS CAT PUTIH 5"" HMV",KUAS 5 HMV,MHUKUA04,Umum,PCS,HUMVEE,,tidak,0,50000,0,0,0,0,0,3,,,1,,,,,,,,,0,0
"KUAS CAT PUTIH 5"" LEON",KUAS 5 LEON,MLEKUA05,Umum,PCS,LEON,,tidak,0,57500,0,0,0,0,0,3,,,1,,,,,,,,,0,0
"KUAS ETERNA 1,5""",MKUAETR2,MKUAETR2,Alat tukang,PCS,,,tidak,0,8000,0,0,0,0,0,5,,,1,,,,,,,,,0,0
"KUAS ETERNA 1""",MKUAETR1,MKUAETR1,Alat tukang,PCS,,,tidak,0,5000,0,0,0,0,0,5,,,1,,,,,,,,,0,0
"KUAS ETERNA 2,5""",MKUAETR4,MKUAETR4,Alat tukang,PCS,,,tidak,0,15000,0,0,0,0,0,5,,,1,,,,,,,,,0,0
"KUAS ETERNA 2""",MKUAETR3,MKUAETR3,Alat tukang,PCS,,,tidak,0,11000,0,0,0,0,0,5,,,1,,,,,,,,,0,0
"KUAS ETERNA 3""",MKUAETR5,MKUAETR5,Alat tukang,PCS,,,tidak,0,17000,0,0,0,0,0,5,,,1,,,,,,,,,0,0
"KUAS ETERNA 4""",MKUAETR6,MKUAETR6,Alat tukang,PCS,,,tidak,0,22000,0,0,0,0,0,5,,,1,,,,,,,,,0,0
"KUAS FW 1,5",MKUASFW2,MKUASFW2,Alat tukang,PCS,,,tidak,0,6500,0,0,0,0,0,5,,,1,,,,,,,,,0,0
"KUAS FW 1""",MKUASFW1,MKUASFW1,Alat tukang,PCS,,,tidak,0,5000,0,0,0,0,0,5,,,1,,,,,,,,,0,0
"KUAS FW 2,5""",MKUASFW4,MKUASFW4,Alat tukang,PCS,,,tidak,0,11000,0,0,0,0,0,5,,,1,,,,,,,,,0,0
"KUAS FW 2""",MKUASFW3,MKUASFW3,Alat tukang,PCS,,,tidak,0,8500,0,0,0,0,0,5,,,1,,,,,,,,,0,0
"KUAS FW 3""",MKUASFW5,MKUASFW5,Alat tukang,PCS,,,tidak,0,13000,0,0,0,0,0,5,,,1,,,,,,,,,0,0
"KUAS FW 4""",MKUASFW6,MKUASFW6,Alat tukang,PCS,,,tidak,0,18000,0,0,0,0,0,5,,,1,,,,,,,,,0,0
"KUAS LUKIS 6""",MKUALKS6,MKUALKS6,Alat tukang,PCS,,,tidak,0,6000,0,0,0,0,0,5,,,1,,,,,,,,,0,0
"KUAS LUKIS 8""",MKUALKS8,MKUALKS8,Alat tukang,PCS,,,tidak,0,8000,0,0,0,0,0,5,,,1,,,,,,,,,0,0
"KUAS PRIMA 2""",KUASPRM2,KUASPRM2,Alat tukang,PCS,,,ya,0,8500,0,,0,0,14,5,,,1,,,,,,,,,0,0
KUAS ROLL ETERNA,METKUA01,METKUA01,Umum,PCS,ETERNA,Area 03,tidak,0,35000,0,0,0,0,0,5,,PCS,1,,,,,,,,,0,0
"KUAS ROLL GRT 9""",KUAS R GRT,MGRKUA06,Umum,PCS,GRT,,tidak,0,183300,0,0,0,0,0,3,,,1,,,,,,,,,0,0
KUAS ROLL KAPAL,KUAS R KPL,MNOKUA01,Umum,PCS,,,tidak,0,8500,0,0,0,0,0,3,,,1,,,,,,,,,0,0
KUAS ROLL KAPAL HD4 HIOSHI,KUAS R HD4,MHIKUA01,Umum,PCS,HIOSHI,,tidak,0,118750,0,0,0,0,0,3,,,1,,,,,,,,,0,0
"KUAS ROLL LEON 9""",KUAS R 9,MLEKUA06,Umum,PCS,LEON,,tidak,0,15000,0,0,0,0,0,3,,,1,,,,,,,,,0,0
KUAS ROLL PRO 9 HIOSHI,KUAS R PRO9,MHIKUA02,Umum,PCS,HIOSHI,,tidak,0,25175,0,0,0,0,0,3,,,1,,,,,,,,,0,0
KUAS ROLL STALLION,MSTKUA02,MSTKUA02,Umum,PCS,STALLION,Area 03,tidak,0,15000,0,0,0,0,0,5,,PCS,1,,,,,,,,,0,0
KUAS ROLL STALLION 9',KUAS R STL,MSTKUA01,Umum,PCS,STALLION,,tidak,0,53000,0,0,0,0,0,3,,,1,,,,,,,,,0,0
KUAS ROLL STANDAT,MKROLSTD,MKROLSTD,Alat tukang,PCS,,,tidak,0,22000,0,0,0,0,0,5,,,1,,,,,,,,,0,0
"KUAS TAIYO 1,5",MKUATAI2,MKUATAI2,Alat tukang,PCS,,,tidak,0,6500,0,0,0,0,0,5,,,1,,,,,,,,,0,0
"KUAS TAIYO 1""",MKUATAI1,MKUATAI1,Alat tukang,PCS,,,tidak,0,5000,0,0,0,0,0,5,,,1,,,,,,,,,0,0
"KUAS TAIYO 2,5",MKUATAI4,MKUATAI4,Alat tukang,PCS,,,ya,0,11000,0,,0,7,14,5,,,1,,,,,,,,,0,0
"KUAS TAIYO 2""",MKUATAI3,MKUATAI3,Alat tukang,PCS,,,tidak,0,8500,0,0,0,0,0,5,,,1,,,,,,,,,0,0
"KUAS TAIYO 3""",MKUATAI5,MKUATAI5,Alat tukang,PCS,,,ya,0,13000,0,,0,6,14,5,,,1,,,,,,,,,0,0
"KUAS TAIYO 4""",MKUATAI6,MKUATAI6,Alat tukang,PCS,,,tidak,0,18000,0,0,0,0,0,5,,,1,,,,,,,,,0,0
KUNCI BAGO / INGGRIS BIASA 10',MNOKUN04,MNOKUN04,Alat tukang,PCS,,,tidak,0,0,0,0,0,0,6,3,,,1,,,,,,,,,0,0
KUNCI BAGO / INGGRIS BIASA 12',MNOKUN05,MNOKUN05,Alat tukang,PCS,,,tidak,0,0,0,0,0,0,8,3,,,1,,,,,,,,,0,0
KUNCI BAGO / INGGRIS BIASA 15',MNOKUN06,MNOKUN06,Alat tukang,PCS,,,tidak,0,0,0,0,0,0,5,3,,,1,,,,,,,,,0,0
KUNCI BAGO / INGGRIS BIASA 8',MNOKUN03,MNOKUN03,Alat tukang,PCS,,,tidak,0,0,0,0,0,0,8,3,,,1,,,,,,,,,0,0
KUNCI BULAT CHROME ARNETTA,MKUNBLAR,MKUNBLAR,Kunci Pintu & Aksesoris Mebel,PCS,,,tidak,0,40000,0,0,0,0,0,5,,,1,,,,,,,,,0,0
"KUNCI BUSI 1/2"" X 21 TEKIRO",KUBS12TK,MNOKUN23,Alat teknik,PCS,,,ya,38225,45000,0,,0,2,0,5,,,1,,,,,,,,,0,0
"KUNCI BUSI 3/8"" X 21 TEKIRO",KUBS38TK,MNOKUN22,Alat teknik,PCS,,,ya,38225,45000,0,,0,2,0,5,,,1,,,,,,,,,0,0
KUNCI ECO PAS 8 PC (6-22) HIOSHI,KE PAS 8,MHIKUN20,Umum,PCS,HIOSHI,,tidak,0,78731.25,0,0,0,0,0,3,,,1,,,,,,,,,0,0
KUNCI ECO RING 8 PC (6-22) HIOSHI,KR ECO 8,MHIKUN46,Umum,PCS,HIOSHI,,tidak,0,92625,0,0,0,0,0,3,,,1,,,,,,,,,0,0
KUNCI ECO RING PAS 8 PC (8-24) HIOSHI,KR ECO PAS 8,MHIKUN49,Umum,PCS,HIOSHI,,tidak,0,98325,0,0,0,0,0,3,,,1,,,,,,,,,0,0
"KUNCI INGGRIS BIASA 10""",MNOKUN11,MNOKUN11,Umum,PCS,,Area 03,tidak,0,30000,0,0,0,0,0,5,,PCS,1,,,,,,,,,0,0
"KUNCI INGGRIS BIASA 12""",MNOKUN12,MNOKUN12,Umum,PCS,,Area 03,tidak,0,40000,0,0,0,0,0,5,,PCS,1,,,,,,,,,0,0
"KUNCI INGGRIS BIASA 15""",MNOKUN13,MNOKUN13,Umum,PCS,,Area 03,tidak,0,100000,0,0,0,0,0,5,,PCS,1,,,,,,,,,0,0
"KUNCI INGGRIS BIASA 8""",MNOKUN10,MNOKUN10,Umum,PCS,,Area 03,tidak,0,25000,0,0,0,0,0,5,,PCS,1,,,,,,,,,0,0
KUNCI INGGRIS ESSEN 10”,MESKUN03,MESKUN03,Umum,PCS,ESSEN,Area 02,ya,0,90000,0,0,0,5,0,5,,PCS,1,,,,,,,,,0,0
KUNCI INGGRIS ESSEN 6”,MESKUN01,MESKUN01,Umum,PCS,ESSEN,Area 02,ya,0,50000,0,0,0,6,0,5,,PCS,1,,,,,,,,,0,0
KUNCI INGGRIS ESSEN 8”,MESKUN02,MESKUN02,Umum,PCS,ESSEN,Area 02,ya,0,65000,0,0,0,6,0,5,,PCS,1,,,,,,,,,0,0
"KUNCI INGGRIS HASSTON 6""",MHAKUN01,MHAKUN01,Alat teknik,PCS,HASSTON,Area 02,tidak,38400,60000,0,,0,0,0,5,,,1,,,,,,,,,0,0
KUNCI INGGRIS TEKIRO 10”,MTEKUN04,MTEKUN04,Alat teknik,PCS,TEKIRO,Area 02,ya,82800,100000,0,,0,3,6,3,,,1,,,,,,,,,0,0
KUNCI INGGRIS TEKIRO 12”,MTEKUN05,MTEKUN05,Alat teknik,PCS,TEKIRO,Area 02,ya,108900,130000,0,,0,6,5,3,,,1,,,,,,,,,0,0
KUNCI INGGRIS TEKIRO 8”,MTEKUN03,MTEKUN03,Alat teknik,PCS,TEKIRO,Area 02,ya,61500,74000,0,,0,5,6,3,,,1,,,,,,,,,0,0
KUNCI KACA GERGAJI HL 140 HUBEN,MHUKUN11,MHUKUN11,Umum,PCS,HUBEN,Area 01,tidak,0,0,0,0,0,0,17,3,,PCS,12,PCS,0,0,0,,,,,0,0
KUNCI KECIL CLASSIC SN/CP,KC KCL CLS,MCLKUN01,Umum,PCS,CLASSIC,,tidak,0,60000,0,0,0,0,0,3,,,1,,,,,,,,,0,0
KUNCI KEPALA BOR BC,KC KPL BOR BC,MTOKUN01,Umum,PCS,TOKIO,,tidak,0,6000,0,0,0,0,0,3,,,1,,,,,,,,,0,0
KUNCI L BALLPOINT DREXEL 7',MDRKUN01,MDRKUN01,Alat tukang,SET,DREXEL,,tidak,0,40000,0,,0,0,8,3,,,1,,,,,,,,,0,0
KUNCI L BINTANG PANJANG T 40 TEKIRO,MKLBNPT40,MNOKUN20,Alat teknik,PCS,,,ya,17000,30000,0,,0,6,12,5,,PAK,6,PAK,180000,0,,,,,,0,0
KUNCI L CRV LONG (BOX) HIOSHI,KC L HS BOX,MHIKUN01,Umum,PCS,HIOSHI,,tidak,0,55936,0,0,0,0,0,3,,,1,,,,,,,,,0,0
KUNCI L KLEP BINTANG T40 TEKIRO,MKLKLBNTEKT40,MNOKUN21,Alat teknik,PCS,,,ya,27700,35000,0,,0,6,12,5,,PAK,6,PAK,210000,0,,,,,,0,0
KUNCI L PENDEK ECER 3MM,MNOKUN16,MNOKUN16,Umum,BOX,,Area 03,tidak,0,5000,0,0,0,0,0,5,,,1,,,,,,,,,0,0
KUNCI L PENDEK ECER 4MM,MNOKUN17,MNOKUN17,Umum,BOX,,Area 03,tidak,0,6000,0,0,0,0,0,5,,,1,,,,,,,,,0,0
KUNCI L PENDEK ECER 6MM,MNOKUN18,MNOKUN18,Umum,BOX,,Area 03,tidak,0,9000,0,0,0,0,0,5,,,1,,,,,,,,,0,0
KUNCI L PENDEK ECER 8MM,MNOKUN19,MNOKUN19,Umum,BOX,,Area 03,tidak,0,12000,0,0,0,0,0,5,,,1,,,,,,,,,0,0
KUNCI L SET 10 PC HTM HIOSHI,KC L SET HS,MHIKUN02,Umum,PCS,HIOSHI,,tidak,0,8358,0,0,0,0,0,3,,,1,,,,,,,,,0,0
KUNCI L SET 10 PC PTH HIOSHI,KC L SET PTH,MHIKUN03,Umum,PCS,HIOSHI,,tidak,0,9109.61,0,0,0,0,0,3,,,1,,,,,,,,,0,0
KUNCI L SET BALLPOINT TEKIRO HK-BP1204,MTEKUN01,MTEKUN01,Alat teknik,PCS,TEKIRO,Area 02,ya,160000,192000,0,,0,6,6,3,,,1,,,,,,,,,0,0
KUNCI L SET BINTANG TEKIRO LUBANG PJG,KLBLTKPJ,MNOKUN24,Alat teknik,SET,,,ya,183000,200000,0,,0,0,0,5,,,1,,,,,,,,,0,0
KUNCI L SET PANJANG TEKIRO HK-LS1200,MTEKUN02,MTEKUN02,Alat teknik,PCS,TEKIRO,Area 02,ya,116100,140000,0,,0,5,6,3,,,1,,,,,,,,,0,0
KUNCI L SET PENDEK TEKIRO,KLPDKTKR,MNOKUN25,Alat teknik,SET,,,tidak,71000,85000,0,,0,0,0,5,,,1,,,,,,,,,0,0
KUNCI L SET PENDEK WANLY,MWAKUN01,MWAKUN01,Alat tukang,SET,WANLY,,tidak,0,10000,0,0,0,0,7,3,,,1,,,,,,,,,0,0
KUNCI LACI 101 FERZA,MFEKUN01,MFEKUN01,Umum,PCS,FERZA,,tidak,0,5000,0,0,0,0,0,3,,,1,,,,,,,,,0,0
KUNCI LACI 101 TOP,MTOKUN02,MTOKUN02,Umum,PCS,TOP,Area 01,tidak,0,5000,0,0,0,0,6,3,,PCS,12,PCS,60000,0,0,,,,,0,0
KUNCI LACI 181 M2 HUBEN,MHUKUN09,MHUKUN09,Umum,PCS,HUBEN,Area 01,tidak,0,8000,0,0,0,0,17,3,,PCS,12,PCS,96000,0,0,,,,,0,0
"KUNCI LACI 2"" CAMEL",MCAKUN01,MCAKUN01,Umum,PCS,CAMEL,Area 01,tidak,0,13000,0,0,0,0,5,3,,PCS,12,PCS,156000,0,0,,,,,0,0
KUNCI LACI 508 KECIL MERCY,MMEKUN01,MMEKUN01,Umum,PCS,MERCY,Area 01,tidak,0,20000,0,0,0,0,7,3,,PCS,12,PCS,240000,0,0,,,,,0,0
KUNCI LACI 808 BESAR,M80KUN02,M80KUN02,Umum,PCS,808,Area 01,tidak,0,30000,0,0,0,0,6,3,,PCS,12,PCS,360000,0,0,,,,,0,0
KUNCI LACI 808 KECIL,M80KUN01,M80KUN01,Umum,PCS,808,Area 01,tidak,0,25000,0,0,0,0,4,3,,PCS,12,PCS,300000,0,0,,,,,0,0
KUNCI LACI CAMLOCK 103-30 HUBEN,MHUKUN10,MHUKUN10,Umum,PCS,HUBEN,Area 01,tidak,0,15000,0,0,0,0,17,3,,PCS,12,PCS,180000,0,0,,,,,0,0
KUNCI LACI GERGAJI HUBEN HL-140,MHUKUN01,MHUKUN01,Umum,PCS,HUBEN,,tidak,0,15000,0,0,0,0,23,3,,,1,,,,,,,,,0,0
KUNCI LACI HUBEN 103-30,MHUKUN07,MHUKUN07,Umum,PCS,HUBEN,,tidak,0,15000,0,0,0,0,23,3,,,1,,,,,,,,,0,0
KUNCI LACI HUBEN 138-22,MHUKUN05,MHUKUN05,Umum,PCS,HUBEN,,tidak,0,10000,0,0,0,0,17,3,,,1,,,,,,,,,0,0
KUNCI LACI HUBEN 181 M2,MHUKUN06,MHUKUN06,Umum,PCS,HUBEN,,tidak,0,6000,0,0,0,0,23,3,,,1,,,,,,,,,0,0
KUNCI LACI HUBEN TUSUK 105,MHUKUN02,MHUKUN02,Umum,PCS,HUBEN,,tidak,0,15000,0,0,0,0,5,3,,,1,,,,,,,,,0,0
KUNCI LACI MEKAR HL 202 HUBEN,MHUKUN08,MHUKUN08,Umum,PCS,HUBEN,Area 01,tidak,0,0,0,0,0,0,17,3,,PCS,12,PCS,0,0,0,,,,,0,0
KUNCI LACI MEKAR HUBEN 202,MHUKUN04,MHUKUN04,Umum,PCS,HUBEN,,tidak,0,15000,0,0,0,0,23,3,,,1,,,,,,,,,0,0
KUNCI LACI MEKAR HUBEN 505,MHUKUN03,MHUKUN03,Umum,PCS,HUBEN,,tidak,0,9000,0,0,0,0,17,3,,,1,,,,,,,,,0,0
KUNCI MAHKOTA B GRIP ON,MNOKUN15,MNOKUN15,Umum,PCS,,Area 03,tidak,0,0,0,0,0,0,0,5,,PCS,1,,,,,,,,,0,0
KUNCI MAHKOTA TIPE A,MNOKUN14,MNOKUN14,Umum,PCS,,Area 03,ya,0,40000,0,,0,2,0,5,,PCS,1,,,,,,,,,0,0
KUNCI MAHKOTA TIPE B,KUMAHBG,KUMAHBG,Alat teknik,PCS,,,ya,30000,40000,0,,0,2,0,5,,,1,,,,,,,,,0,0
KUNCI MESIN GERINDA,MKUNGRD,MNOKUN09,Alat teknik,PCS,,,tidak,0,8000,0,0,0,0,0,5,,,1,,,,,,,,,0,0
KUNCI OIL FILTER TEKIRO 6”,MTEKUN25,MTEKUN25,Alat teknik,PCS,TEKIRO,Area 02,ya,65000,85000,0,,0,6,1,3,,,1,,,,,,,,,0,0
KUNCI OIL FILTER TEKIRO 9”,MTEKUN26,MTEKUN26,Alat teknik,PCS,TEKIRO,Area 02,ya,89000,116000,0,,0,6,1,3,,,1,,,,,,,,,0,0
KUNCI PAS 12 X 13 DIAMOND,KC PAS 12X13,MDIKUN02,Umum,PCS,DIAMOND,,tidak,0,2300,0,0,0,0,0,3,,,1,,,,,,,,,0,0
KUNCI PAS ECO 10 X 11 HIOSHI,KP ECO 10X11,MHIKUN21,Umum,PCS,HIOSHI,,tidak,0,6555,0,0,0,0,0,3,,,1,,,,,,,,,0,0
KUNCI PAS ECO 10 X 12 HIOSHI,KP ECO 10X12,MHIKUN22,Umum,PCS,HIOSHI,,tidak,0,5492.19,0,0,0,0,0,3,,,1,,,,,,,,,0,0
KUNCI PAS ECO 12 X 13 HIOSHI,KP ECO 12X13,MHIKUN23,Umum,PCS,HIOSHI,,tidak,0,7374.37,0,0,0,0,0,3,,,1,,,,,,,,,0,0
KUNCI PAS ECO 14 X 15 HIOSHI,KP ECO 14X15,MHIKUN24,Umum,PCS,HIOSHI,,tidak,0,8093.75,0,0,0,0,0,3,,,1,,,,,,,,,0,0
KUNCI PAS ECO 16 X 17 HIOSHI,KP ECO 16X17,MHIKUN25,Umum,PCS,HIOSHI,,tidak,0,10175,0,0,0,0,0,3,,,1,,,,,,,,,0,0
KUNCI PAS ECO 18 X 19 HIOSHI,KP ECO 18X19,MHIKUN26,Umum,PCS,HIOSHI,,tidak,0,10868.75,0,0,0,0,0,3,,,1,,,,,,,,,0,0
KUNCI PAS ECO 19 X 21 HIOSHI,KP ECO 19X21,MHIKUN27,Umum,PCS,HIOSHI,,tidak,0,10545,0,0,0,0,0,3,,,1,,,,,,,,,0,0
KUNCI PAS ECO 24 X 27 HIOSHI,KP ECO 24X27,MHIKUN28,Umum,PCS,HIOSHI,,tidak,0,17575,0,0,0,0,0,3,,,1,,,,,,,,,0,0
KUNCI PAS ECO 8 X 10 HIOSHI,KP ECO 8X10,MHIKUN29,Umum,PCS,HIOSHI,,tidak,0,5052.81,0,0,0,0,0,3,,,1,,,,,,,,,0,0
KUNCI PAS ECO 8 X 9 HIOSHI,KP ECO 8X9,MHIKUN30,Umum,PCS,HIOSHI,,tidak,0,5318.75,0,0,0,0,0,3,,,1,,,,,,,,,0,0
KUNCI PAS SATIN 12 X 14 HIOSHI,KP SATIN 12X14,MHIKUN31,Umum,PCS,HIOSHI,,tidak,0,6590.63,0,0,0,0,0,3,,,1,,,,,,,,,0,0
KUNCI PAS SATIN 14 X 17 HIOSHI,KP SATIN 14X17,MHIKUN32,Umum,PCS,HIOSHI,,tidak,0,7689.06,0,0,0,0,0,3,,,1,,,,,,,,,0,0
KUNCI PAS SATIN 17 X 19 HIOSHI,KP SATIN 17X19,MHIKUN33,Umum,PCS,HIOSHI,,tidak,0,10325.31,0,0,0,0,0,3,,,1,,,,,,,,,0,0
KUNCI PAS SATIN 22 X 24 HIOSHI,KP SATIN 22X24,MHIKUN34,Umum,PCS,HIOSHI,,tidak,0,16625,0,0,0,0,0,3,,,1,,,,,,,,,0,0
KUNCI PAS SET DIAMOND,MDIKUN01,MDIKUN01,Alat tukang,SET,DIAMOND,,tidak,0,0,0,0,0,0,6,3,,,1,,,,,,,,,0,0
KUNCI PAS SET VIOLA,MVIKUN03,MVIKUN03,Alat tukang,SET,VIOLA,,tidak,0,0,0,0,0,0,3,3,,,1,,,,,,,,,0,0
KUNCI PINTU ALM A1 BL ORCHAD,MORKUN05,MORKUN05,Umum,PCS,ORCAD,Area 01,tidak,0,105000,0,0,0,0,0,3,,PCS,6,,,,,,,,,0,0
KUNCI PINTU ALM A1 WH ORCHAD,MORKUN04,MORKUN04,Umum,PCS,ORCAD,Area 01,tidak,0,105000,0,0,0,0,0,3,,PCS,6,PCS,630000,0,0,,,,,0,0
KUNCI PINTU ALM P2 BL ORCHAD,MORKUN01,MORKUN01,Umum,PCS,ORCAD,Area 01,tidak,0,85000,0,0,0,0,0,3,,PCS,6,PCS,510000,0,0,,,,,0,0
KUNCI PINTU ALM P2 BR ORCAD,MORKUN03,MORKUN03,Umum,PCS,ORCAD,Area 01,tidak,0,0,0,0,0,0,0,3,,PCS,6,PCS,0,0,0,,,,,0,0
KUNCI PINTU ALM P2 WH ORCHAD,MORKUN02,MORKUN02,Umum,PCS,ORCAD,Area 01,tidak,0,85000,0,0,0,0,0,3,,PCS,6,PCS,510000,0,0,,,,,0,0
KUNCI PINTU BABET KECIL NETZ,MNEKUN01,MNEKUN01,Umum,PCS,NETZ,Area 01,tidak,0,60000,0,0,0,0,0,3,,PCS,6,PCS,360000,0,0,,,,,0,0
KUNCI PINTU BESAR BOSTON LXS,MBOKUN01,MBOKUN01,Umum,PCS,BOSTON,Area 01,tidak,0,90000,0,,0,0,0,3,,PCS,6,PCS,540000,0,,,,,,0,0
KUNCI PINTU BESAR BULAT TP9001-1 GP GOMEO,MGOKUN30,MGOKUN30,Umum,PCS,GOMEO,Area 01,tidak,0,165000,0,0,0,0,0,3,,PCS,6,PCS,990000,0,0,,,,,0,0
KUNCI PINTU BESAR CAB 9006 SN/GP,MCAKUN02,MCAKUN02,Umum,PCS,CAB,Area 01,tidak,0,90000,0,0,0,0,0,3,,PCS,6,PCS,540000,0,0,,,,,0,0
KUNCI PINTU BESAR GOMEO 9001-1 KUNING,KP GM 9001-1,MGOKUN01,Umum,PCS,GOMEO,,tidak,0,165000,0,0,0,0,0,3,,,1,,,,,,,,,0,0
KUNCI PINTU BESAR HITAM OWNER,KP BS HTM OWN,MOWKUN01,Umum,PCS,OWNER,,tidak,0,80000,0,0,0,0,0,3,,,1,,,,,,,,,0,0
KUNCI PINTU BESAR KOTAK TP9012-2 CP GOMEO,MGOKUN29,MGOKUN29,Umum,PCS,GOMEO,Area 01,tidak,0,165000,0,0,0,0,0,3,,PCS,6,PCS,990000,0,0,,,,,0,0
KUNCI PINTU BESAR L888 SN/CP GRT,MGRKUN03,MGRKUN03,Umum,PCS,GRT,Area 01,tidak,0,80000,0,0,0,0,0,3,,PCS,6,PCS,480000,0,0,,,,,0,0
KUNCI PINTU GOMEO 9001-2,KP GM 9001-2,MGOKUN02,Umum,PCS,GOMEO,,tidak,0,200000,0,0,0,0,0,3,,,1,,,,,,,,,0,0
KUNCI PINTU GOMEO 9002-1,KP GM 9002-1,MGOKUN03,Umum,PCS,GOMEO,,tidak,0,200000,0,0,0,0,0,3,,,1,,,,,,,,,0,0
KUNCI PINTU GOMEO 9002-2,KP GM 9002-2,MGOKUN04,Umum,PCS,GOMEO,,tidak,0,200000,0,0,0,0,0,3,,,1,,,,,,,,,0,0
KUNCI PINTU GOMEO 9009-1,KP GM 9009-1,MGOKUN05,Umum,PCS,GOMEO,,tidak,0,200000,0,0,0,0,0,3,,,1,,,,,,,,,0,0
KUNCI PINTU GOMEO 9009-2,KP GM 9009-2,MGOKUN06,Umum,PCS,GOMEO,,tidak,0,200000,0,0,0,0,0,3,,,1,,,,,,,,,0,0
KUNCI PINTU GOMEO 9010-2,KP GM 9010-2,MGOKUN07,Umum,PCS,GOMEO,,tidak,0,200000,0,0,0,0,0,3,,,1,,,,,,,,,0,0
KUNCI PINTU GOMEO 9011-1,KP GM 9011-1,MGOKUN08,Umum,PCS,GOMEO,,tidak,0,200000,0,0,0,0,0,3,,,1,,,,,,,,,0,0
KUNCI PINTU GOMEO 9011-2,KP GM 9011-2,MGOKUN09,Umum,PCS,GOMEO,,tidak,0,200000,0,0,0,0,0,3,,,1,,,,,,,,,0,0
KUNCI PINTU GOMEO 9012-1,KP GM 9012-1,MGOKUN10,Umum,PCS,GOMEO,,tidak,0,200000,0,0,0,0,0,3,,,1,,,,,,,,,0,0
KUNCI PINTU GOMEO 9012-2,KP GM 9012-2,MGOKUN11,Umum,PCS,GOMEO,,tidak,0,200000,0,0,0,0,0,3,,,1,,,,,,,,,0,0
KUNCI PINTU GOMEO 9501 GY,KP GM 9501 GY,MGOKUN12,Umum,PCS,GOMEO,,tidak,0,200000,0,0,0,0,0,3,,,1,,,,,,,,,0,0
KUNCI PINTU GOMEO 9502 GY,KP GM 9502 GY,MGOKUN13,Umum,PCS,GOMEO,,tidak,0,200000,0,0,0,0,0,3,,,1,,,,,,,,,0,0
KUNCI PINTU KECIL BABET 006 SN/CP CLASSIC,MCLKUN02,MCLKUN02,Umum,PCS,CLASSIC,Area 01,tidak,0,60000,0,0,0,0,0,3,,PCS,6,PCS,360000,0,0,,,,,0,0
KUNCI PINTU KECIL BABET 007 SN/CP CLASSIC,MCLKUN03,MCLKUN03,Umum,PCS,CLASSIC,Area 01,tidak,0,60000,0,0,0,0,0,3,,PCS,6,PCS,360000,0,0,,,,,0,0
KUNCI PINTU KECIL PLAT WANLY,MWAKUN02,MWAKUN02,Umum,PCS,WANLY,Area 01,tidak,0,50000,0,0,0,0,0,3,,PCS,6,PCS,300000,0,0,,,,,0,0
KUNCI PINTU KOTAK SN BM02 ISCO,KP KT BLK ISCO,MISKUN01,Umum,PCS,ISCO,,tidak,0,80000,0,0,0,0,0,3,,,1,,,,,,,,,0,0
KUNCI PINTU SMART LOCK ISCO,KC SMRT LOCK,MISKUN04,Umum,PCS,ISCO,,tidak,0,900000,0,0,0,0,0,3,,,1,,,,,,,,,0,0
KUNCI PINTU SMARTLOCK ISCO BLACK,MISKUN07,MISKUN07,Umum,PCS,ISCO,Area 01,tidak,0,990000,0,0,0,0,0,3,,PCS,6,PCS,5940000,0,0,,,,,0,0
KUNCI PINTU TANGGUNG AMANI,MAMKUN01,MAMKUN01,Umum,PCS,AMANI,Area 01,tidak,0,80000,0,0,0,0,0,3,,PCS,6,PCS,480000,0,0,,,,,0,0
KUNCI PINTU TANGGUNG BULAT GOMEO,MGOKUN31,MGOKUN31,Umum,PCS,GOMEO,Area 01,tidak,0,145000,0,0,0,0,0,3,,PCS,6,PCS,870000,0,0,,,,,0,0
KUNCI PINTU TANGGUNG BULAT GOMEO,MGOKUN32,MGOKUN32,Umum,PCS,GOMEO,Area 01,tidak,0,145000,0,0,0,0,0,3,,PCS,6,PCS,870000,0,0,,,,,0,0
KUNCI PINTU TANGGUNG BULAT GRT,MGRKUN04,MGRKUN04,Umum,PCS,GRT,Area 01,tidak,0,0,0,0,0,0,0,3,,PCS,6,PCS,0,0,0,,,,,0,0
KUNCI PINTU TANGGUNG HITAM HSJ,MHSKUN01,MHSKUN01,Umum,PCS,HSJ,Area 01,tidak,0,70000,0,0,0,0,0,3,,PCS,6,PCS,420000,0,0,,,,,0,0
KUNCI PINTU TANGGUNG KOTAK GRT,MGRKUN05,MGRKUN05,Umum,PCS,GRT,Area 01,tidak,0,80000,0,0,0,0,0,3,,PCS,6,PCS,480000,0,0,,,,,0,0
KUNCI PINTU TANGGUNG MULLER DUS BIRU,MMUKUN01,MMUKUN01,Umum,PCS,MULLER,Area 01,tidak,0,230000,0,0,0,0,0,3,,PCS,6,PCS,1380000,0,0,,,,,0,0
KUNCI PINTU TANGGUNG PLAT 6125 ONAT,MONKUN13,MONKUN13,Umum,PCS,ONAT,Area 01,tidak,0,50000,0,0,0,0,0,3,,PCS,6,PCS,300000,0,0,,,,,0,0
KUNCI PINTU TANGGUNG SN/CP ISCO,MISKUN08,MISKUN08,Umum,PCS,ISCO,Area 01,tidak,0,0,0,0,0,0,0,3,,PCS,6,PCS,0,0,0,,,,,0,0
KUNCI PINTU TGG BABET BULAT MU-03 ISCO,KP TGG MU-03,MISKUN05,Umum,PCS,ISCO,,tidak,0,70000,0,0,0,0,0,3,,,1,,,,,,,,,0,0
KUNCI PINTU TGG BABET KOTAK MU-05 ISCO,KP TGG MU-05,MISKUN06,Umum,PCS,ISCO,,tidak,0,70000,0,0,0,0,0,3,,,1,,,,,,,,,0,0
KUNCI PINTU TGG GRT 888 (GP),KP TGG GRT888,MGRKUN01,Umum,PCS,GRT,,tidak,0,70000,0,0,0,0,0,3,,,1,,,,,,,,,0,0
KUNCI PINTU TGG GRT 999 (GP),KP TGG GRT999,MGRKUN02,Umum,PCS,GRT,,tidak,0,70000,0,0,0,0,0,3,,,1,,,,,,,,,0,0
KUNCI PINTU TGG MU-04 ISCO,KP TGG MU-04,MISKUN02,Umum,PCS,ISCO,,tidak,0,70000,0,0,0,0,0,3,,,1,,,,,,,,,0,0
KUNCI PINTU TGG MU-06 ISCO,KP TGG MU-06,MISKUN03,Umum,PCS,ISCO,,tidak,0,70000,0,0,0,0,0,3,,,1,,,,,,,,,0,0
KUNCI PIPA PRO KARET 10' HIOSHI,KCPP KRT 10,MHIKUN13,Umum,PCS,HIOSHI,,tidak,0,40080.93,0,0,0,0,0,3,,,1,,,,,,,,,0,0
KUNCI PIPA PRO KARET 12' HIOSHI,KCPP KRT 12,MHIKUN14,Umum,PCS,HIOSHI,,tidak,0,42750,0,0,0,0,0,3,,,1,,,,,,,,,0,0
KUNCI PIPA PRO KARET 14' HIOSHI,KCPP KRT 14,MHIKUN15,Umum,PCS,HIOSHI,,tidak,0,55218.75,0,0,0,0,0,3,,,1,,,,,,,,,0,0
KUNCI PIPA PRO KARET 18' HIOSHI,KCPP KRT 18,MHIKUN16,Umum,PCS,HIOSHI,,tidak,0,76518.46,0,0,0,0,0,3,,,1,,,,,,,,,0,0
KUNCI PIPA PRO KARET 24' HIOSHI,KCPP KRT 24,MHIKUN17,Umum,PCS,HIOSHI,,tidak,0,109319.83,0,0,0,0,0,3,,,1,,,,,,,,,0,0
KUNCI PIPA PRO KARET 36' HIOSHI,KCPP KRT 36,MHIKUN18,Umum,PCS,HIOSHI,,tidak,0,218631.58,0,0,0,0,0,3,,,1,,,,,,,,,0,0
KUNCI PIPA PRO KARET 8' HIOSHI,KCPP KRT 8,MHIKUN19,Umum,PCS,HIOSHI,,tidak,0,32795.05,0,0,0,0,0,3,,,1,,,,,,,,,0,0
KUNCI RING ECO 10 X 11 HIOSHI,KR ECO 10X11,MHIKUN35,Umum,PCS,HIOSHI,,tidak,0,7210.5,0,0,0,0,0,3,,,1,,,,,,,,,0,0
KUNCI RING ECO 10 X 12 HIOSHI,KR ECO 10X12,MHIKUN36,Umum,PCS,HIOSHI,,tidak,0,6810.31,0,0,0,0,0,3,,,1,,,,,,,,,0,0
KUNCI RING ECO 12 X 13 HIOSHI,KR ECO 12X13,MHIKUN37,Umum,PCS,HIOSHI,,tidak,0,8685.5,0,0,0,0,0,3,,,1,,,,,,,,,0,0
KUNCI RING ECO 14 X 15 HIOSHI,KR ECO 14X15,MHIKUN38,Umum,PCS,HIOSHI,,tidak,0,9943.75,0,0,0,0,0,3,,,1,,,,,,,,,0,0
KUNCI RING ECO 16 X 17 HIOSHI,KR ECO 16X17,MHIKUN39,Umum,PCS,HIOSHI,,tidak,0,11562.5,0,0,0,0,0,3,,,1,,,,,,,,,0,0
KUNCI RING ECO 17 X 19 HIOSHI,KR ECO 17X19,MHIKUN40,Umum,PCS,HIOSHI,,tidak,0,12082.81,0,0,0,0,0,3,,,1,,,,,,,,,0,0
KUNCI RING ECO 18 X 19 HIOSHI,KR ECO 18X19,MHIKUN41,Umum,PCS,HIOSHI,,tidak,0,14748.75,0,0,0,0,0,3,,,1,,,,,,,,,0,0
KUNCI RING ECO 20 X 22 HIOSHI,KR ECO 20X22,MHIKUN42,Umum,PCS,HIOSHI,,tidak,0,19656.25,0,0,0,0,0,3,,,1,,,,,,,,,0,0
KUNCI RING ECO 22 X 24 HIOSHI,KR ECO 22X24,MHIKUN43,Umum,PCS,HIOSHI,,tidak,0,23750,0,0,0,0,0,3,,,1,,,,,,,,,0,0
KUNCI RING ECO 24 X 27 HIOSHI,KR ECO 24X27,MHIKUN44,Umum,PCS,HIOSHI,,tidak,0,27750,0,0,0,0,0,3,,,1,,,,,,,,,0,0
KUNCI RING ECO 30 X 32 HIOSHI,KR ECO 30X32,MHIKUN45,Umum,PCS,HIOSHI,,tidak,0,39312.5,0,0,0,0,0,3,,,1,,,,,,,,,0,0
KUNCI RING ECO 8 X 10 HIOSHI,KR ECO 8X10,MHIKUN47,Umum,PCS,HIOSHI,,tidak,0,5931.56,0,0,0,0,0,3,,,1,,,,,,,,,0,0
KUNCI RING ECO 8 X 9 HIOSHI,KR ECO 8X9,MHIKUN48,Umum,PCS,HIOSHI,,tidak,0,6012.5,0,0,0,0,0,3,,,1,,,,,,,,,0,0
KUNCI RING FATA 10 X 11,MFAKUN02,MFAKUN02,Alat tukang,PCS,FATA,,tidak,0,0,0,0,0,0,5,3,,,1,,,,,,,,,0,0
KUNCI RING FATA 8 X 9,MFAKUN01,MFAKUN01,Alat tukang,PCS,FATA,,tidak,0,0,0,0,0,0,5,3,,,1,,,,,,,,,0,0
KUNCI RING PAS 10MM TEKIRO,MTEKUN10,MTEKUN10,Alat teknik,PCS,TEKIRO,Area 02,ya,21600,26000,0,,0,6,5,3,,,1,,,,,,,,,0,0
KUNCI RING PAS 11MM TEKIRO,MTEKUN11,MTEKUN11,Alat teknik,PCS,TEKIRO,Area 02,ya,23700,28000,0,,0,5,5,3,,,1,,,,,,,,,0,0
KUNCI RING PAS 12MM TEKIRO,MTEKUN12,MTEKUN12,Alat teknik,PCS,TEKIRO,Area 02,ya,26400,32000,0,,0,6,6,3,,,1,,,,,,,,,0,0
KUNCI RING PAS 13MM TEKIRO,MTEKUN13,MTEKUN13,Alat teknik,PCS,TEKIRO,Area 02,ya,28200,34000,0,,0,5,6,3,,,1,,,,,,,,,0,0
KUNCI RING PAS 14MM TEKIRO,MTEKUN14,MTEKUN14,Alat teknik,PCS,TEKIRO,Area 02,ya,29400,36000,0,,0,5,6,3,,,1,,,,,,,,,0,0
KUNCI RING PAS 15MM TEKIRO,MTEKUN15,MTEKUN15,Alat teknik,PCS,TEKIRO,Area 02,ya,30600,37000,0,,0,6,6,3,,,1,,,,,,,,,0,0
KUNCI RING PAS 16MM TEKIRO,MTEKUN16,MTEKUN16,Alat teknik,PCS,TEKIRO,Area 02,ya,30600,37000,0,,0,6,6,3,,,1,,,,,,,,,0,0
KUNCI RING PAS 17MM TEKIRO,MTEKUN17,MTEKUN17,Alat teknik,PCS,TEKIRO,Area 02,ya,35400,43000,0,,0,6,6,3,,,1,,,,,,,,,0,0
KUNCI RING PAS 18MM TEKIRO,MTEKUN18,MTEKUN18,Alat teknik,PCS,TEKIRO,Area 02,ya,38400,46000,0,,0,6,6,3,,,1,,,,,,,,,0,0
KUNCI RING PAS 19 VENUS,MVEKUN02,MVEKUN02,Alat tukang,PCS,VENUS,,tidak,0,0,0,0,0,0,4,3,,,1,,,,,,,,,0,0
KUNCI RING PAS 19MM TEKIRO,MTEKUN19,MTEKUN19,Alat teknik,PCS,TEKIRO,Area 02,ya,40500,48000,0,,0,6,6,3,,,1,,,,,,,,,0,0
KUNCI RING PAS 20MM TEKIRO,MTEKUN20,MTEKUN20,Alat teknik,PCS,TEKIRO,Area 02,ya,48300,58000,0,,0,6,6,3,,,1,,,,,,,,,0,0
KUNCI RING PAS 21MM TEKIRO,MTEKUN21,MTEKUN21,Alat teknik,PCS,TEKIRO,Area 02,ya,51900,62000,0,,0,6,6,3,,,1,,,,,,,,,0,0
KUNCI RING PAS 22MM TEKIRO,MTEKUN22,MTEKUN22,Alat teknik,PCS,TEKIRO,Area 02,ya,59400,72000,0,,0,5,6,3,,,1,,,,,,,,,0,0
KUNCI RING PAS 23MM TEKIRO,MTEKUN23,MTEKUN23,Alat teknik,PCS,TEKIRO,Area 02,ya,62400,75000,0,,0,6,0,3,,,1,,,,,,,,,0,0
KUNCI RING PAS 24 VENUS,MVEKUN01,MVEKUN01,Alat tukang,PCS,VENUS,,tidak,0,0,0,0,0,0,2,3,,,1,,,,,,,,,0,0
KUNCI RING PAS 24MM TEKIRO,MTEKUN24,MTEKUN24,Alat teknik,PCS,TEKIRO,Area 02,ya,71700,87000,0,,0,6,6,3,,,1,,,,,,,,,0,0
KUNCI RING PAS 32MM TEKIRO,MTEKUN32,MTEKUN32,Umum,PCS,TEKIRO,Area 02,ya,115575,135000,0,,0,1,0,5,,PCS,1,,,,,,,,,0,0
KUNCI RING PAS 6MM TEKIRO,MTEKUN06,MTEKUN06,Alat teknik,PCS,TEKIRO,Area 02,ya,20700,25000,0,,0,6,5,3,,,1,,,,,,,,,0,0
KUNCI RING PAS 7MM TEKIRO,MTEKUN07,MTEKUN07,Alat teknik,PCS,TEKIRO,Area 02,ya,20700,25000,0,,0,6,6,3,,,1,,,,,,,,,0,0
KUNCI RING PAS 8MM TEKIRO,MTEKUN08,MTEKUN08,Alat teknik,PCS,TEKIRO,Area 02,ya,21600,26000,0,,0,6,5,3,,,1,,,,,,,,,0,0
KUNCI RING PAS 9MM TEKIRO,MTEKUN09,MTEKUN09,Alat teknik,PCS,TEKIRO,Area 02,ya,21600,26000,0,,0,6,6,3,,,1,,,,,,,,,0,0
KUNCI RING PAS ECO 10 MM HIOSHI,KRP ECO 10,MHIKUN54,Umum,PCS,HIOSHI,,tidak,0,6555,0,0,0,0,0,3,,,1,,,,,,,,,0,0
KUNCI RING PAS ECO 12 MM HIOSHI,KRP ECO 12,MHIKUN55,Umum,PCS,HIOSHI,,tidak,0,7866,0,0,0,0,0,3,,,1,,,,,,,,,0,0
KUNCI RING PAS ECO 14 MM HIOSHI,KRP ECO 14,MHIKUN56,Umum,PCS,HIOSHI,,tidak,0,9177,0,0,0,0,0,3,,,1,,,,,,,,,0,0
KUNCI RING PAS ECO 17 MM HIOSHI,KRP ECO 17,MHIKUN57,Umum,PCS,HIOSHI,,tidak,0,12290.15,0,0,0,0,0,3,,,1,,,,,,,,,0,0
KUNCI RING PAS ECO 19 MM HIOSHI,KRP ECO 19,MHIKUN58,Umum,PCS,HIOSHI,,tidak,0,13929.37,0,0,0,0,0,3,,,1,,,,,,,,,0,0
KUNCI RING PAS ECO 22 MM HIOSHI,KRP ECO 22,MHIKUN59,Umum,PCS,HIOSHI,,tidak,0,16187.5,0,0,0,0,0,3,,,1,,,,,,,,,0,0
KUNCI RING PAS ECO 24 MM HIOSHI,KRP ECO 24,MHIKUN60,Umum,PCS,HIOSHI,,tidak,0,20812.5,0,0,0,0,0,3,,,1,,,,,,,,,0,0
KUNCI RING PAS ECO 8 MM HIOSHI,KRP ECO 8,MHIKUN61,Umum,PCS,HIOSHI,,tidak,0,5899.5,0,0,0,0,0,3,,,1,,,,,,,,,0,0
KUNCI RING PAS HASSTON 10MM,MHAKUN05,MHAKUN05,Alat teknik,PCS,HASSTON,Area 02,tidak,0,13000,0,0,0,0,0,5,,,1,,,,,,,,,0,0
KUNCI RING PAS HASSTON 12MM,MHAKUN06,MHAKUN06,Alat teknik,PCS,HASSTON,Area 02,tidak,0,14000,0,0,0,0,0,5,,,1,,,,,,,,,0,0
KUNCI RING PAS HASSTON 14MM,MHAKUN07,MHAKUN07,Alat teknik,PCS,HASSTON,Area 02,tidak,0,20000,0,,0,0,0,5,,,1,,,,,,,,,0,0
KUNCI RING PAS HASSTON 17MM,MHAKUN08,MHAKUN08,Alat teknik,PCS,HASSTON,Area 02,tidak,0,30000,0,,0,0,0,5,,,1,,,,,,,,,0,0
KUNCI RING PAS HASSTON 22MM,MHAKUN10,MHAKUN10,Alat teknik,PCS,HASSTON,Area 02,tidak,0,45000,0,0,0,0,0,5,,,1,,,,,,,,,0,0
KUNCI RING PAS HASSTON 24MM,MHAKUN09,MHAKUN09,Alat teknik,PCS,HASSTON,Area 02,tidak,0,65000,0,0,0,0,0,5,,,1,,,,,,,,,0,0
KUNCI RING PAS HASSTON 8MM,MHAKUN04,MHAKUN04,Alat teknik,PCS,HASSTON,Area 02,tidak,0,12000,0,0,0,0,0,5,,,1,,,,,,,,,0,0
KUNCI RING PAS ONAT 11,MONKUN11,MONKUN11,Alat tukang,PCS,ONAT,,tidak,0,0,0,0,0,0,2,3,,,1,,,,,,,,,0,0
KUNCI RING PAS ONAT 13,MONKUN10,MONKUN10,Alat tukang,PCS,ONAT,,tidak,0,0,0,0,0,0,1,3,,,1,,,,,,,,,0,0
KUNCI RING PAS ONAT 14,MONKUN09,MONKUN09,Alat tukang,PCS,ONAT,,tidak,0,0,0,0,0,0,1,3,,,1,,,,,,,,,0,0
KUNCI RING PAS ONAT 15,MONKUN08,MONKUN08,Alat tukang,PCS,ONAT,,tidak,0,0,0,0,0,0,3,3,,,1,,,,,,,,,0,0
KUNCI RING PAS ONAT 16,MONKUN07,MONKUN07,Alat tukang,PCS,ONAT,,tidak,0,0,0,0,0,0,2,3,,,1,,,,,,,,,0,0
KUNCI RING PAS ONAT 18,MONKUN06,MONKUN06,Alat tukang,PCS,ONAT,,tidak,0,0,0,0,0,0,2,3,,,1,,,,,,,,,0,0
KUNCI RING PAS ONAT 20,MONKUN05,MONKUN05,Alat tukang,PCS,ONAT,,tidak,0,0,0,0,0,0,1,3,,,1,,,,,,,,,0,0
KUNCI RING PAS ONAT 21,MONKUN01,MONKUN01,Alat tukang,PCS,ONAT,,tidak,0,0,0,0,0,0,2,3,,,1,,,,,,,,,0,0
KUNCI RING PAS ONAT 22,MONKUN02,MONKUN02,Alat tukang,PCS,ONAT,,tidak,0,0,0,0,0,0,2,3,,,1,,,,,,,,,0,0
KUNCI RING PAS ONAT 23,MONKUN03,MONKUN03,Alat tukang,PCS,ONAT,,tidak,0,0,0,0,0,0,1,3,,,1,,,,,,,,,0,0
KUNCI RING PAS ONAT 24,MONKUN04,MONKUN04,Alat tukang,PCS,ONAT,,tidak,0,0,0,0,0,0,1,3,,,1,,,,,,,,,0,0
KUNCI RING PAS ONAT 9,MONKUN12,MONKUN12,Alat tukang,PCS,ONAT,,tidak,0,0,0,0,0,0,3,3,,,1,,,,,,,,,0,0
KUNCI RING PAS SATIN 22 MM HIOSHI,KRP SATIN 22,MHIKUN62,Umum,PCS,HIOSHI,,tidak,0,16187.5,0,0,0,0,0,3,,,1,,,,,,,,,0,0
KUNCI RING PAS SET 8 PCS HIOSHI,MKRP8SHI,MKRP8SHI,Alat tukang,PCS,HIOSHI,Area 02,tidak,0,170000,0,,0,0,0,3,,,1,,,,,,,,,0,0
KUNCI RING PAS SET 8-22 DIAMOND,KC RP SET,MDIKUN04,Umum,PCS,DIAMOND,,tidak,0,45000,0,0,0,0,0,3,,,1,,,,,,,,,0,0
KUNCI RING PAS SET 8-24MM ESSEN,MESKUN04,MESKUN04,Umum,PCS,ESSEN,Area 02,ya,0,248000,0,0,0,2,0,5,,PCS,1,,,,,,,,,0,0
KUNCI RING SATIN 14 X 17 HIOSHI,KR SATIN 14X17,MHIKUN50,Umum,PCS,HIOSHI,,tidak,0,9885.94,0,0,0,0,0,3,,,1,,,,,,,,,0,0
KUNCI RING SATIN 19 X 21 HIOSHI,KR SATIN 19X21,MHIKUN51,Umum,PCS,HIOSHI,,tidak,0,17575,0,0,0,0,0,3,,,1,,,,,,,,,0,0
KUNCI RING SATIN 21 X 23 HIOSHI,KR SATIN 21X23,MHIKUN52,Umum,PCS,HIOSHI,,tidak,0,21375,0,0,0,0,0,3,,,1,,,,,,,,,0,0
KUNCI RING SATIN 30 X 32 HIOSHI,KR SATIN 30X32,MHIKUN53,Umum,PCS,HIOSHI,,tidak,0,40375,0,0,0,0,0,3,,,1,,,,,,,,,0,0
KUNCI RING SET 6-22 DIAMOND,KC RG SET 6,MDIKUN03,Umum,PCS,DIAMOND,,tidak,0,48000,0,0,0,0,0,3,,,1,,,,,,,,,0,0
KUNCI RING SET FUKUNG,MFUKUN01,MFUKUN01,Alat tukang,PCS,FUKUNG,,tidak,0,0,0,0,0,0,0,3,,,1,,,,,,,,,0,0
KUNCI RING SET VIOLA,MVIKUN02,MVIKUN02,Alat tukang,SET,VIOLA,,tidak,0,0,0,0,0,0,2,3,,,1,,,,,,,,,0,0
"KUNCI RODA PALANG 16"" (PLAT PENGAMAN) HIOSHI",KC RD PLG 16 HS,MHIKUN63,Umum,PCS,HIOSHI,,tidak,0,0,0,0,0,0,0,3,,,1,,,,,,,,,0,0
KUNCI SOCK SET 10 PCS HASSTON,MHAKUN02,MHAKUN02,Alat teknik,PCS,HASSTON,Area 02,tidak,195415,225000,0,,0,0,0,5,,,1,,,,,,,,,0,0
KUNCI SOCK SET 10 PCS VIPER,MVIKUN01,MVIKUN01,Alat tukang,SET,VIPER,,tidak,0,45000,0,0,0,0,6,3,,,1,,,,,,,,,0,0
KUNCI SOCK SET 21 PCS VPR,MVPKUN01,MVPKUN01,Alat tukang,SET,VPR,,tidak,0,45000,0,0,0,0,6,3,,,1,,,,,,,,,0,0
KUNCI SOCK SET 25 PCS HASSTON,MHAKUN03,MHAKUN03,Alat teknik,PCS,HASSTON,Area 02,tidak,703500,900000,0,,0,0,0,5,,,1,,,,,,,,,0,0
KUNCI SOK T 10 BIASA,MVPKUN03,MVPKUN03,Alat tukang,PCS,VPR,,tidak,0,12000,0,,0,0,3,3,,,1,,,,,,,,,0,0
KUNCI SOK T 12 BIASA,MNOKUN02,MNOKUN02,Alat tukang,PCS,,,tidak,0,12000,0,,0,0,6,3,,,1,,,,,,,,,0,0
KUNCI SOK T 14 BIASA,MVPKUN04,MVPKUN04,Alat tukang,PCS,VPR,,tidak,0,15000,0,,0,0,5,3,,,1,,,,,,,,,0,0
KUNCI SOK T 17 BIASA,MVPKUN05,MVPKUN05,Alat tukang,PCS,VPR,,tidak,0,17000,0,,0,0,1,3,,,1,,,,,,,,,0,0
KUNCI SOK T 8 BIASA,MVPKUN02,MVPKUN02,Alat tukang,PCS,VPR,,tidak,0,12000,0,,0,0,3,3,,,1,,,,,,,,,0,0
KUNCI SOK T TEKIRO 10,MTEKUN28,MTEKUN28,Alat teknik,PCS,TEKIRO,Area 02,ya,22000,30000,0,,0,5,5,3,,,1,,,,,,,,,0,0
KUNCI SOK T TEKIRO 12,MTEKUN29,MTEKUN29,Alat teknik,PCS,TEKIRO,Area 02,ya,22000,30000,0,,0,5,5,3,,,1,,,,,,,,,0,0
KUNCI SOK T TEKIRO 8,MTEKUN27,MTEKUN27,Alat teknik,PCS,TEKIRO,Area 02,ya,20350,30000,0,,0,8,5,3,,,1,,,,,,,,,0,0
KUNCI SOK T10 GIGAN,MNOKUN01,MNOKUN01,Alat tukang,PCS,,,tidak,0,0,0,0,0,0,6,3,,,1,,,,,,,,,0,0
KUNCI SOK T10 MM,KC SOK T10,MHIKUN04,Umum,PCS,HIOSHI,,tidak,0,11000,0,0,0,0,0,3,,,1,,,,,,,,,0,0
KUNCI SOK T12 FREED,MFRKUN01,MFRKUN01,Alat tukang,PCS,FREED,,tidak,0,0,0,0,0,0,1,3,,,1,,,,,,,,,0,0
KUNCI SOK T12 MM,KC SOK T12,MHIKUN05,Umum,PCS,HIOSHI,,tidak,0,11000,0,0,0,0,0,3,,,1,,,,,,,,,0,0
KUNCI SOK T14 FREED,MFRKUN02,MFRKUN02,Alat tukang,PCS,FREED,,tidak,0,0,0,0,0,0,2,3,,,1,,,,,,,,,0,0
KUNCI SOK T17 OLIQ,MOLKUN02,MOLKUN02,Alat tukang,PCS,OLIQ,,tidak,0,0,0,0,0,0,6,3,,,1,,,,,,,,,0,0
KUNCI SOK T8 MM,KC SOK T8,MHIKUN06,Umum,PCS,HIOSHI,,tidak,0,11000,0,0,0,0,0,3,,,1,,,,,,,,,0,0
KUNCI SOK T8 OLIQ,MOLKUN01,MOLKUN01,Alat tukang,PCS,OLIQ,,tidak,0,0,0,0,0,0,6,3,,,1,,,,,,,,,0,0
KUNCI SOK T9 MM,KC SOK T9,MHIKUN07,Umum,PCS,HIOSHI,,tidak,0,11000,0,0,0,0,0,3,,,1,,,,,,,,,0,0
KUNCI SOK Y 10 - 12 - 14 FREED,MFRKUN03,MFRKUN03,Alat tukang,PCS,FREED,,tidak,0,0,0,0,0,0,1,3,,,1,,,,,,,,,0,0
KUNCI SOK Y 10 - 12 - 14 VENUS,MVEKUN03,MVEKUN03,Alat tukang,PCS,VENUS,,tidak,0,0,0,0,0,0,2,3,,,1,,,,,,,,,0,0
KUNCI SOK Y 10 X 11 X 13,KC Y 10X11X13,MHIKUN08,Umum,PCS,HIOSHI,,tidak,0,10000,0,0,0,0,0,3,,,1,,,,,,,,,0,0
KUNCI SOK Y 10 X 12 X 14,KC Y 10X12X14,MHIKUN09,Umum,PCS,HIOSHI,,tidak,0,10000,0,0,0,0,0,3,,,1,,,,,,,,,0,0
KUNCI SOK Y 10-12-14 BIASA,MOLKUN03,MOLKUN03,Alat tukang,PCS,OLIQ,,tidak,0,13000,0,,0,0,6,3,,,1,,,,,,,,,0,0
KUNCI SOK Y 12 - 14 - 17 MALVIN,MMAKUN01,MMAKUN01,Alat tukang,PCS,MALVIN,,tidak,0,0,0,0,0,0,6,3,,,1,,,,,,,,,0,0
KUNCI SOK Y 12 - 14 - 17 OLIQ,MOLKUN04,MOLKUN04,Alat tukang,PCS,OLIQ,,tidak,0,0,0,0,0,0,1,3,,,1,,,,,,,,,0,0
KUNCI SOK Y 12 - 14 - 17 POLOS,MNOKUN07,MNOKUN07,Alat tukang,PCS,,,tidak,0,0,0,0,0,0,1,3,,,1,,,,,,,,,0,0
KUNCI SOK Y 12 X 14 X 17,KC Y 12X14X17,MHIKUN10,Umum,PCS,HIOSHI,,tidak,0,10000,0,0,0,0,0,3,,,1,,,,,,,,,0,0
KUNCI SOK Y 12-14-17 BIASA,MVPKUN06,MVPKUN06,Alat tukang,PCS,VPR,,tidak,0,16000,0,,0,0,3,3,,,1,,,,,,,,,0,0
KUNCI SOK Y 8 - 10 - 12 POLOS,MNOKUN08,MNOKUN08,Alat tukang,PCS,,,tidak,0,0,0,0,0,0,6,3,,,1,,,,,,,,,0,0
KUNCI SOK Y 8 - 9 - 10 OLIQ,MOLKUN05,MOLKUN05,Alat tukang,PCS,OLIQ,,tidak,0,0,0,0,0,0,6,3,,,1,,,,,,,,,0,0
KUNCI SOK Y 8 X 10 X 12,KC Y 8X10X12,MHIKUN11,Umum,PCS,HIOSHI,,tidak,0,10000,0,0,0,0,0,3,,,1,,,,,,,,,0,0
KUNCI SOK Y 8 X 9 X 10,KC Y 8X9X10,MHIKUN12,Umum,PCS,HIOSHI,,tidak,0,10000,0,0,0,0,0,3,,,1,,,,,,,,,0,0
KUNCI SOK Y 8-10-12 BIASA,MVPKUN07,MVPKUN07,Alat tukang,PCS,VPR,,tidak,0,13000,0,,0,0,4,3,,,1,,,,,,,,,0,0
KUNCI SOK Y 8-9-10 BIASA,SOKY8910,SOKY8910,Alat tukang,PCS,,,tidak,0,15000,0,,0,0,0,5,,,1,,,,,,,,,0,0
KUNCI SOK Y TEKIRO 10-12-14,MTEKUN31,MTEKUN31,Alat teknik,PCS,TEKIRO,Area 02,ya,25800,32000,0,,0,6,3,3,,,1,,,,,,,,,0,0
KUNCI SOK Y TEKIRO 8-10-12,MTEKUN30,MTEKUN30,Alat teknik,PCS,TEKIRO,Area 02,ya,24900,30000,0,,0,6,5,3,,,1,,,,,,,,,0,0
KUNCI SWING ALM 9123 DOWS,MDOKUN01,MDOKUN01,Umum,PCS,DOWS,Area 01,tidak,0,0,0,0,0,0,0,3,,PCS,12,PCS,0,0,0,,,,,0,0
KUNCI TANGGUNG PROFIX 601-2,KP TGG PROF601,MPRKUN01,Umum,PCS,PROFIX,,tidak,0,70000,0,0,0,0,0,3,,,1,,,,,,,,,0,0
KUNCI TANGGUNG PROFIX 602-2,KP TGG PROF602,MPRKUN02,Umum,PCS,PROFIX,,tidak,0,70000,0,0,0,0,0,3,,,1,,,,,,,,,0,0
KUNCI TANGGUNG PROFIX 603-1,KP TGG PROF603-1,MPRKUN04,Umum,PCS,PROFIX,,tidak,0,70000,0,0,0,0,0,3,,,1,,,,,,,,,0,0
KUNCI TANGGUNG PROFIX 603-2,KP TGG PROF603,MPRKUN03,Umum,PCS,PROFIX,,tidak,0,70000,0,0,0,0,0,3,,,1,,,,,,,,,0,0
KUNCI TANGGUNG PROFIX 605-2,KP TGG PROF605,MPRKUN05,Umum,PCS,PROFIX,,tidak,0,70000,0,0,0,0,0,3,,,1,,,,,,,,,0,0
KUNCI TANGGUNG VERDASCE BLACK GOLD,KC TGG VRDS BLK,MVEKUN04,Umum,PCS,VERDASCE,,tidak,0,84787.5,0,0,0,0,0,3,,,1,,,,,,,,,0,0
KUNCI TGG GOMEO 8301-1,KP TGG GM 8301-1,MGOKUN14,Umum,PCS,GOMEO,,tidak,0,160000,0,0,0,0,0,3,,,1,,,,,,,,,0,0
KUNCI TGG GOMEO 8301-2,KP TGG GM 8301-2,MGOKUN15,Umum,PCS,GOMEO,,tidak,0,160000,0,0,0,0,0,3,,,1,,,,,,,,,0,0
KUNCI TGG GOMEO 8301-3,KP TGG GM 8301-3,MGOKUN16,Umum,PCS,GOMEO,,tidak,0,160000,0,0,0,0,0,3,,,1,,,,,,,,,0,0
KUNCI TGG GOMEO 8302-1,KP TGG GM 8302-1,MGOKUN17,Umum,PCS,GOMEO,,tidak,0,160000,0,0,0,0,0,3,,,1,,,,,,,,,0,0
KUNCI TGG GOMEO 8302-2,KP TGG GM 8302-2,MGOKUN18,Umum,PCS,GOMEO,,tidak,0,160000,0,0,0,0,0,3,,,1,,,,,,,,,0,0
KUNCI TGG GOMEO 8302-3,KP TGG GM 8302-3,MGOKUN19,Umum,PCS,GOMEO,,tidak,0,160000,0,0,0,0,0,3,,,1,,,,,,,,,0,0
KUNCI TGG GOMEO 8309-1,KP TGG GM 8309-1,MGOKUN20,Umum,PCS,GOMEO,,tidak,0,160000,0,0,0,0,0,3,,,1,,,,,,,,,0,0
KUNCI TGG GOMEO 8309-2,KP TGG GM 8309-2,MGOKUN21,Umum,PCS,GOMEO,,tidak,0,160000,0,0,0,0,0,3,,,1,,,,,,,,,0,0
KUNCI TGG GOMEO 8311-1,KP TGG GM 8311-1,MGOKUN22,Umum,PCS,GOMEO,,tidak,0,160000,0,0,0,0,0,3,,,1,,,,,,,,,0,0
KUNCI TGG GOMEO 8311-2,KP TGG GM 8311-2,MGOKUN23,Umum,PCS,GOMEO,,tidak,0,160000,0,0,0,0,0,3,,,1,,,,,,,,,0,0
KUNCI TGG GOMEO 8312-1,KP TGG GM 8312-1,MGOKUN24,Umum,PCS,GOMEO,,tidak,0,160000,0,0,0,0,0,3,,,1,,,,,,,,,0,0
KUNCI TGG GOMEO 8312-2,KP TGG GM 8312-2,MGOKUN25,Umum,PCS,GOMEO,,tidak,0,160000,0,0,0,0,0,3,,,1,,,,,,,,,0,0
KUNCI TGG GOMEO 8501 GY,KP TGG GM 8501 GY,MGOKUN26,Umum,PCS,GOMEO,,tidak,0,160000,0,0,0,0,0,3,,,1,,,,,,,,,0,0
KUNCI TGG GOMEO 8502 GY,KP TGG GM 8502 GY,MGOKUN27,Umum,PCS,GOMEO,,tidak,0,160000,0,0,0,0,0,3,,,1,,,,,,,,,0,0
KUNCI TGG GOMEO SS 868,KP TGG GM SS868,MGOKUN28,Umum,PCS,GOMEO,,tidak,0,160000,0,0,0,0,0,3,,,1,,,,,,,,,0,0
KUNCI TIP-ON TO-1,MHUKUN12,MHUKUN12,Umum,PCS,HUBEN,Area 01,tidak,0,0,0,0,0,0,90,3,,PCS,100,PCS,0,0,0,,,,,0,0
KURSI BAKSO HELMUT,KURBAHEL,KURBAHEL,Plastik,PCS,,,tidak,0,50000,0,,0,0,0,5,,,1,,,,,,,,,0,0
KURSI SEGI TANGGUNG HYPER,MNOKUR02,MNOKUR02,Plastik,PCS,,,ya,28600,44000,44000,,0,2,0,3,,,1,,,,,,,,,28600,57200
KURSI SEGI TANGGUNG PREM,MNOKUR01,MNOKUR01,Plastik,PCS,,,ya,20800,32000,32000,,0,1,0,3,,,1,,,,,,,,,20800,20800
KURSI SENDER DEWASA ANYAM PREM,MNOKUR06,MNOKUR06,Plastik,PCS,,,ya,59150,86000,86000,,0,4,0,3,,,1,,,,,,,,,59150,236600
KURSI SENDER LOVE POLOS HYPER,MNOKUR04,MNOKUR04,Plastik,PCS,,,ya,32500,50000,50000,,0,0,0,3,,,1,,,,,,,,,32500,0
KURSI SENDER LOVE PREM,MNOKUR05,MNOKUR05,Plastik,PCS,,,ya,25350,39000,39000,,0,1,0,3,,,1,,,,,,,,,25350,25350
KURSI SENDER LOVE PRINTING,MNOKUR03,MNOKUR03,Plastik,PCS,,,ya,35750,55000,55000,,0,2,0,3,,,1,,,,,,,,,35750,71500
LAKBAN BENING 72 Y,LK BNG 72,MNOLAK01,Umum,PCS,,,tidak,0,12000,0,0,0,0,0,3,,,1,,,,,,,,,0,0
LAKBAN BENING DAIICHI,LK BNG DCH,MDALAK01,Umum,PCS,DAICHI,,tidak,0,12000,0,0,0,0,0,3,,,1,,,,,,,,,0,0
LAKBAN COKLAT 90 Y,LK CKLT 90,MNILAK02,Umum,PCS,NIHON,,tidak,0,12000,0,0,0,0,0,3,,,1,,,,,,,,,0,0
LAKBAN HITAM 80 Y,LK HTM 80,MNILAK01,Umum,PCS,NIHON,,tidak,0,14000,0,0,0,0,0,3,,,1,,,,,,,,,0,0
LAKER ARTCO,LAKER AR,MARLAK01,Umum,PCS,ARTCO,,tidak,0,15000,0,0,0,0,0,3,,,1,,,,,,,,,0,0
LAKER ARTCO,MLAKART,MNOLAK02,Alat tukang,PCS,,,tidak,0,14000,0,,0,0,0,5,,,1,,,,,,,,,0,0
LAKER TOKIO,LAKER TK,MTOLAK01,Umum,PCS,TOKIO,,tidak,0,12000,0,0,0,0,0,3,,,1,,,,,,,,,0,0
LAMPU LUBY CAPSULE 10W 6500K,MLULAM14,MLULAM14,Rumah tangga,PCS,LUBY,Area 04,tidak,14173,35000,0,0,0,0,0,5,,,1,,,,,,,,,0,0
LAMPU LUBY CAPSULE 14W 6500K,MLULAM15,MLULAM15,Rumah tangga,PCS,LUBY,Area 04,tidak,18179,40000,0,0,0,0,0,5,,,1,,,,,,,,,0,0
LAMPU LUBY CAPSULE 18W 6500K,MLULAM16,MLULAM16,Rumah tangga,PCS,LUBY,Area 04,tidak,22800,45000,0,0,0,0,0,5,,,1,,,,,,,,,0,0
LAMPU LUBY CAPSULE 28W 6500K,MLULAM17,MLULAM17,Rumah tangga,PCS,LUBY,Area 04,tidak,33276,57000,0,0,0,0,0,5,,,1,,,,,,,,,0,0
LAMPU LUBY CAPSULE 38W 6500K,MLULAM18,MLULAM18,Rumah tangga,PCS,LUBY,Area 04,tidak,47448,75000,0,0,0,0,0,5,,,1,,,,,,,,,0,0
LAMPU LUBY CAPSULE 45W 6500K,MLULAM19,MLULAM19,Rumah tangga,PCS,LUBY,Area 04,tidak,59465,90000,0,0,0,0,0,5,,,1,,,,,,,,,0,0
LAMPU LUBY CAPSULE 50W 6500K,MLULAM20,MLULAM20,Rumah tangga,PCS,LUBY,Area 04,tidak,67784,105000,0,0,0,0,0,5,,,1,,,,,,,,,0,0
LAMPU LUBY CAPSULE 5W 6500K,MLULAM13,MLULAM13,Rumah tangga,PCS,LUBY,Area 04,tidak,10475,29000,0,0,0,0,0,5,,,1,,,,,,,,,0,0
LAMPU LUBY CLASSIC 12W 6500K,MLULAM24,MLULAM24,Rumah tangga,PCS,LUBY,Area 04,tidak,16638,28000,0,0,0,0,0,5,,,1,,,,,,,,,0,0
LAMPU LUBY CLASSIC 15W 6500K,MLULAM25,MLULAM25,Rumah tangga,PCS,LUBY,Area 04,tidak,20335,35000,0,0,0,0,0,5,,,1,,,,,,,,,0,0
LAMPU LUBY CLASSIC 18W 6500K,MLULAM26,MLULAM26,Rumah tangga,PCS,LUBY,Area 04,tidak,24341,42000,0,0,0,0,0,5,,,1,,,,,,,,,0,0
LAMPU LUBY CLASSIC 24W 6500K,MLULAM27,MLULAM27,Rumah tangga,PCS,LUBY,Area 04,tidak,38206,66000,0,0,0,0,0,5,,,1,,,,,,,,,0,0
LAMPU LUBY CLASSIC 30W 6500K,MLULAM28,MLULAM28,Rumah tangga,PCS,LUBY,Area 04,tidak,51762,86000,0,0,0,0,0,5,,,1,,,,,,,,,0,0
LAMPU LUBY CLASSIC 40W 6500K,MLULAM29,MLULAM29,Rumah tangga,PCS,LUBY,Area 04,tidak,70865,115000,0,0,0,0,0,5,,,1,,,,,,,,,0,0
LAMPU LUBY CLASSIC 50W 6500K,MLULAM30,MLULAM30,Rumah tangga,PCS,LUBY,Area 04,tidak,104757,160000,0,0,0,0,0,5,,,1,,,,,,,,,0,0
LAMPU LUBY CLASSIC 5W 6500K,MLULAM21,MLULAM21,Rumah tangga,PCS,LUBY,Area 04,tidak,10601,18000,0,0,0,0,0,5,,,1,,,,,,,,,0,0
LAMPU LUBY CLASSIC 7W 6500K,MLULAM22,MLULAM22,Rumah tangga,PCS,LUBY,Area 04,tidak,12941,22000,0,0,0,0,0,5,,,1,,,,,,,,,0,0
LAMPU LUBY CLASSIC 9W 6500K,MLULAM23,MLULAM23,Rumah tangga,PCS,LUBY,Area 04,tidak,14481,26000,0,0,0,0,0,5,,,1,,,,,,,,,0,0
LAMPU LUBY NEW ALADDIN 10W 6500K,MLULAM03,MLULAM03,Rumah tangga,PCS,LUBY,Area 04,tidak,48681,80000,0,0,0,0,0,5,,,1,,,,,,,,,0,0
LAMPU LUBY NEW ALADDIN 12W,MLULAM04,MLULAM04,Rumah tangga,PCS,LUBY,Area 04,tidak,55459,95000,0,0,0,0,0,5,,,1,,,,,,,,,0,0
LAMPU LUBY NEW ALADDIN 16W,MLULAM05,MLULAM05,Rumah tangga,PCS,LUBY,Area 04,tidak,66551,105000,0,0,0,0,0,5,,,1,,,,,,,,,0,0
LAMPU LUBY NEW ALADDIN 28W,MLULAM06,MLULAM06,Rumah tangga,PCS,LUBY,Area 04,tidak,95514,155000,0,0,0,0,0,5,,,1,,,,,,,,,0,0
LAMPU LUBY NEW ALADDIN 6W 6500K,MLULAM01,MLULAM01,Rumah tangga,PCS,LUBY,Area 04,tidak,37589,60000,0,0,0,0,0,5,,,1,,,,,,,,,0,0
LAMPU LUBY NEW ALADDIN 8W 6500K,MLULAM02,MLULAM02,Rumah tangga,PCS,LUBY,Area 04,tidak,42519,70000,0,0,0,0,0,5,,,1,,,,,,,,,0,0
LAMPU LUBY SUMO 12W,MLULAM07,MLULAM07,Rumah tangga,PCS,LUBY,Area 04,tidak,11893,21000,0,0,0,0,0,5,,,1,,,,,,,,,0,0
LAMPU LUBY SUMO 16W,MLULAM08,MLULAM08,Rumah tangga,PCS,LUBY,Area 04,tidak,15282,27000,0,0,0,0,0,5,,,1,,,,,,,,,0,0
LAMPU LUBY SUMO 22W,MLULAM09,MLULAM09,Rumah tangga,PCS,LUBY,Area 04,tidak,19411,33000,0,0,0,0,0,5,,,1,,,,,,,,,0,0
LAMPU LUBY SUMO 30W,MLULAM10,MLULAM10,Rumah tangga,PCS,LUBY,Area 04,tidak,27114,46000,0,0,0,0,0,5,,,1,,,,,,,,,0,0
LAMPU LUBY SUMO 40W,MLULAM11,MLULAM11,Rumah tangga,PCS,LUBY,Area 04,tidak,37959,65000,0,0,0,0,0,5,,,1,,,,,,,,,0,0
LAMPU LUBY SUMO 48W,MLULAM12,MLULAM12,Rumah tangga,PCS,LUBY,Area 04,tidak,46586,80000,0,0,0,0,0,5,,,1,,,,,,,,,0,0
LAMPU LUBY SUMO 58W,LLUBSM58,LLUBSM58,Listrik,PCS,LUBY,,ya,57000,87000,0,,0,10,10,5,,,1,,,,,,,,,0,0
LAP MICRO FIBER,LAPMCFBR,LAPMCFBR,Plastik,PCS,,,ya,10000,15000,0,,0,0,8,5,,,1,,,,,,,,,0,0
LED STRIP MATA KECIL HUBEN NATURAL 2835-120,LEDSTHBN,MNOLED01,Listrik,PCS,,,ya,0,50000,0,,0,50,0,5,,BOX,50,,,,,,,,,0,0
LED STRIP MATA KECIL HUBEN WHITE 2835-120,LEDSTHBW,MNOLED02,Listrik,PCS,,,ya,0,50000,0,,0,50,0,5,,BOX,50,,,,,,,,,0,0
LEM 5 MENIT HANDSOME,LEM 5MNT HD,MHALEM01,Umum,PCS,HANDSOME,,tidak,0,5250,0,0,0,0,0,3,,,1,,,,,,,,,0,0
LEM 5 MENIT ISCO,MISLEM05,MISLEM05,Umum,PCS,ISCO,,tidak,0,12000,0,0,0,0,0,5,,PCS,1,,,,,,,,,0,0
LEM ALIPHATIC SAKATA 500 GR,LALSA500,MNOLEM08,Alat tukang,PCS,,,tidak,0,30000,0,,0,0,0,5,,,1,,,,,,,,,0,0
LEM BOTOL SEALANT PUTIH YZR,LEM PTH YZR,MYOLEM01,Umum,PCS,YOZURI,,tidak,0,20425,0,0,0,0,0,3,,,1,,,,,,,,,0,0
LEM BOTOL SOLIGEN CLEAR,MSOLEM01,MSOLEM01,Umum,PCS,SOLIGEN,Area 03,tidak,0,32500,0,0,0,0,0,5,,PCS,1,,,,,,,,,0,0
LEM BOTOL SOLIGEN HITAM,MSOLEM02,MSOLEM02,Umum,PCS,SOLIGEN,Area 03,tidak,0,32500,0,0,0,0,0,5,,PCS,1,,,,,,,,,0,0
LEM BOTOL SOLIGEN PUTIH,MSOLEM03,MSOLEM03,Umum,PCS,SOLIGEN,Area 03,tidak,0,32500,0,0,0,0,0,5,,PCS,1,,,,,,,,,0,0
LEM BOTOL VEGAZ CLEAR,MVELEM01,MVELEM01,Umum,PCS,VEGAZ,Area 03,tidak,0,28000,0,0,0,0,0,5,,PCS,1,,,,,,,,,0,0
LEM BOTOL VEGAZ HITAM,MVELEM02,MVELEM02,Umum,PCS,VEGAZ,Area 03,tidak,0,28000,0,0,0,0,0,5,,PCS,1,,,,,,,,,0,0
LEM BOTOL VEGAZ PUTIH,MVELEM03,MVELEM03,Umum,PCS,VEGAZ,Area 03,tidak,0,28000,0,0,0,0,0,5,,PCS,1,,,,,,,,,0,0
LEM DEXTONE 5 MENIT 12 GR,MDELEM03,MDELEM03,Umum,PCS,DEXTONE,Area 03,tidak,0,14000,0,0,0,0,0,5,,PCS,1,,,,,,,,,0,0
LEM DEXTONE 5 MENIT 48 GR,MDELEM02,MDELEM02,Umum,PCS,DEXTONE,Area 03,tidak,0,22500,0,0,0,0,0,5,,PCS,1,,,,,,,,,0,0
LEM DEXTONE AUTO SEALER 30 GR,MDELEM06,MDELEM06,Umum,PCS,DEXTONE,Area 03,tidak,0,15000,0,0,0,0,0,5,,PCS,1,,,,,,,,,0,0
LEM DEXTONE AUTO SEALER 70 GR,MDELEM07,MDELEM07,Umum,PCS,DEXTONE,Area 03,tidak,0,25000,0,0,0,0,0,5,,PCS,1,,,,,,,,,0,0
LEM DEXTONE KALENG,MDELEM11,MDELEM11,Umum,PCS,DEXTONE,,tidak,0,15000,0,0,0,0,0,5,,PCS,1,,,,,,,,,0,0
LEM DEXTONE KALENG 100 GR,LEM DEXTONE KLNG,MDXLEM04,Umum,PCS,Q-BOND,,tidak,0,13000,0,0,0,0,0,3,,,1,,,,,,,,,0,0
LEM DEXTONE RED SILICONE BESAR,MDELEM10,MDELEM10,Umum,PCS,DEXTONE,,tidak,0,27500,0,0,0,0,0,5,,PCS,1,,,,,,,,,0,0
LEM DEXTONE RED SILICONE KECIL,MDELEM09,MDELEM09,Umum,PCS,DEXTONE,,tidak,0,17500,0,0,0,0,0,5,,PCS,1,,,,,,,,,0,0
LEM DEXTONE SEALANT 30 GR,MDELEM04,MDELEM04,Umum,PCS,DEXTONE,Area 03,tidak,0,15000,0,0,0,0,0,5,,PCS,1,,,,,,,,,0,0
LEM DEXTONE SEALANT 70 GR,MDELEM05,MDELEM05,Umum,PCS,DEXTONE,Area 03,tidak,0,25000,0,0,0,0,0,5,,PCS,1,,,,,,,,,0,0
LEM FOX 400 GR,LEM FOX 400,MFOLEM01,Umum,PCS,FOX,,tidak,0,7276.1,0,0,0,0,0,3,,,1,,,,,,,,,0,0
LEM FOX 700 GR,LEM FOX 700,MFOLEM02,Umum,PCS,FOX,,tidak,0,14339.9,0,0,0,0,0,3,,,1,,,,,,,,,0,0
LEM ISARPLAST TUBE 40 GR,LEM ISR 40,MISLEM01,Umum,PCS,ISARPLAST,,tidak,0,5720,0,0,0,0,0,3,,,1,,,,,,,,,0,0
LEM KAYU PUTIH Q BOND 350 GR,LEM KY,MQBLEM01,Umum,PCS,Q-BOND,,tidak,0,12500,0,0,0,0,0,3,,,1,,,,,,,,,0,0
LEM KAYU PUTIH Q BOND 700 GR,LEM QBOND700,MQBLEM05,Umum,PCS,Q-BOND,,tidak,0,17000,0,0,0,0,0,3,,,1,,,,,,,,,0,0
LEM KAYU PUTIH Q BOND 700 GR 203A,LEM KY 203A,MQBLEM02,Umum,PCS,Q-BOND,,tidak,0,15504,0,0,0,0,0,3,,,1,,,,,,,,,0,0
LEM KAYU PUTIH Q BOND 750 GR,LEM QBOND750,MQBLEM06,Umum,PCS,Q-BOND,,tidak,0,17000,0,0,0,0,0,3,,,1,,,,,,,,,0,0
LEM KAYU PUTIH Q BOND PUR 24 X 500,LEM PUR500,MQBLEM03,Umum,PCS,Q-BOND,,tidak,0,48000,0,0,0,0,0,3,,,1,,,,,,,,,0,0
LEM KOREA TETES DEXTONE,MDELEM01,MDELEM01,Umum,PCS,DEXTONE,,tidak,0,10000,0,0,0,0,0,3,,,1,,,,,,,,,0,0
LEM KOREA TETES HI-Q,MHILEM01,MHILEM01,Umum,PCS,HI-Q,,tidak,0,5000,0,,0,0,0,3,,,1,,,,,,,,,0,0
LEM KUNING HPL 650 GR Q BOND,LEHPL650,LEHPL650,Alat tukang,PCS,,,ya,54500,60000,0,,0,6,6,5,,,1,,,,,,,,,0,0
LEM PIPA NIPPON PLAST TUBE,LEM NIPLST,MNILEM01,Umum,PCS,NIPPONPLAST,,tidak,0,8000,0,0,0,0,0,3,,,1,,,,,,,,,0,0
LEM PRALON TUBE Q PLAST,LEM PRL TUBE,MQPLEM03,Umum,PCS,QPLAST,,tidak,0,5145,0,0,0,0,0,3,,,1,,,,,,,,,0,0
LEM PVC PLAS 100 GR (FOX),LEM PVC 100,MFOLEM03,Umum,PCS,FOX,,tidak,0,12432,0,0,0,0,0,3,,,1,,,,,,,,,0,0
LEM Q PLAST 100 GR,LEM PRL KLNG K,MQPLEM02,Umum,PCS,QPLAST,,tidak,0,18000,0,0,0,0,0,3,,,1,,,,,,,,,0,0
LEM Q PLAST 400 GR,LEM PRL KLNG,MQPLEM01,Umum,PCS,QPLAST,,tidak,0,50000,0,0,0,0,0,3,,,1,,,,,,,,,0,0
LEM SEALANT BESAR HANDSOME,LEM KC HAND,MHALEM02,Umum,PCS,HANDSOME,,tidak,0,102500,0,0,0,0,0,3,,,1,,,,,,,,,0,0
LEM SILICONE BLACK HIOSHI,SILBLCK,MHILEM02,Umum,PCS,HIOSHI,,tidak,0,17812.5,0,0,0,0,0,3,,,1,,,,,,,,,0,0
LEM SILICONE CLEAR HIOSHI,SILCLR,MHILEM03,Umum,PCS,HIOSHI,,tidak,0,17812.5,0,0,0,0,0,3,,,1,,,,,,,,,0,0
LEM SILICONE ONE DROP BLACK / HITAM,LEM SIL ODBL,MONLEM02,Umum,PCS,ONE DROP,,tidak,0,17500,0,0,0,0,0,3,,,1,,,,,,,,,0,0
LEM SILICONE ONE DROP CLEAR,LEM SIL ODCL,MONLEM03,Umum,PCS,ONE DROP,,tidak,0,17500,0,0,0,0,0,3,,,1,,,,,,,,,0,0
LEM SILICONE ONE DROP PUTIH,LEM SIL ODWHT,MONLEM04,Umum,PCS,ONE DROP,,tidak,0,17500,0,0,0,0,0,3,,,1,,,,,,,,,0,0
LEM SILICONE WHITE HIOSHI,SILWHT,MHILEM04,Umum,PCS,HIOSHI,,tidak,0,17812.5,0,0,0,0,0,3,,,1,,,,,,,,,0,0
LEM SOSIS BLACK,LEM SS BC,MHALEM03,Umum,PCS,HANDSOME,,tidak,0,40000,0,0,0,0,0,3,,,1,,,,,,,,,0,0
LEM SOSIS BLACK ISCO,LEM SS BC IS,MISLEM02,Umum,PCS,ISCO,,tidak,0,40000,0,0,0,0,0,3,,,1,,,,,,,,,0,0
LEM SOSIS CLEAR ISCO,LEM SS CLR,MISLEM03,Umum,PCS,ISCO,,tidak,0,28900,0,0,0,0,0,3,,,1,,,,,,,,,0,0
LEM SOSIS WHITE,LEM SS WH,MHALEM04,Umum,PCS,HANDSOME,,tidak,0,40000,0,0,0,0,0,3,,,1,,,,,,,,,0,0
LEM SOSIS WHITE ISCO,LEM SS WH IS,MISLEM04,Umum,PCS,ISCO,,tidak,0,40000,0,0,0,0,0,3,,,1,,,,,,,,,0,0
LEM TIKUS FOX 75 GR,LEM TKS,MNOLEM02,Umum,PCS,,,tidak,0,18000,0,0,0,0,0,3,,,1,,,,,,,,,0,0
LEMARI SUSUN 2 HYPER,MNOLEM03,MNOLEM03,Plastik,PCS,,,ya,159250,230000,230000,,0,1,0,3,,,1,,,,,,,,,159250,159250
LEMARI SUSUN 2 PREM,MNOLEM05,MNOLEM05,Plastik,PCS,,,ya,101400,148000,148000,,0,2,0,3,,,1,,,,,,,,,101400,202800
LEMARI SUSUN 3 PREM,MNOLEM06,MNOLEM06,Plastik,PCS,,,ya,140400,205000,205000,,0,1,0,3,,,1,,,,,,,,,140400,140400
LEMARI SUSUN 4 HYPER,MNOLEM04,MNOLEM04,Plastik,PCS,,,ya,267150,390000,390000,,0,2,0,3,,,1,,,,,,,,,267150,534300
LEMARI SUSUN 4 PREM,MNOLEM07,MNOLEM07,Plastik,PCS,,,ya,179400,262000,262000,,0,1,0,3,,,1,,,,,,,,,179400,179400
LINGGIS 40 CM,MNOLIN01,MNOLIN01,Alat tukang,PCS,,,tidak,0,0,0,0,0,0,4,3,,,1,,,,,,,,,0,0
LINGGIS 50 CM,MNOLIN02,MNOLIN02,Alat tukang,PCS,,,tidak,0,0,0,0,0,0,5,3,,,1,,,,,,,,,0,0
LINGGIS BESAR,MNOLIN04,MNOLIN04,Umum,PCS,,Area 03,tidak,0,35000,0,0,0,0,0,5,,PCS,1,,,,,,,,,0,0
LINGGIS KECIL,MNOLIN03,MNOLIN03,Umum,PCS,,Area 03,tidak,0,25000,0,0,0,0,0,5,,PCS,1,,,,,,,,,0,0
LOT KERUCUT 200 GR,MNOLOT05,MNOLOT05,Umum,PCS,,Area 03,tidak,0,13000,0,0,0,0,0,5,,PCS,1,,,,,,,,,0,0
LOT KERUCUT 200GR BIASA,MNOLOT01,MNOLOT01,Alat tukang,PCS,,,tidak,0,0,0,0,0,0,6,3,,,1,,,,,,,,,0,0
LOT KERUCUT 400 GR,MNOLOT06,MNOLOT06,Umum,PCS,,Area 03,tidak,0,23000,0,0,0,0,0,5,,PCS,1,,,,,,,,,0,0
LOT KERUCUT 400GR BIASA,MNOLOT02,MNOLOT02,Alat tukang,PCS,,,tidak,0,0,0,0,0,0,6,3,,,1,,,,,,,,,0,0
LOT PELURU 200 GR,MNOLOT07,MNOLOT07,Umum,PCS,,Area 03,tidak,0,18000,0,0,0,0,0,5,,PCS,1,,,,,,,,,0,0
LOT PELURU 200GR BIASA,MNOLOT03,MNOLOT03,Alat tukang,PCS,,,tidak,0,0,0,0,0,0,5,3,,,1,,,,,,,,,0,0
LOT PELURU 300 GR,MNOLOT08,MNOLOT08,Umum,PCS,,Area 03,tidak,0,20000,0,0,0,0,0,5,,PCS,1,,,,,,,,,0,0
LOT PELURU 300GR,MNOLOT04,MNOLOT04,Alat tukang,PCS,,,tidak,0,0,0,0,0,0,5,3,,,1,,,,,,,,,0,0
MAGIC COM COSMOS CRJ 1001,MMGC1001,MMGC1001,Rumah tangga,PCS,,,tidak,223300,280000,0,,0,0,0,5,,,1,,,,,,,,,0,0
MAGIC COM COSMOS CRJ 1803,MMGC1803,MMGC1803,Rumah tangga,PCS,,,tidak,239700,250000,0,,0,0,0,5,,,1,,,,,,,,,0,0
MAGIC COM COSMOS CRJ-3305,MMGC3305,MMGC3305,Rumah tangga,PCS,,,tidak,234300,320000,0,,0,0,0,5,,,1,,,,,,,,,0,0
MAGIC COM COSMOS CRJ-3307,MMGC3307,MMGC3307,Rumah tangga,PCS,,,tidak,259600,350000,0,,0,0,0,5,,,1,,,,,,,,,0,0
MAGIC COM MASPION MRJ-109 SS,MMGM109,MNOMAG01,Rumah tangga,PCS,,,tidak,383500,440000,0,,0,0,0,5,,,1,,,,,,,,,0,0
MAGIC COM MASPION MRJ-1892,MMGM1892,MMGM1892,Rumah tangga,PCS,,,tidak,305000,420000,0,,0,0,0,5,,,1,,,,,,,,,0,0
MAGIC COM MIYAKO MCM-508,MMGM508,MNOMAG02,Rumah tangga,PCS,,,tidak,229700,235000,0,,0,0,0,5,,,1,,,,,,,,,0,0
MAGIC COM MIYAKO MCM-528,MMGM528,MNOMAG03,Rumah tangga,PCS,,,tidak,229700,260000,0,,0,0,0,5,,,1,,,,,,,,,0,0
MAGIC COM MIYAKO MCM-612,MMGM612,MNOMAG04,Rumah tangga,PCS,,,tidak,219000,240000,0,,0,0,0,5,,,1,,,,,,,,,0,0
MAGIC COM YONG MA SMC 7063,MMGY7063,MMGY7063,Rumah tangga,PCS,,,tidak,710000,820000,0,,0,0,0,5,,,1,,,,,,,,,0,0
MAGIC COM YONG MA SMC5061 1 LTR,MMGY5061,MMGY5061,Rumah tangga,PCS,,,tidak,575000,675000,0,,0,0,0,5,,,1,,,,,,,,,0,0
MAGIC COM YONG MA SMC8073 2 LTR,MMGY8073,MMGY8073,Rumah tangga,PCS,,,tidak,583000,700000,0,,0,0,0,5,,,1,,,,,,,,,0,0
MAGNET PINTU DOLPHIN,MDOMAG01,MDOMAG01,Umum,PCS,DOLPHIN,Area 01,tidak,0,20000,0,0,0,0,0,5,,PCS,1,,,,,,,,,0,0
MAGNET PULLER MOLLAR NO. 7,MMOMAG01,MMOMAG01,Umum,PCS,MOLLAR,Area 03,tidak,0,0,0,0,0,0,0,5,,PCS,1,,,,,,,,,0,0
MAGNET PULLER MULTIPRO NO. 4,MMUMAG01,MMUMAG01,Umum,PCS,MULTIPRO,Area 03,tidak,0,0,0,0,0,0,0,5,,PCS,1,,,,,,,,,0,0
MARKING KRAYON BIRU HIOSHI,MR KR BR HS,MHIMAR01,Umum,PCS,HIOSHI,,tidak,0,28000,0,0,0,0,0,3,,,1,,,,,,,,,0,0
MATA BLENDER LAS NO 2 YAMATO,MTBDLA2,MTBDLA2,Alat teknik,PCS,,,tidak,0,30000,0,,0,0,0,5,,,1,,,,,,,,,0,0
MATA BOR AUGERBITS 10MM HASSTON,MHAMAT01,MHAMAT01,Alat teknik,PCS,HASSTON,Area 02,tidak,0,30000,0,0,0,0,0,5,,,1,,,,,,,,,0,0
MATA BOR AUGERBITS 13MM HASSTON,MHAMAT02,MHAMAT02,Alat teknik,PCS,HASSTON,Area 02,tidak,0,35000,0,0,0,0,0,5,,,1,,,,,,,,,0,0
MATA BOR AUGERBITS 16MM HASSTON,MHAMAT03,MHAMAT03,Alat teknik,PCS,HASSTON,Area 02,tidak,0,42000,0,0,0,0,0,5,,,1,,,,,,,,,0,0
MATA BOR AUGERBITS 19MM HASSTON,MHAMAT04,MHAMAT04,Alat teknik,PCS,HASSTON,Area 02,tidak,0,52000,0,0,0,0,0,5,,,1,,,,,,,,,0,0
MATA BOR BESI KUNING 3MM GDO,MTBBKN3,MNOMAT32,Alat tukang,PCS,,,tidak,0,6000,0,,0,0,0,5,,,1,,,,,,,,,0,0
MATA BOR BETON 10MM BRANCH,MMTBBBR10,MTBBBR10,Power tools,PCS,,,tidak,0,70000,0,,0,0,0,5,,,1,,,,,,,,,0,0
MATA BOR BETON 10MM GDO,MGDMAT03,MGDMAT03,Alat tukang,PCS,GDO,,tidak,0,30000,0,,0,0,15,3,,,1,,,,,,,,,0,0
MATA BOR BETON 12MM GDO,MGDMAT04,MGDMAT04,Alat tukang,PCS,GDO,,tidak,0,36000,0,,0,0,7,3,,,1,,,,,,,,,0,0
MATA BOR BETON 4MM GDO,MGDMAT01,MGDMAT01,Alat tukang,PCS,GDO,,tidak,0,8000,0,,0,0,9,3,,,1,,,,,,,,,0,0
MATA BOR BETON 5MM GDO,MGDMAT02,MGDMAT02,Alat tukang,PCS,GDO,,tidak,0,10000,0,,0,0,23,3,,,1,,,,,,,,,0,0
MATA BOR BETON 6MM GDO,MB BTN6,MNOMAT04,Umum,PCS,,,tidak,0,12000,0,,0,0,0,3,,,1,,,,,,,,,0,0
MATA BOR BETON 8MM BRANCH,MMTBBBRN,MNOMAT28,Alat teknik,PCS,,,tidak,0,50000,0,,0,0,0,5,,,1,,,,,,,,,0,0
MATA BOR BETON 8MM GDO,MGDMAT05,MGDMAT05,Alat tukang,PCS,GDO,,tidak,0,20000,0,,0,0,0,3,,,1,,,,,,,,,0,0
MATA BOR BETON GOMEO 10,MGOMAT03,MGOMAT03,Alat tukang,PCS,GOMEO,,tidak,0,0,0,0,0,0,7,3,,,1,,,,,,,,,0,0
MATA BOR BETON GOMEO 12,MGOMAT04,MGOMAT04,Alat tukang,PCS,GOMEO,,tidak,0,0,0,0,0,0,9,3,,,1,,,,,,,,,0,0
MATA BOR BETON GOMEO 6,MGOMAT01,MGOMAT01,Alat tukang,PCS,GOMEO,,tidak,0,9000,0,0,0,0,10,3,,,1,,,,,,,,,0,0
MATA BOR BETON GOMEO 8,MGOMAT02,MGOMAT02,Alat tukang,PCS,GOMEO,,tidak,0,0,0,0,0,0,9,3,,,1,,,,,,,,,0,0
MATA BOR BETON HASSTON 10MM X 120,MHAMAT11,MHAMAT11,Alat teknik,PCS,HASSTON,Area 02,tidak,0,25000,0,0,0,0,0,5,,,1,,,,,,,,,0,0
MATA BOR BETON MAKITA 10,MMAMAT03,MMAMAT03,Alat tukang,PCS,MAKITA MT,,tidak,0,35000,0,0,0,0,3,3,,,1,,,,,,,,,0,0
MATA BOR BETON MAKITA 12,MMAMAT04,MMAMAT04,Alat tukang,PCS,MAKITA MT,,tidak,0,38000,0,0,0,0,3,3,,,1,,,,,,,,,0,0
MATA BOR BETON MAKITA 16,MMAMAT05,MMAMAT05,Alat tukang,PCS,MAKITA MT,,tidak,0,0,0,0,0,0,2,3,,,1,,,,,,,,,0,0
MATA BOR BETON MAKITA 5,MMAMAT01,MMAMAT01,Alat tukang,PCS,MAKITA MT,,tidak,0,0,0,0,0,0,2,3,,,1,,,,,,,,,0,0
MATA BOR BETON MAKITA 8,MMAMAT02,MMAMAT02,Alat tukang,PCS,MAKITA MT,,tidak,0,0,0,0,0,0,1,3,,,1,,,,,,,,,0,0
MATA BOR BETON SDS 10MM ESSEN,MESMAT05,MESMAT05,Umum,PCS,ESSEN,Area 02,ya,0,22000,0,0,0,5,4,5,,PCS,1,,,,,,,,,0,0
MATA BOR BETON SDS 6MM ESSEN,MESMAT07,MESMAT07,Umum,PCS,ESSEN,Area 02,ya,0,18000,0,0,0,4,4,5,,PCS,1,,,,,,,,,0,0
MATA BOR BETON SDS 8MM ESSEN,MESMAT06,MESMAT06,Umum,PCS,ESSEN,Area 02,ya,0,20000,0,0,0,6,4,5,,PCS,1,,,,,,,,,0,0
MATA BOR BETON SET 5 PCS HASSTON,MTBBSHA,MNOMAT33,Alat teknik,SET,,,tidak,0,55000,0,,0,0,0,5,,,1,,,,,,,,,0,0
MATA BOR BOBOK FLAT ESSEN,MTBBFLES,MTBBFLES,Alat teknik,PCS,,,ya,0,32000,0,,0,3,0,5,,,1,,,,,,,,,0,0
MATA BOR BOBOK SDS PIPIH TJAP MATA,MMTBSDSPTM,MTBBSDSP,Alat teknik,PCS,,,tidak,0,75000,0,,0,0,0,5,,,1,,,,,,,,,0,0
MATA BOR BOBOK SDS POINT TJAP MATA,MTBPPTM,MTBPPTM,Alat teknik,PCS,,,tidak,0,70000,0,,0,0,0,5,,,1,,,,,,,,,0,0
MATA BOR COLOK 10 YOZURI,MTB CLK YZ 10,MYOMAT01,Umum,PCS,YOZURI,,tidak,0,25000,0,0,0,0,0,3,,,1,,,,,,,,,0,0
MATA BOR COLOK 12 YOZURI,MTB CLK YZ 12,MYOMAT02,Umum,PCS,YOZURI,,tidak,0,27500,0,0,0,0,0,3,,,1,,,,,,,,,0,0
MATA BOR COLOK 6 YOZURI,MTB CLK YZ 6,MYOMAT03,Umum,PCS,YOZURI,,tidak,0,15000,0,0,0,0,0,3,,,1,,,,,,,,,0,0
MATA BOR COLOK 8 YOZURI,MTB CLK YZ 8,MYOMAT04,Umum,PCS,YOZURI,,tidak,0,19000,0,0,0,0,0,3,,,1,,,,,,,,,0,0
MATA BOR ENGSEL SENDOK 15MM,MTBESN15,MTBESN15,Alat teknik,PCS,,,ya,26500,32000,0,,0,1,0,5,,,1,,,,,,,,,0,0
MATA BOR ENGSEL SENDOK 16MM,MTBESN16,MTBESN16,Alat teknik,PCS,,,ya,28000,34000,0,,0,3,0,5,,,1,,,,,,,,,0,0
MATA BOR ENGSEL SENDOK 18MM,MTBESN18,MTBESN18,Alat teknik,PCS,,,ya,32000,36000,0,,0,3,0,5,,,1,,,,,,,,,0,0
MATA BOR ENGSEL SENDOK 22MM,MTBESN22,MTBESN22,Alat teknik,PCS,,,ya,36000,40000,0,,0,3,0,5,,,1,,,,,,,,,0,0
MATA BOR ENGSEL SENDOK 25MM,MTBESN25,MTBESN25,Alat teknik,PCS,,,ya,41000,45000,0,,0,1,0,5,,,1,,,,,,,,,0,0
MATA BOR ENGSEL SENDOK 28MM,MTBESN28,MTBESN28,Alat teknik,PCS,,,ya,46000,50000,0,,0,3,0,5,,,1,,,,,,,,,0,0
MATA BOR ENGSEL SENDOK 30MM,MTBESN30,MTBESN30,Alat teknik,PCS,,,ya,48500,53000,0,,0,3,0,5,,,1,,,,,,,,,0,0
MATA BOR ENGSEL SENDOK 32MM,MTBESN32,MTBESN32,Alat teknik,PCS,,,ya,52000,58000,0,,0,3,0,5,,,1,,,,,,,,,0,0
MATA BOR ENGSEL SENDOK 35MM,MTBESN35,MTBESN35,Alat teknik,PCS,,,ya,52500,60000,0,,0,2,0,5,,,1,,,,,,,,,0,0
MATA BOR ENGSEL SENDOK 38MM,MTBESN38,MTBESN38,Alat teknik,PCS,,,ya,57000,64000,0,,0,2,0,5,,,1,,,,,,,,,0,0
MATA BOR ENGSEL SENDOK 40MM,MTBESN40,MTBESN40,Alat teknik,PCS,,,ya,59500,68000,0,,0,2,0,5,,,1,,,,,,,,,0,0
MATA BOR ENGSEL SENDOK 45MM,MTBESN45,MTBESN45,Alat teknik,PCS,,,ya,67000,76000,0,,0,1,0,5,,,1,,,,,,,,,0,0
MATA BOR ENGSEL SENDOK 50MM,MTBESN50,MTBESN50,Alat teknik,PCS,,,ya,74500,82000,0,,0,1,0,5,,,1,,,,,,,,,0,0
MATA BOR JIGSAW MOLLAR,MMOMAT05,MMOMAT05,Alat tukang,PCS,MOLLAR,,tidak,0,0,0,0,0,0,5,3,,,1,,,,,,,,,0,0
MATA BOR KIPAS SET 3 PCS BLITZ,MBORKPS3,MNOMAT05,Alat teknik,SET,,,ya,0,40000,0,,0,0,0,5,,,1,,,,,,,,,0,0
MATA BOR KIPAS SET 6 PCS,MBORKPS6,MTBKPSS6,Alat tukang,SET,,,ya,0,60000,0,,0,0,0,5,,,1,,,,,,,,,0,0
"MATA BOR KUNING 1,5'","MB KNG1,5",MNOMAT07,Umum,PCS,,,tidak,0,3500,0,0,0,0,0,3,,,1,,,,,,,,,0,0
MATA BOR KUNING 1',MB KNG1,MNOMAT06,Umum,PCS,,,tidak,0,0,0,0,0,0,0,3,,,1,,,,,,,,,0,0
MATA BOR KUNING 10',MB KNG10,MB KNG10,Umum,PCS,,,tidak,0,8300,0,0,0,0,0,3,,,1,,,,,,,,,0,0
MATA BOR KUNING 11',MB KNG11,MB KNG11,Umum,PCS,,,tidak,0,8142.76,0,0,0,0,0,3,,,1,,,,,,,,,0,0
MATA BOR KUNING 12',MB KNG12,MB KNG12,Umum,PCS,,,tidak,0,8921.78,0,0,0,0,0,3,,,1,,,,,,,,,0,0
"MATA BOR KUNING 2,5'","MB KNG2,5",MNOMAT09,Umum,PCS,,,tidak,0,3500,0,0,0,0,0,3,,,1,,,,,,,,,0,0
MATA BOR KUNING 2',MB KNG2,MNOMAT08,Umum,PCS,,,tidak,0,3500,0,0,0,0,0,3,,,1,,,,,,,,,0,0
"MATA BOR KUNING 3,5'","MB KNG3,5",MNOMAT11,Umum,PCS,,,tidak,0,1365,0,0,0,0,0,3,,,1,,,,,,,,,0,0
MATA BOR KUNING 3',MB KNG3,MNOMAT10,Umum,PCS,,,tidak,0,954,0,0,0,0,0,3,,,1,,,,,,,,,0,0
"MATA BOR KUNING 4,5'","MB KNG4,5",MNOMAT13,Umum,PCS,,,tidak,0,1430,0,0,0,0,0,3,,,1,,,,,,,,,0,0
MATA BOR KUNING 4',MB KNG4,MNOMAT12,Umum,PCS,,,tidak,0,1398.18,0,0,0,0,0,3,,,1,,,,,,,,,0,0
"MATA BOR KUNING 5,5'","MB KNG5,5",MNOMAT15,Umum,PCS,,,tidak,0,1748.18,0,0,0,0,0,3,,,1,,,,,,,,,0,0
MATA BOR KUNING 5',MB KNG5,MNOMAT14,Umum,PCS,,,tidak,0,1695.47,0,0,0,0,0,3,,,1,,,,,,,,,0,0
"MATA BOR KUNING 6,5'","MB KNG6,5",MNOMAT17,Umum,PCS,,,tidak,0,3233,0,0,0,0,0,3,,,1,,,,,,,,,0,0
MATA BOR KUNING 6',MB KNG6,MNOMAT16,Umum,PCS,,,tidak,0,1907,0,0,0,0,0,3,,,1,,,,,,,,,0,0
"MATA BOR KUNING 7,5'","MB KNG7,5",MNOMAT19,Umum,PCS,,,tidak,0,0,0,0,0,0,0,3,,,1,,,,,,,,,0,0
MATA BOR KUNING 7',MB KNG7,MNOMAT18,Umum,PCS,,,tidak,0,3977.27,0,0,0,0,0,3,,,1,,,,,,,,,0,0
MATA BOR KUNING 8',MB KNG8,MNOMAT20,Umum,PCS,,,tidak,0,4177.67,0,0,0,0,0,3,,,1,,,,,,,,,0,0
MATA BOR KUNING 9',MB KNG9,MNOMAT21,Umum,PCS,,,tidak,0,18000,0,0,0,0,0,3,,,1,,,,,,,,,0,0
MATA BOR MULTIFUNGSI 10 MM IWA,MB MTF 10,MIWMAT01,Umum,PCS,IWA,,tidak,0,35000,0,0,0,0,0,3,,,1,,,,,,,,,0,0
MATA BOR MULTIFUNGSI 10MM ESSEN,MESMAT01,MESMAT01,Umum,PCS,ESSEN,Area 02,ya,0,30000,0,0,0,6,4,5,,PCS,1,,,,,,,,,0,0
MATA BOR MULTIFUNGSI 12MM ESSEN,MESMAT02,MESMAT02,Umum,PCS,ESSEN,Area 02,ya,0,32000,0,0,0,6,4,5,,PCS,1,,,,,,,,,0,0
MATA BOR MULTIFUNGSI 6 MM IWA,MB MTF 6,MB MTF 6,Umum,PCS,IWA,,tidak,0,25000,0,0,0,0,0,3,,,1,,,,,,,,,0,0
MATA BOR MULTIFUNGSI 6MM ESSEN,MESMAT03,MESMAT03,Umum,PCS,ESSEN,Area 02,ya,0,15000,0,0,0,6,4,5,,PCS,1,,,,,,,,,0,0
MATA BOR MULTIFUNGSI 8 MM IWA,MB MTF 8,MB MTF 8,Umum,PCS,IWA,,tidak,0,30000,0,0,0,0,0,3,,,1,,,,,,,,,0,0
MATA BOR MULTIFUNGSI 8MM ESSEN,MESMAT04,MESMAT04,Umum,PCS,ESSEN,Area 02,ya,0,20000,0,0,0,6,4,5,,PCS,1,,,,,,,,,0,0
MATA BOR NACHI 10MM,MTBNCH10,MTBNCH10,Alat teknik,PCS,,,tidak,0,105000,0,,0,0,0,5,,,1,,,,,,,,,0,0
MATA BOR NACHI 3MM,MTBNCH3,MNOMAT30,Alat tukang,PCS,,,tidak,0,25000,0,,0,0,0,5,,,1,,,,,,,,,0,0
MATA BOR NACHI 5MM,MTBNCH5,MNOMAT31,Alat tukang,PCS,,,tidak,0,35000,0,,0,0,0,5,,,1,,,,,,,,,0,0
MATA BOR NACHI 6MM,MTBRNAC6,MTBRNAC6,Alat teknik,PCS,,,tidak,0,42000,0,,0,0,0,3,,,1,,,,,,,,,0,0
MATA BOR NACHI 8MM,MTBNCH8,MTBNCH8,Alat tukang,PCS,,,tidak,0,65000,0,,0,0,0,5,,,1,,,,,,,,,0,0
MATA BOR PAGODA 3-12MM,MPGD312,MNOMAT03,Alat teknik,PCS,,,tidak,0,30000,0,,0,0,0,5,,,1,,,,,,,,,0,0
MATA BOR PAGODA 4-20MM,MNOMAT26,MNOMAT26,Umum,PCS,,Area 02,tidak,0,45000,0,,0,0,0,5,,PCS,1,,,,,,,,,0,0
MATA BOR PAGODA 4-32MM,MNOMAT25,MNOMAT25,Umum,PCS,,Area 02,tidak,0,70000,0,,0,0,0,5,,PCS,1,,,,,,,,,0,0
MATA BOR PAGODA MEIJER 3 - 12 MM,MNOMAT02,MNOMAT02,Alat tukang,PAK,,,tidak,0,30000,0,0,0,0,1,3,,,1,,,,,,,,,0,0
MATA BOR PAGODA SET 3 PCS,MNOMAT27,MNOMAT27,Umum,PCS,,Area 02,ya,0,85000,0,0,0,0,0,5,,PCS,1,,,,,,,,,0,0
MATA BOR SDS / COLOK BOSCH 10,MBOMAT02,MBOMAT02,Alat tukang,PCS,BOSCH,,tidak,0,0,0,0,0,0,1,3,,,1,,,,,,,,,0,0
MATA BOR SDS / COLOK BOSCH 8,MBOMAT01,MBOMAT01,Alat tukang,PCS,BOSCH,,tidak,0,0,0,0,0,0,2,3,,,1,,,,,,,,,0,0
MATA BOR SDS / COLOK MAKITA 10,MMAMAT06,MMAMAT06,Alat tukang,PCS,MAKITA MT,,tidak,0,0,0,0,0,0,1,3,,,1,,,,,,,,,0,0
MATA BOR SDS / COLOK MAKITA 12,MMAMAT07,MMAMAT07,Alat tukang,PCS,MAKITA MT,,tidak,0,38000,0,0,0,0,2,3,,,1,,,,,,,,,0,0
MATA BOR SDS / COLOK MAKITA 14,MMAMAT08,MMAMAT08,Alat tukang,PCS,MAKITA MT,,tidak,0,0,0,0,0,0,2,3,,,1,,,,,,,,,0,0
MATA BOR SDS / COLOK MAKITA 16,MMAMAT11,MMAMAT11,Alat tukang,PCS,MAKITA MT,,tidak,0,0,0,0,0,0,1,3,,,1,,,,,,,,,0,0
MATA BOR SDS / COLOK MAKITA 6,MMAMAT09,MMAMAT09,Alat tukang,PCS,MAKITA MT,,tidak,0,0,0,0,0,0,1,3,,,1,,,,,,,,,0,0
MATA BOR SDS / COLOK MAKITA 8,MMAMAT10,MMAMAT10,Alat tukang,PCS,MAKITA MT,,tidak,0,0,0,0,0,0,1,3,,,1,,,,,,,,,0,0
MATA BOR TOMBAK 10MM TJAP MATA,MTJMAT03,MTJMAT03,Alat tukang,PCS,TJAP MATA,,tidak,0,35000,0,,0,0,13,3,,,1,,,,,,,,,0,0
MATA BOR TOMBAK 6MM TJAP MATA,MTJMAT01,MTJMAT01,Alat tukang,PCS,TJAP MATA,,tidak,0,25000,0,,0,0,13,3,,,1,,,,,,,,,0,0
MATA BOR TOMBAK 8MM TJAP MATA,MTJMAT02,MTJMAT02,Alat tukang,PCS,TJAP MATA,,tidak,0,30000,0,,0,0,13,3,,,1,,,,,,,,,0,0
MATA CIRCLE BULL 7' X 24T,MBUMAT01,MBUMAT01,Alat tukang,PCS,BULL,,tidak,0,110000,0,0,0,0,2,3,,,1,,,,,,,,,0,0
"MATA CIRCLE MODERN 4"" X 24T",MMOMAT06,MMOMAT06,Power tools,PCS,MODERN POWER TOOLS,Area 02,tidak,0,30000,0,0,0,0,0,3,,,1,,,,,,,,,0,0
MATA CIRCLE MOLLAR 10' X 120 T,MMOMAT04,MMOMAT04,Alat tukang,PCS,MOLLAR,,tidak,0,190000,0,0,0,0,1,3,,,1,,,,,,,,,0,0
MATA CIRCLE MOLLAR 7 X 100 T,MMOMAT02,MMOMAT02,Alat tukang,PCS,MOLLAR,,tidak,0,115000,0,0,0,0,3,3,,,1,,,,,,,,,0,0
MATA CIRCLE MOLLAR 7 X 80 T,MMOMAT03,MMOMAT03,Alat tukang,PCS,MOLLAR,,tidak,0,90000,0,0,0,0,4,3,,,1,,,,,,,,,0,0
MATA CIRCLE TURBO ISCO,MISMAT01,MISMAT01,Alat tukang,PCS,ISCO,,tidak,0,0,0,0,0,0,2,3,,,1,,,,,,,,,0,0
MATA GERINDA 72 SET MOLLAR,MMOMAT01,MMOMAT01,Alat tukang,PCS,MOLLAR,,tidak,0,0,0,0,0,0,1,3,,,1,,,,,,,,,0,0
MATA GRAJI GLX FLEX 18T,GLX FLEX18,MGLMAT01,Umum,PCS,GLX,,tidak,0,5500,0,0,0,0,0,3,,,1,,,,,,,,,0,0
MATA GRAJI TRIPLEK BIASA,MNOMAT01,MNOMAT01,Alat tukang,PCS,,,tidak,0,0,0,0,0,0,114,3,,,1,,,,,,,,,0,0
MATA GRAJI VPR FLEX 18T,VPR FLEX 18,MVPMAT02,Umum,PCS,VPR,,tidak,0,5000,0,0,0,0,0,3,,,1,,,,,,,,,0,0
MATA GRAJI VPR FLEX 24T,VPR FLEX 24,MVPMAT03,Umum,PCS,VPR,,tidak,0,900.9,0,0,0,0,0,3,,,1,,,,,,,,,0,0
MATA JIG SAW SET 5 PCS NO. 1,MNOMAT22,MNOMAT22,Umum,PCS,,Area 02,tidak,0,20000,0,,0,0,0,5,,PCS,1,,,,,,,,,0,0
MATA JIG SAW SET 5 PCS NO. 10,MNOMAT23,MNOMAT23,Umum,PCS,,Area 02,tidak,0,27000,0,,0,0,0,5,,PCS,1,,,,,,,,,0,0
MATA JIG SAW SET 5 PCS T101AO,MNOMAT24,MNOMAT24,Umum,PCS,,Area 02,ya,19000,25000,0,,0,0,3,5,,PCS,1,,,,,,,,,0,0
MATA OBENG ANGIN (RING) PH2 VPR,MTOBRVPR,MTOBRVPR,Alat teknik,PCS,,,tidak,0,8000,0,,0,0,0,5,,,1,,,,,,,,,0,0
MATA OBENG ANGIN +- PH2 X 65MM TEKIRO,MTOAP2TK,MTOAP2TK,Alat teknik,PCS,,,ya,8200,13000,0,,0,10,0,5,,PAK,10,PAK,130000,0,,,,,,0,0
MATA OBENG ANGIN CAMEL,MCAMAT01,MCAMAT01,Alat tukang,PAK,CAMEL,,tidak,0,0,0,0,0,0,1,5,,,1,,,,,,,,,0,0
MATA OBENG ANGIN NEVADA,MNEMAT01,MNEMAT01,Alat tukang,PAK,NEVADA,,tidak,0,0,0,0,0,0,10,5,,,1,,,,,,,,,0,0
MATA OBENG ANGIN VPR,MVPMAT01,MVPMAT01,Alat tukang,PAK,VPR,,tidak,0,0,0,0,0,0,10,3,,,1,,,,,,,,,0,0
MATA OBENG KETOK PH2 (-) TEKIRO,MTEMAT03,MTEMAT03,Umum,PCS,TEKIRO,Area 02,ya,8700,10000,0,,0,6,6,5,,PCS,1,,,,,,,,,0,0
MATA OBENG KETOK PH2 (+) TEKIRO,MTEMAT02,MTEMAT02,Umum,PCS,TEKIRO,Area 02,ya,8700,10000,0,,0,6,6,5,,PCS,1,,,,,,,,,0,0
MATA POTONG HD 60CM (TITANIUM) HIOSHI,MT PTG HD60CM,MHIMAT01,Umum,PCS,HIOSHI,,tidak,0,0,0,0,0,0,0,3,,,1,,,,,,,,,0,0
MATA PROFIL SET 12 PCS BENZ,MTPRSETB,MTPRSETB,Alat teknik,SET,,,tidak,0,150000,0,,0,0,0,5,,,1,,,,,,,,,0,0
MATA PROFIL SET BENZ,MBEMAT01,MBEMAT01,Alat tukang,PCS,BENZ,,tidak,0,0,0,0,0,0,0,3,,,1,,,,,,,,,0,0
MATA SERKEL BOSCH 5/8,MT SRK BSCH,MBOMAT03,Umum,PCS,BOSCH,,tidak,0,125441.11,0,0,0,0,0,3,,,1,,,,,,,,,0,0
"MATA SOCK HASSTON 1/2"" 6 PT 10MM",MHAMAT06,MHAMAT06,Alat teknik,PCS,HASSTON,Area 02,tidak,8690,12000,0,,0,0,0,5,,,1,,,,,,,,,0,0
"MATA SOCK HASSTON 1/2"" 6 PT 12MM",MHAMAT07,MHAMAT07,Alat teknik,PCS,HASSTON,Area 02,tidak,8690,12000,0,,0,0,0,5,,,1,,,,,,,,,0,0
"MATA SOCK HASSTON 1/2"" 6 PT 14MM",MHAMAT08,MHAMAT08,Alat teknik,PCS,HASSTON,Area 02,tidak,8690,12000,0,,0,0,0,5,,,1,,,,,,,,,0,0
"MATA SOCK HASSTON 1/2"" 6 PT 19MM",MHAMAT09,MHAMAT09,Alat teknik,PCS,HASSTON,Area 02,tidak,11165,16000,0,,0,0,0,5,,,1,,,,,,,,,0,0
"MATA SOCK HASSTON 1/2"" 6 PT 24MM",MHAMAT10,MHAMAT10,Alat teknik,PCS,HASSTON,Area 02,tidak,14080,20000,0,,0,0,0,5,,,1,,,,,,,,,0,0
"MATA SOCK HASSTON 1/2"" 6 PT 8MM",MHAMAT05,MHAMAT05,Alat teknik,PCS,HASSTON,Area 02,tidak,8690,12000,0,,0,0,0,5,,,1,,,,,,,,,0,0
"MATA SOCK PANJANG TEKIRO 10MM 1/2"" 6 PT",MTSPTK10,MTSPTK10,Alat teknik,PCS,,,ya,34650,42000,0,,0,5,0,5,,,1,,,,,,,,,0,0
"MATA SOCK PANJANG TEKIRO 12MM 1/2"" 6 PT",MTSPTK12,MTSPTK12,Alat teknik,PCS,,,ya,34650,42000,0,,0,5,0,5,,,1,,,,,,,,,0,0
"MATA SOCK PANJANG TEKIRO 14MM 1/2"" 6 PT",MTSPTK14,MTSPTK14,Alat teknik,PCS,,,ya,34650,42000,0,,0,5,0,5,,,1,,,,,,,,,0,0
"MATA SOCK PANJANG TEKIRO 17MM 1/2"" 6 PT",MTSPTK17,MTSPTK17,Alat teknik,PCS,,,ya,34650,42000,0,,0,5,0,5,,,1,,,,,,,,,0,0
"MATA SOCK PANJANG TEKIRO 19MM 1/2"" 6 PT",MTSPTK19,MTSPTK19,Alat teknik,PCS,,,ya,35750,45000,0,,0,5,0,5,,,1,,,,,,,,,0,0
"MATA SOCK PANJANG TEKIRO 22MM 1/2"" 6 PT",MTSPTK22,MTSPTK22,Alat teknik,PCS,,,ya,42000,52000,0,,0,0,0,5,,,1,,,,,,,,,0,0
"MATA SOCK PANJANG TEKIRO 24MM 1/2"" 6 PT",MTSPTK24,MTSPTK24,Alat teknik,PCS,,,ya,45375,55000,0,,0,5,0,5,,,1,,,,,,,,,0,0
"MATA SOCK PANJANG TEKIRO 8MM 1/2"" 6 PT",MTSPTK8,MNOMAT29,Alat teknik,PCS,,,ya,34650,42000,0,,0,5,0,5,,,1,,,,,,,,,0,0
MATA SOCK ROFING FREED,MTSROFF,MNOMAT34,Alat teknik,PCS,,,tidak,0,10000,0,,0,0,0,5,,,1,,,,,,,,,0,0
MATA SOCK ROFING PENDEK BLACKFOOT,MTSORPBF,MTSORPBF,Alat teknik,PCS,,,tidak,0,8000,0,,0,0,0,5,,,1,,,,,,,,,0,0
MATA SOCK TEKIRO 1/2” 6 PT 17MM,MTEMAT01,MTEMAT01,Alat teknik,PCS,TEKIRO,Area 02,ya,23100,28000,0,,0,6,10,3,,,1,,,,,,,,,0,0
MATA SOCK TEKIRO 22MM 1/2” 6PT,MTSOTK22,MTSOTK22,Alat teknik,PCS,,,ya,30525,37000,0,,0,0,0,5,,,1,,,,,,,,,0,0
MATA SOK BINTANG 1/2 T40 TEKIRO,MTEMAT06,MTEMAT06,Umum,PCS,TEKIRO,Area 02,ya,29325,35000,0,,0,2,0,5,,PCS,1,,,,,,,,,0,0
MATA SOK BINTANG 1/2 T45 TEKIRO,MTEMAT07,MTEMAT07,Umum,PCS,TEKIRO,Area 02,ya,29325,35000,0,,0,2,2,5,,PCS,1,,,,,,,,,0,0
MATA SOK BINTANG 1/2 T50 TEKIRO,MTEMAT08,MTEMAT08,Umum,PCS,TEKIRO,Area 02,ya,33925,42000,0,,0,1,0,5,,PCS,1,,,,,,,,,0,0
MATA SOK ROFING TEKIRO 10 X 65MM,MTEMAT05,MTEMAT05,Umum,PCS,TEKIRO,Area 02,ya,17509,22000,0,,0,6,0,5,,PCS,1,,,,,,,,,0,0
MATA SOK ROFING TEKIRO 8 X 65MM,MTEMAT04,MTEMAT04,Umum,PCS,TEKIRO,Area 02,ya,13842,18000,0,,0,5,0,5,,PCS,1,,,,,,,,,0,0
MCB 10A 17310C BROCO,MBRMCB03,MBRMCB03,Listrik,PCS,BROCO,Area 05,tidak,0,44000,0,,0,0,0,5,,,1,,,,,,,,,0,0
MCB 16A 17316C BROCO,MBRMCB04,MBRMCB04,Listrik,PCS,BROCO,Area 05,tidak,0,44000,0,,0,0,0,5,,,1,,,,,,,,,0,0
MCB 2A 17302C BROCO,MBRMCB01,MBRMCB01,Listrik,PCS,BROCO,Area 05,tidak,0,45000,0,,0,0,0,5,,,1,,,,,,,,,0,0
MCB 4A 17304C BROCO,MBRMCB02,MBRMCB02,Listrik,PCS,BROCO,Area 05,tidak,0,45000,0,,0,0,0,5,,,1,,,,,,,,,0,0
MESIN AMPLAS MODERN M-2500B,MMOMES22,MMOMES22,Power tools,PCS,MODERN POWER TOOLS,Area 02,tidak,0,365000,0,0,0,0,0,3,,,1,,,,,,,,,0,0
MESIN BOR 10MM BOSCH GBM 400,BBGBM400,MNOMES03,Power tools,PCS,,,ya,405000,460000,0,,0,2,0,5,,,1,,,,,,,,,0,0
MESIN BOR 10MM MODERN M-2100B,MMOMES24,MMOMES24,Power tools,PCS,MODERN POWER TOOLS,Area 02,tidak,0,245000,0,,0,0,0,3,,,1,,,,,,,,,0,0
MESIN BOR 10MM MODERN M-2100C,MMOMES03,MMOMES03,Power tools,PCS,MODERN POWER TOOLS,Area 02,tidak,0,280000,0,0,0,0,0,1,,,1,,,,,,,,,0,0
MESIN BOR 13MM BOSCH GSB 600,BBGSB600,MNOMES04,Power tools,PCS,,,ya,572000,650000,0,,0,1,0,5,,,1,,,,,,,,,0,0
MESIN BOR 13MM MODERN M-2150,MOD2150,MOD2150,Power tools,PCS,,,tidak,0,380000,0,,0,0,0,5,,,1,,,,,,,,,0,0
MESIN BOR BATERAI 10MM MODERN M-12V,MMOMES05,MMOMES05,Power tools,PCS,MODERN POWER TOOLS,Area 02,tidak,0,450000,0,0,0,0,0,1,,,1,,,,,,,,,0,0
MESIN BOR BATERAI 10MM MODERN M-13 SET,MMOMES01,MMOMES01,Power tools,PCS,MODERN POWER TOOLS,Area 02,tidak,0,450000,0,0,0,0,0,1,,,1,,,,,,,,,0,0
MESIN BOR BETON 13MM MODERN M-2130B,MMOMES04,MMOMES04,Power tools,PCS,MODERN POWER TOOLS,Area 02,ya,0,400000,0,,0,2,3,1,,,1,,,,,,,,,0,0
MESIN BOR CORDLESS 10MM HDT,MBCS10MD,MBCS10MD,Power tools,PCS,HDT,Area 02,tidak,0,225000,0,,0,0,0,3,,,1,,,,,,,,,0,0
MESIN BOR LISTRIK 10MM MODERN JIZ-10B,MMOMES23,MMOMES23,Power tools,PCS,MODERN POWER TOOLS,Area 02,tidak,0,260000,0,0,0,0,0,3,,,1,,,,,,,,,0,0
MESIN BOR OBENG CORDLESS 47 PCS,BOROBCRD,MNOMES01,Power tools,PCS,,,tidak,0,180000,0,,0,0,0,5,,,1,,,,,,,,,0,0
MESIN BOR TUNER MINI MODERN M-2310,MNOMES15,MNOMES15,Power tools,PCS,MODERN POWER TOOLS,Area 02,tidak,0,450000,0,0,0,0,0,1,,,1,,,,,,,,,0,0
MESIN CIRCULAR SAW MODERN M-2600L (LASER),MMOMES07,MMOMES07,Power tools,PCS,MODERN POWER TOOLS,Area 02,tidak,0,650000,0,0,0,0,0,1,,,1,,,,,,,,,0,0
"MESIN CIRCULAR SAW SM10""X40T ESSEN",CIRCULARSAW SM10,MESMES01,Umum,PCS,ESSEN,,tidak,0,87200,0,0,0,0,0,3,,,1,,,,,,,,,0,0
"MESIN CUT OFF 14"" MODERN M-2480D",MMOMES09,MMOMES09,Power tools,PCS,MODERN POWER TOOLS,Area 02,tidak,0,1275000,0,0,0,0,0,1,,,1,,,,,,,,,0,0
"MESIN CUT OFF 14"" MODERN M-2490",MMOMES08,MMOMES08,Power tools,PCS,MODERN POWER TOOLS,Area 02,tidak,0,1550000,0,0,0,0,0,1,,,1,,,,,,,,,0,0
"MESIN CUT OFF 7"" RYU RCO180",CUT7RYU,MNOMES02,Power tools,PCS,,,tidak,0,1020000,0,,0,0,0,5,,,1,,,,,,,,,0,0
MESIN GERINDA BATERAI CORDLESS MODERN MG-20LI,MMOMES10,MMOMES10,Power tools,PCS,MODERN POWER TOOLS,Area 02,tidak,0,1450000,0,0,0,0,0,1,,,1,,,,,,,,,0,0
MESIN GERINDA BOSCH GWS 700,GBGWS700,MNOMES05,Power tools,PCS,,,ya,0,450000,0,,0,8,0,5,,,1,,,,,,,,,0,0
MESIN GERINDA MINI MODERN M-2310,MMOMES15,MMOMES15,Power tools,PCS,MODERN POWER TOOLS,Area 02,tidak,0,425000,0,,0,0,0,1,,,1,,,,,,,,,0,0
MESIN GERINDA MODERN M-2300B,MMOMES12,MMOMES12,Power tools,PCS,MODERN POWER TOOLS,Area 02,tidak,0,310000,0,0,0,0,0,1,,,1,,,,,,,,,0,0
MESIN GERINDA MODERN M-2350B,MMOMES13,MMOMES13,Power tools,PCS,MODERN POWER TOOLS,Area 02,tidak,0,320000,0,0,0,0,0,1,,,1,,,,,,,,,0,0
MESIN GERINDA MODERN M-2360,MMOMES14,MMOMES14,Power tools,PCS,MODERN POWER TOOLS,Area 02,tidak,0,320000,0,0,0,0,0,1,,,1,,,,,,,,,0,0
MESIN GERINDA MODERN SIM-100B,MMOMES11,MMOMES11,Power tools,PCS,MODERN POWER TOOLS,Area 02,tidak,0,300000,0,0,0,0,0,1,,,1,,,,,,,,,0,0
MESIN GERINDA RYU RSG100-6,MRYMES01,MRYMES01,Power tools,PCS,RYU,Area 02,ya,0,420000,0,0,0,6,0,3,,,1,,,,,,,,,0,0
MESIN HEAT GUN MODERN M-2050,MMOMES16,MMOMES16,Power tools,PCS,MODERN POWER TOOLS,Area 02,tidak,0,370000,0,0,0,0,0,1,,,1,,,,,,,,,0,0
MESIN IMPACT WRENCH MODERN M-65,MMOMES02,MMOMES02,Power tools,PCS,MODERN POWER TOOLS,Area 02,tidak,0,1400000,0,,0,0,0,1,,,1,,,,,,,,,0,0
MESIN JENSET,M JENSET,M JENSET,Umum,PCS,,,tidak,0,16000000,0,0,0,0,0,3,,,1,,,,,,,,,0,0
MESIN JIG SAW MODERN M-2200,MMOMES17,MMOMES17,Power tools,PCS,MODERN POWER TOOLS,Area 02,tidak,0,320000,0,0,0,0,0,1,,,1,,,,,,,,,0,0
MESIN LAS LAKONI 450W 123IX,MLL450WX,MLL450WX,Alat teknik,PCS,LAKONI,,tidak,0,650000,0,0,0,0,0,3,,,1,,,,,,,,,0,0
MESIN M0600B MAKITA MT,M0600B,MMAMES01,Umum,PCS,MAKITA MT,,tidak,0,425000,0,0,0,0,0,3,,,1,,,,,,,,,0,0
MESIN M0801B MAKITA MT,M0801B,MMAMES02,Umum,PCS,MAKITA MT,,tidak,0,650000,0,0,0,0,0,3,,,1,,,,,,,,,0,0
MESIN M0900B MAKITA MT,M0900B,MMAMES03,Umum,PCS,MAKITA MT,,tidak,0,450000,0,0,0,0,0,3,,,1,,,,,,,,,0,0
MESIN M0910B MAKITA MT,M0910B,MMAMES04,Umum,PCS,MAKITA MT,,tidak,0,550000,0,0,0,0,0,3,,,1,,,,,,,,,0,0
MESIN M1902B MAKITA MT,M1902B,MMAMES05,Umum,PCS,MAKITA MT,,tidak,0,975000,0,0,0,0,0,3,,,1,,,,,,,,,0,0
MESIN PLANER BODY MERAH MODERN M-2920,MMOMES26,MMOMES26,Power tools,PCS,MODERN POWER TOOLS,Area 02,tidak,0,500000,0,0,0,0,0,3,,,1,,,,,,,,,0,0
MESIN PLANER MODERN M-2900,MMOMES25,MMOMES25,Power tools,PCS,MODERN POWER TOOLS,Area 02,tidak,0,500000,0,0,0,0,0,3,,,1,,,,,,,,,0,0
"MESIN POLES 7"" MODERN M-3200C",MMOMES18,MMOMES18,Power tools,PCS,MODERN POWER TOOLS,Area 02,tidak,0,725000,0,0,0,0,0,1,,,1,,,,,,,,,0,0
MESIN TRIMMER MODERN M-2700,MMOMES19,MMOMES19,Power tools,PCS,MODERN POWER TOOLS,Area 02,tidak,0,420000,0,0,0,0,0,1,,,1,,,,,,,,,0,0
MESIN TRIMMER MODERN M-2750,MMOMES20,MMOMES20,Power tools,PCS,MODERN POWER TOOLS,Area 02,tidak,0,420000,0,0,0,0,0,1,,,1,,,,,,,,,0,0
MESIN TRIMMER MODERN M-3800,MMOMES21,MMOMES21,Power tools,PCS,MODERN POWER TOOLS,Area 02,tidak,0,465000,0,0,0,0,0,1,,,1,,,,,,,,,0,0
METERAN AIR BESI,MNOMET01,MNOMET01,Umum,PCS,,Area 03,tidak,0,100000,0,0,0,0,0,5,,PCS,1,,,,,,,,,0,0
METERAN AIR PVC MIAMI,MTR AIR PVC,MMIMET01,Umum,PCS,MIAMI,,tidak,0,90000,0,0,0,0,0,3,,,1,,,,,,,,,0,0
METERAN BANGJO 3M HIOSHI,METBGHI3,METBGHI3,Alat tukang,PCS,,,tidak,0,15000,0,,0,0,0,5,,,1,,,,,,,,,0,0
METERAN BANGJO 5M HIOSHI,MMTRBNGHIO,MTBANGH5,Alat tukang,PCS,,,tidak,0,20000,0,,0,0,0,5,,,1,,,,,,,,,0,0
"METERAN BANGJO 7,5M HIOSHI",MTBAN75H,MTBAN75H,Alat tukang,PCS,,,tidak,0,27000,0,,0,0,0,5,,,1,,,,,,,,,0,0
METERAN JALAN 30 MTR TOKIO,MTR JLN 30M,MTOMET01,Umum,PCS,TOKIO,,tidak,0,40000,0,0,0,0,0,3,,,1,,,,,,,,,0,0
METERAN LASER TORA 100M,MTLST100,MTLST100,Alat teknik,PCS,,,ya,0,850000,0,,0,0,1,5,,,1,,,,,,,,,0,0
METERAN LASER TORA 60M,MTLSTR60,MTLSTR60,Alat teknik,PCS,,,ya,0,600000,0,,0,0,1,5,,,1,,,,,,,,,0,0
METERAN OTOMAT 3M HIOSHI,MTR OTM 3,MHIROL12,Umum,PCS,HIOSHI,,tidak,0,38000,0,,0,0,0,3,,,1,,,,,,,,,0,0
METERAN OTOMAT 5M HIOSHI,MTR OTM 5,MHIROL13,Umum,PCS,HIOSHI,,tidak,0,45000,0,,0,0,0,3,,,1,,,,,,,,,0,0
"METERAN OTOMAT 7,5M HIOSHI",MTR OTM 7.5,MHIROL14,Umum,PCS,HIOSHI,,tidak,0,70000,0,,0,0,0,3,,,1,,,,,,,,,0,0
METERAN TANCAP / TANAH 100 M,MNOMET04,MNOMET04,Umum,PCS,,,tidak,0,55000,0,,0,0,0,5,,PCS,1,,,,,,,,,0,0
METERAN TANCAP / TANAH 30 M,MNOMET02,MNOMET02,Umum,PCS,,,tidak,0,40000,0,,0,0,0,5,,PCS,1,,,,,,,,,0,0
METERAN TANCAP / TANAH 50 M,MNOMET03,MNOMET03,Umum,PCS,,,tidak,0,45000,0,,0,0,0,5,,PCS,1,,,,,,,,,0,0
METERAN TRANSPARAN TEKIRO 3M,MTEMET01,MTEMET01,Alat teknik,PCS,TEKIRO,Area 02,ya,22200,30000,0,,0,6,6,3,,,1,,,,,,,,,0,0
METERAN TRANSPARAN TEKIRO 5M,MTEMET02,MTEMET02,Alat teknik,PCS,TEKIRO,Area 02,ya,33300,45000,0,,0,5,6,3,,,1,,,,,,,,,0,0
"METERAN TRANSPARAN TEKIRO 7,5M",MTEMET03,MTEMET03,Alat teknik,PCS,TEKIRO,Area 02,ya,65400,80000,0,,0,5,6,3,,,1,,,,,,,,,0,0
MINUTE MAID PULPY ORANGE 300ML,MMPORG3,MMPORG3,Minuman,PCS,,,tidak,4500,6000,0,,0,0,0,5,,,1,,,,,,,,,0,0
"MITER SAW 10"" SLIDING MODERN M-3780",MMOMIT02,MMOMIT02,Power tools,PCS,MODERN POWER TOOLS,Area 02,tidak,0,2200000,0,0,0,0,0,1,,,1,,,,,,,,,0,0
"MITER SAW 7"" MODERN M-3700B",MMOMIT01,MMOMIT01,Power tools,PCS,MODERN POWER TOOLS,Area 02,tidak,0,950000,0,0,0,0,0,1,,,1,,,,,,,,,0,0
MUR TANDON 1/2 X 3/4,MURTD1/2,MURTD1/2,Umum,PCS,,,tidak,0,2000,0,0,0,0,0,3,,,1,,,,,,,,,0,0
MUR TANDON 3/4 X 1,MURTD3/4,MURTD3/4,Umum,PCS,,,tidak,0,6000,0,0,0,0,0,3,,,1,,,,,,,,,0,0
"NIPPON RESIBON 7""",MNONIP01,MNONIP01,Alat tukang,PCS,,,tidak,0,0,0,0,0,0,10,3,,,1,,,,,,,,,0,0
NO DROP 001 1 KG,ND0011KG,MNONOD01,Cat,PCS,,,ya,0,72500,0,,0,3,0,5,,,1,,,,,,,,,0,0
NO DROP 009 1 KG,ND0091KG,MNONOD02,Cat,PCS,,,ya,0,72500,0,,0,6,0,5,,,1,,,,,,,,,0,0
NO DROP 009 4 KG,ND0094KG,MNONOD05,Cat,PCS,,,ya,0,266000,0,,0,3,0,5,,,1,,,,,,,,,0,0
NO DROP 024 1 KG,ND0241KG,MNONOD03,Cat,PCS,,,ya,0,72500,0,,0,6,0,5,,,1,,,,,,,,,0,0
NO DROP 024 4 KG,ND0244KG,MNONOD04,Cat,PCS,,,ya,0,266000,0,,0,3,0,5,,,1,,,,,,,,,0,0
NO DROP 033 1 KG,NODR0331,NODR0331,Cat,PCS,,,ya,69282,72500,0,,0,0,6,5,,,1,,,,,,,,,0,0
NO DROP 033 4 KG,NODR0334,NODR0334,Cat,PCS,,,ya,261775,266000,0,,0,0,2,5,,,1,,,,,,,,,0,0
NUTRIBOOST BLUEBERRY 300ML,NTRBBLB3,NTRBBLB3,Minuman,PCS,,,tidak,5400,7000,0,,0,0,0,5,,,1,,,,,,,,,0,0
NUTRIBOOST ORANGE 300ML,NTRBORG3,NTRBORG3,Minuman,PCS,,,tidak,5400,7000,0,,0,0,0,5,,,1,,,,,,,,,0,0
NUTRIBOOST STRAWBERRY 300ML,NTRBSTR3,NTRBSTR3,Minuman,PCS,,,tidak,5400,7000,0,,0,0,0,5,,,1,,,,,,,,,0,0
OBENG 2 WAY / OBB WARNA N0.290 3X5 HIOSHI,OBBPVC290,MHIOBE04,Umum,PCS,HIOSHI,,tidak,0,23750,0,0,0,0,0,3,,,1,,,,,,,,,0,0
OBENG 2 WAY WARNA PLASTIK 3X5 HIOSHI,OBBPVC3,MHIOBE05,Umum,PCS,HIOSHI,,tidak,0,21591,0,0,0,0,0,3,,,1,,,,,,,,,0,0
OBENG 30 CM (-) GG KARET TEKIRO,OBPJMKTK,MNOOBE10,Alat teknik,PCS,,,ya,36850,45000,0,,0,2,0,5,,,1,,,,,,,,,0,0
OBENG 30 CM (+) GG KARET TEKIRO,OBPJPKTK,MNOOBE09,Alat teknik,PCS,,,ya,36850,45000,0,,0,2,0,5,,,1,,,,,,,,,0,0
OBENG BOLAK BALIK / OBB EXTREME 4',OBB EXT4,MHIOBE03,Umum,PCS,HIOSHI,,tidak,0,74100,0,0,0,0,0,3,,,1,,,,,,,,,0,0
"OBENG BOLAK BALIK / OBB USA 4"" MAXTECH",OBB USA 4,MMAOBE01,Umum,PCS,MAXTECH,,tidak,0,6000,0,0,0,0,0,3,,,1,,,,,,,,,0,0
OBENG BOLAK BALIK / OBB USA HSJ,OBB USA HSJ,MHSOBE01,Umum,PCS,HSJ,,tidak,0,6000,0,0,0,0,0,3,,,1,,,,,,,,,0,0
OBENG BOLAK BALIK / OBB USA LEON,OBB USA LEON,MLEOBE01,Umum,PCS,LEON,,tidak,0,6000,0,0,0,0,0,3,,,1,,,,,,,,,0,0
"OBENG BOLAK BALIK TRANSPARAN 4""",MNOOBE03,MNOOBE03,Umum,PCS,,Area 03,tidak,0,8000,0,0,0,0,0,5,,PCS,1,,,,,,,,,0,0
"OBENG BOLAK BALIK TRANSPARAN 6""",MNOOBE06,MNOOBE06,Umum,PCS,,Area 03,tidak,0,10000,0,0,0,0,0,5,,PCS,1,,,,,,,,,0,0
"OBENG BOLAK BALIK USA 4""",MNOOBE05,MNOOBE05,Umum,PCS,,Area 03,tidak,0,8000,0,0,0,0,0,5,,PCS,1,,,,,,,,,0,0
OBENG CEBOL,MNOOBE01,MNOOBE01,Umum,PCS,,Area 03,tidak,0,8000,0,0,0,0,0,5,,PCS,1,,,,,,,,,0,0
OBENG HP JAM SET 6 PCS TORA,OBHPSTR,OBHPSTR,Alat tukang,SET,,,tidak,0,90000,0,,0,0,0,5,,,1,,,,,,,,,0,0
OBENG HP SET KENMASTER 31 IN 1,MOBHPKNM,MNOOBE08,Alat tukang,SET,,,tidak,0,22000,0,,0,0,0,5,,,1,,,,,,,,,0,0
OBENG HP TORA,OB HP TORA,MTOOBE01,Umum,PCS,TORA,,tidak,0,85000,0,0,0,0,0,3,,,1,,,,,,,,,0,0
"OBENG KETOK BOLAK BALIK TRANSPARAN 4""",MNOOBE04,MNOOBE04,Umum,PCS,,Area 03,tidak,0,8000,0,0,0,0,0,5,,PCS,1,,,,,,,,,0,0
OBENG KETOK KARET 2800 HIOSHI,OB KTK HS,MHIOBE02,Umum,PCS,HIOSHI,,tidak,0,47369.96,0,0,0,0,0,3,,,1,,,,,,,,,0,0
OBENG KETOK SET 5 PCS TEKIRO,MTEOBE01,MTEOBE01,Alat teknik,PCS,TEKIRO,Area 02,ya,171050,225000,0,,0,2,2,1,,,1,,,,,,,,,0,0
OBENG MATA ANGIN PH2,OB MT ANGIN,MBOOBE01,Umum,PCS,BOSCH,,tidak,0,5000,0,0,0,0,0,3,,,1,,,,,,,,,0,0
OBENG PANJANG PLUS ARMADA,MAROBE01,MAROBE01,Umum,PCS,ARMADA,Area 03,tidak,0,25000,0,,0,0,0,5,,PCS,1,,,,,,,,,0,0
"OBENG RADIO SET 12""",MNOOBE07,MNOOBE07,Umum,PCS,,Area 03,ya,0,25000,0,,0,6,6,5,,PCS,1,,,,,,,,,0,0
OBENG SET KENMASTER 31 IN 1,OBSEKNM,MNOOBE12,Alat tukang,SET,,,tidak,0,25000,0,,0,0,0,5,,,1,,,,,,,,,0,0
OBENG SET PLUS MINUS POPEYE,OBSETPOP,MNOOBE11,Alat tukang,SET,,,tidak,0,30000,0,,0,0,0,5,,,1,,,,,,,,,0,0
"OBENG TESPEN CHROME ",OBTESCH,MNOOBE13,Alat tukang,PCS,,,ya,0,5000,0,,0,4,18,5,,,1,,,,,,,,,0,0
OBENG TESPEN HISUKA,MNOOBE02,MNOOBE02,Umum,PCS,,Area 03,ya,0,7000,0,,0,10,6,5,,PCS,1,,,,,,,,,0,0
OBENG TESTPEN 2 WAY JUMBO,0BB TESTJM,MHIOBE01,Umum,PCS,HIOSHI,,tidak,0,4963.75,0,0,0,0,0,3,,,1,,,,,,,,,0,0
OBENG TWO WAY TEKIRO SD-TW0849,MTEOBE02,MTEOBE02,Alat teknik,PCS,TEKIRO,Area 02,ya,38400,50000,0,,0,3,6,3,,,1,,,,,,,,,0,0
"OBENG USA TREX 4""",MTROBE01,MTROBE01,Umum,PCS,TREX,Area 03,tidak,0,10000,0,0,0,0,0,5,,PCS,1,,,,,,,,,0,0
OIL CAN GNT 250CC,MOILCANG,MOILCANG,Alat teknik,PCS,,,tidak,0,20000,0,0,0,0,0,5,,,1,,,,,,,,,0,0
OTOMATIS POMPA AIR 3/8 ISCO,MISOTO03,MISOTO03,Umum,PCS,ISCO,Area 03,tidak,0,0,0,0,0,0,0,5,,PCS,1,,,,,,,,,0,0
OTOMATIS POMPA AIR ISCO 1/4,MISOTO05,MISOTO05,Sanitary,PCS,,,tidak,0,50000,0,,0,0,0,5,,,1,,,,,,,,,0,0
OTOMATIS POMPA AIR ISCO 3/8,MISOTO04,MISOTO04,Umum,PCS,ISCO,,tidak,0,50000,0,,0,0,0,5,,PCS,1,,,,,,,,,0,0
OTOMATIS POMPA SC-125 1/4 ISCO,PMP OT SC125 1/4,MISOTO01,Umum,PCS,ISCO,,tidak,0,50000,0,0,0,0,0,3,,,1,,,,,,,,,0,0
OTOMATIS POMPA SC-125 3/8 ISCO,PMP OT SC125 IS,MISOTO02,Umum,PCS,ISCO,,tidak,0,26000,0,0,0,0,0,3,,,1,,,,,,,,,0,0
"OVERVAL 2,5"" TOP ",OVER2TOP,OVER2TOP,Kunci Pintu & Aksesoris Mebel,PCS,,,tidak,0,5000,0,,0,0,0,5,,,1,,,,,,,,,0,0
OVERVAL 3” SOLAR,OVERSOL3,OVERSOL3,Kunci Pintu & Aksesoris Mebel,PCS,,,tidak,0,7000,0,,0,0,0,5,,,1,,,,,,,,,0,0
OVERVAL 300MM VOXY,MVOOVE01,MVOOVE01,Umum,PCS,VOXY,Area 01,tidak,0,8000,0,,0,0,17,3,,LSN,12,LUSIN,96000,0,,,,,,0,0
OVERVAL 400MM VOXY,MVOOVE02,MVOOVE02,Umum,PCS,VOXY,Area 01,tidak,0,10000,0,,0,0,5,3,,LSN,12,LUSIN,120000,0,,,,,,0,0
OVERVAL 500MM VOXY,MVOOVE03,MVOOVE03,Umum,PCS,VOXY,Area 01,tidak,0,12000,0,,0,0,5,3,,LSN,12,LUSIN,144000,0,,,,,,0,0
"OVERVAL PLAT GOMEO 2.5""",OVPL 2.5 GM,MGOOVE02,Umum,PCS,GOMEO,,tidak,0,3000,0,0,0,0,0,3,,,1,,,,,,,,,0,0
"OVERVAL PLAT GOMEO 2""",OVPL 2 GM,MGOOVE01,Umum,PCS,GOMEO,,tidak,0,2500,0,0,0,0,0,3,,,1,,,,,,,,,0,0
"OVERVAL PLAT GOMEO 3""",OVPL 3 GM,MGOOVE03,Umum,PCS,GOMEO,,tidak,0,4000,0,0,0,0,0,3,,,1,,,,,,,,,0,0
"OVERVAL PLAT GOMEO 4""",OVPL 4 GM,MGOOVE04,Umum,PCS,GOMEO,,tidak,0,6000,0,0,0,0,0,3,,,1,,,,,,,,,0,0
OVERVAL S/S  2 1/2'' TOP,MTOOVE02,MTOOVE02,Umum,PCS,TOP,Area 01,tidak,0,2500,0,0,0,0,55,12,,LSN,12,LUSIN,30000,0,0,,,,,0,0
OVERVAL S/S 2'' TOP,MTOOVE01,MTOOVE01,Umum,PCS,TOP,Area 01,tidak,0,4000,0,0,0,0,55,3,,LSN,12,LUSIN,48000,0,0,,,,,0,0
OVERVAL S/S 3'' TOP,MTOOVE03,MTOOVE03,Umum,PCS,TOP,Area 01,tidak,0,7000,0,0,0,0,24,3,,LSN,12,LUSIN,84000,0,0,,,,,0,0
PACUL JAGO + GG,MPCLJGGG,MPCLJGGG,Alat tukang,PCS,JAGO,Area 03,tidak,0,80000,0,,0,0,0,3,,,1,,,,,,,,,0,0
PACUL JAGO TANPA GAGANG,PACTPGG,PACTPGG,Alat tukang,PCS,,,tidak,0,70000,0,,0,0,0,5,,,1,,,,,,,,,0,0
"PAKU BETON CTJ 1 1/2""",MCTPAK01-PAKET,MCTPAK02,Alat tukang,BKS,CTJ,Area 02,tidak,0,6000,0,,0,0,0,3,0,,1,,,,,1228,5,FIXED_RATIO,PCS,0,0
"PAKU BETON CTJ 1.1/2""",MCTPAK01,MCTPAK01,Alat tukang,PCS,CTJ,Area 02,tidak,0,0,0,0,0,0,51,3,,,1,,,,,,,,,0,0
"PAKU BETON EIFFEL 2""",MEIPAK02,MEIPAK02,Alat tukang,PCS,EIFFEL,Area 02,tidak,0,0,0,0,0,0,210,5,,,1,,,,,,,,,0,0
"PAKU BETON FRT 2""",MNOPAK01,MNOPAK01,Alat tukang,PCS,FRT,Area 02,tidak,0,0,0,0,0,0,446,3,,,1,,,,,,,,,0,0
"PAKU BETON FRT 2"" (20 PCS)",MNOPAK01-PAKET,MFRPAK01,Alat tukang,BKS,FRT,Area 02,tidak,0,9000,0,0,0,0,0,3,,,1,,,,,1229,20,FIXED_RATIO,PCS,0,0
"PAKU BETON GRT 2 1/2"" (10 PCS)",MGRPAK01-PAKET,MGRPAK03,Alat tukang,BKS,GRT,Area 02,tidak,0,6000,0,,0,0,0,3,,,1,,,,,1230,10,FIXED_RATIO,PCS,0,0
"PAKU BETON GRT 2.1/2""",MGRPAK01,MGRPAK01,Alat tukang,PCS,GRT,Area 02,tidak,0,0,0,0,0,0,106,3,,,1,,,,,,,,,0,0
PAKU BETON HITAM 100 HIOSHI,PBH 100,MHIPAK05,Umum,PCS,HIOSHI,,tidak,0,20500,0,0,0,0,0,3,,,1,,,,,,,,,0,0
PAKU BETON HITAM 125 HIOSHI,PBH 125,MHIPAK06,Umum,PCS,HIOSHI,,tidak,0,16397.3,0,0,0,0,0,3,,,1,,,,,,,,,0,0
PAKU BETON HITAM 20 HIOSHI,PBH 20,MHIPAK07,Umum,PCS,HIOSHI,,tidak,0,16031.25,0,0,0,0,0,3,,,1,,,,,,,,,0,0
PAKU BETON HITAM 25 HIOSHI,PBH 25,MHIPAK08,Umum,PCS,HIOSHI,,tidak,0,16031.25,0,0,0,0,0,3,,,1,,,,,,,,,0,0
PAKU BETON HITAM 30 (250 GR),PBH 30 250GR,MHIPAK10,Umum,PCS,HIOSHI,,tidak,0,9089.6,0,0,0,0,0,3,,,1,,,,,,,,,0,0
PAKU BETON HITAM 40 (250 GR),PBH 40 250GR,MHIPAK12,Umum,PCS,HIOSHI,,tidak,0,9089.6,0,0,0,0,0,3,,,1,,,,,,,,,0,0
PAKU BETON HITAM 50 (250 GR),PBH 50 250GR,MHIPAK14,Umum,PCS,HIOSHI,,tidak,0,9089.6,0,0,0,0,0,3,,,1,,,,,,,,,0,0
PAKU BETON HITAM 50 HIOSHI,PBH 50,MHIPAK13,Umum,PCS,HIOSHI,,tidak,0,22550,0,0,0,0,0,3,,,1,,,,,,,,,0,0
PAKU BETON HITAM 60 HIOSHI,PBH 63,MHIPAK15,Umum,PCS,HIOSHI,,tidak,0,20500,0,0,0,0,0,3,,,1,,,,,,,,,0,0
PAKU BETON HITAM 70 (250 GR),PBH 70 250GR,MHIPAK17,Umum,PCS,HIOSHI,,tidak,0,9089.6,0,0,0,0,0,3,,,1,,,,,,,,,0,0
PAKU BETON HITAM 70 HIOSHI,PBH 70,MHIPAK16,Umum,PCS,HIOSHI,,tidak,0,20500,0,0,0,0,0,3,,,1,,,,,,,,,0,0
PAKU BETON HTM 30 HIOSHI (20 PCS),PBH 30,MHIPAK09,Umum,PCS,HIOSHI,,tidak,0,7000,0,,0,0,0,3,,,1,,,,,,,,,0,0
PAKU BETON HTM 40 HIOSHI (20 PCS),PBH 40,MHIPAK11,Umum,PCS,HIOSHI,,tidak,0,9000,0,,0,0,0,3,,,1,,,,,,,,,0,0
PAKU BETON HTM GDO 100MM,MGDPAK03,MGDPAK03,Alat tukang,PCS,GDO,Area 02,tidak,0,0,0,0,0,0,440,5,,,1,,,,,,,,,0,0
PAKU BETON HTM GDO 100MM (10 PCS),MGDPAK18,MGDPAK18,Alat tukang,BKS,GDO,Area 02,tidak,0,30000,0,,0,0,0,3,,,1,,,,,2427,10,FIXED_RATIO,PCS,0,0
PAKU BETON HTM GDO 20MM,MGDPAK04,MGDPAK04,Alat tukang,PCS,GDO,Area 02,tidak,0,0,0,0,0,0,1000,5,,,1,,,,,,,,,0,0
PAKU BETON HTM GDO 20MM (10 PCS),MGDPAK10,MGDPAK10,Alat tukang,BKS,GDO,Area 02,tidak,0,5000,0,,0,0,0,3,,,1,,,,,2428,10,FIXED_RATIO,PCS,0,0
PAKU BETON HTM GDO 25MM,MGDPAK05,MGDPAK05,Alat tukang,PCS,GDO,Area 02,tidak,0,6000,0,0,0,0,970,5,,,1,,,,,,,,,0,0
PAKU BETON HTM GDO 25MM (10 PCS),MGDPAK11,MGDPAK11,Alat tukang,BKS,GDO,Area 02,tidak,0,6000,0,,0,0,0,3,,,1,,,,,2429,10,FIXED_RATIO,PCS,0,0
PAKU BETON HTM GDO 30MM,MGDPAK06,MGDPAK06,Alat tukang,PCS,GDO,Area 02,tidak,0,0,0,0,0,0,1000,5,,,1,,,,,,,,,0,0
PAKU BETON HTM GDO 30MM (10 PCS),MGDPAK12,MGDPAK12,Alat tukang,BKS,GDO,Area 02,tidak,0,7000,0,,0,0,0,3,,,1,,,,,2430,10,FIXED_RATIO,PCS,0,0
PAKU BETON HTM GDO 40MM,MGDPAK07,MGDPAK07,Alat tukang,PCS,GDO,Area 02,tidak,0,0,0,0,0,0,1000,5,,,1,,,,,,,,,0,0
PAKU BETON HTM GDO 40MM (10 PCS),MGDPAK13,MGDPAK13,Alat tukang,BKS,GDO,Area 02,tidak,0,10000,0,,0,0,0,3,,,1,,,,,2431,10,FIXED_RATIO,PCS,0,0
PAKU BETON HTM GDO 50MM,MGDPAK08,MGDPAK08,Alat tukang,PCS,GDO,Area 02,tidak,0,0,0,0,0,0,1000,5,,,1,,,,,,,,,0,0
PAKU BETON HTM GDO 50MM (10 PCS),MGDPAK14,MGDPAK14,Alat tukang,BKS,GDO,Area 02,tidak,0,12000,0,,0,0,0,3,,,1,,,,,2432,10,FIXED_RATIO,PCS,0,0
PAKU BETON HTM GDO 60MM,MGDPAK09,MGDPAK09,Alat tukang,PCS,GDO,Area 02,tidak,0,0,0,0,0,0,550,5,,,1,,,,,,,,,0,0
PAKU BETON HTM GDO 60MM (10 PCS),MGDPAK15,MGDPAK15,Alat tukang,BKS,GDO,Area 02,tidak,0,15000,0,,0,0,0,3,,,1,,,,,2433,10,FIXED_RATIO,PCS,0,0
PAKU BETON HTM GDO 70MM,MGDPAK01,MGDPAK01,Alat tukang,PCS,GDO,Area 02,tidak,0,0,0,0,0,0,0,5,,,1,,,,,,,,,0,0
PAKU BETON HTM GDO 70MM (10 PCS),MGDPAK16,MGDPAK16,Alat tukang,BKS,GDO,Area 02,tidak,0,20000,0,,0,0,0,3,,,1,,,,,2425,10,FIXED_RATIO,PCS,0,0
PAKU BETON HTM GDO 80MM,MGDPAK02,MGDPAK02,Alat tukang,PCS,GDO,Area 02,tidak,0,0,0,0,0,0,450,5,,,1,,,,,,,,,0,0
PAKU BETON HTM GDO 80MM (10 PCS),MGDPAK17,MGDPAK17,Alat tukang,BKS,GDO,Area 02,tidak,0,25000,0,,0,0,0,3,,,1,,,,,2426,10,FIXED_RATIO,PCS,0,0
PAKU BETON KUNING 1.1/2 HIOSHI (250GR),PB KNG 1.1/2 HS,MHIPAK01,Umum,PCS,HIOSHI,,tidak,0,9089.6,0,0,0,0,0,3,,,1,,,,,,,,,0,0
PAKU BETON KUNING 1.1/2 TORA,PB KNG1.1/2,MTOPAK01,Umum,PCS,TORA,,tidak,0,13871,0,0,0,0,0,3,,,1,,,,,,,,,0,0
PAKU BETON KUNING 1.1/4 HIOSHI (250GR),PB KNG 1.1/4 HS,MHIPAK02,Umum,PCS,HIOSHI,,tidak,0,9089.6,0,0,0,0,0,3,,,1,,,,,,,,,0,0
PAKU BETON KUNING 2 HIOSHI (250GR),PB KNG 2 HS,MHIPAK03,Umum,PCS,HIOSHI,,tidak,0,9089.6,0,0,0,0,0,3,,,1,,,,,,,,,0,0
PAKU BETON KUNING 2 TORA,PB KNG2,MTOPAK02,Umum,PCS,TORA,,tidak,0,19206,0,0,0,0,0,3,,,1,,,,,,,,,0,0
PAKU BETON KUNING 3 HIOSHI (250GR),PB KNG 3 HS,MHIPAK04,Umum,PCS,HIOSHI,,tidak,0,9089.6,0,0,0,0,0,3,,,1,,,,,,,,,0,0
PAKU BETON KUNING 3 TORA,PB KNG3,MTOPAK03,Umum,PCS,TORA,,tidak,0,25608,0,0,0,0,0,3,,,1,,,,,,,,,0,0
"PAKU BETON KUNING EIFFEL 2""",MEIPAK01,MEIPAK01,Umum,PAK,EIFFEL,,tidak,0,0,0,0,0,0,6,3,,,1,,,,,,,,,0,0
"PAKU BETON KUNING EIFFEL 2"" (10 PCS)",MEIPAK03,MEIPAK03,Alat tukang,BKS,EIFFEL,Area 02,tidak,0,6000,0,,0,0,0,3,,,1,,,,,2434,10,FIXED_RATIO,PCS,0,0
"PAKU BETON PTH UNO 1.1/2""",MUNPAK03,MUNPAK03,Alat tukang,PCS,UNO,Area 02,tidak,0,0,0,0,0,0,540,5,,,1,,,,,,,,,0,0
"PAKU BETON PTH UNO 1.1/4""",MUNPAK02,MUNPAK02,Alat tukang,PCS,UNO,Area 02,tidak,0,0,0,0,0,0,940,5,,,1,,,,,,,,,0,0
"PAKU BETON PTH UNO 1""",MUNPAK01,MUNPAK01,Alat tukang,PCS,UNO,Area 02,tidak,0,0,0,0,0,0,1660,5,,,1,,,,,,,,,0,0
"PAKU BETON PTH UNO 2.1/2""",MUNPAK05,MUNPAK05,Alat tukang,PCS,UNO,Area 02,tidak,0,0,0,0,0,0,180,5,,,1,,,,,,,,,0,0
"PAKU BETON PTH UNO 2""",MUNPAK04,MUNPAK04,Alat tukang,PCS,UNO,Area 02,tidak,0,0,0,0,0,0,400,5,,,1,,,,,,,,,0,0
"PAKU BETON PTH UNO 3""",MUNPAK06,MUNPAK06,Alat tukang,PCS,UNO,Area 02,tidak,0,0,0,0,0,0,110,5,,,1,,,,,,,,,0,0
"PAKU BETON PTH UNO 4""",MUNPAK07,MUNPAK07,Alat tukang,PCS,UNO,Area 02,tidak,0,0,0,0,0,0,115,5,,,1,,,,,,,,,0,0
"PAKU BETON PUTIH HD 1.1/2""",PBHD1.1/2,MHIPAK19,Umum,PCS,HIOSHI,,tidak,0,22550,0,0,0,0,0,3,,,1,,,,,,,,,0,0
"PAKU BETON PUTIH HD 1.1/4""",PBHD1.1/4,MHIPAK20,Umum,PCS,HIOSHI,,tidak,0,9089.6,0,0,0,0,0,3,,,1,,,,,,,,,0,0
"PAKU BETON PUTIH HD 1""",PBHD1,MHIPAK18,Umum,PCS,HIOSHI,,tidak,0,9089.6,0,0,0,0,0,3,,,1,,,,,,,,,0,0
"PAKU BETON PUTIH HD 2.1/2""",PBHD2.1/2,MHIPAK22,Umum,PCS,HIOSHI,,tidak,0,18050,0,0,0,0,0,3,,,1,,,,,,,,,0,0
"PAKU BETON PUTIH HD 2""",PBHD2,MHIPAK21,Umum,PCS,HIOSHI,,tidak,0,9089.6,0,0,0,0,0,3,,,1,,,,,,,,,0,0
"PAKU BETON PUTIH HD 3""",PBHD3,MHIPAK23,Umum,PCS,HIOSHI,,tidak,0,9089.6,0,0,0,0,0,3,,,1,,,,,,,,,0,0
"PAKU BETON PUTIH HD 4""",PBHD4,MHIPAK24,Umum,GR,HIOSHI,Area 03,tidak,0,22550,0,,0,0,0,3,,BOX,500,BOX,0,0,,,,,,0,0
"PAKU BETON PUTIH UNO 1 1/2"" (20 PCS)",MUNPAK10,MUNPAK10,Alat tukang,BKS,UNO,Area 02,tidak,0,8000,0,,0,0,0,3,,,1,,,,,2440,20,FIXED_RATIO,PCS,0,0
"PAKU BETON PUTIH UNO 1 1/4"" (20 PCS)",MUNPAK09,MUNPAK09,Alat tukang,BKS,UNO,Area 02,tidak,0,8000,0,,0,0,0,3,,,1,,,,,2439,20,FIXED_RATIO,PCS,0,0
"PAKU BETON PUTIH UNO 1"" (20 PCS)",MUNPAK08,MUNPAK08,Alat tukang,BKS,UNO,Area 02,tidak,0,8000,0,,0,0,0,3,,,1,,,,,2438,20,FIXED_RATIO,PCS,0,0
"PAKU BETON PUTIH UNO 2 1/2"" (10 PCS)",MUNPAK14,MUNPAK14,Alat tukang,BKS,UNO,Area 02,tidak,0,6000,0,,0,0,0,3,,,1,,,,,2442,10,FIXED_RATIO,PCS,0,0
"PAKU BETON PUTIH UNO 2"" (20 PCS)",MUNPAK11,MUNPAK11,Alat tukang,BKS,UNO,Area 02,tidak,0,8000,0,,0,0,0,3,,,1,,,,,2441,20,FIXED_RATIO,PCS,0,0
"PAKU BETON PUTIH UNO 3"" (10 PCS)",MUNPAK12,MUNPAK12,Alat tukang,BKS,UNO,Area 02,tidak,0,6000,0,,0,0,0,3,,,1,,,,,2443,10,FIXED_RATIO,PCS,0,0
"PAKU BETON PUTIH UNO 4"" (10 PCS)",MUNPAK13,MUNPAK13,Alat tukang,BKS,UNO,Area 02,tidak,0,6000,0,,0,0,0,3,,,1,,,,,2444,10,FIXED_RATIO,PCS,0,0
"PAKU BIASA 2"" (PER 250 GRAM)",PAKBIA2,MNOPAK08,Mur Baut,GR,,,tidak,0,6000,0,,0,0,0,5,,KLG,30,KLG,180000,0,,,,,,0,0
PAKU BIASA 3” (250 GRAM),PAKBIA3,PAKBIA3,Mur Baut,GR,,,tidak,0,6000,0,,0,0,0,5,,,1,,,,,,,,,0,0
PAKU KALSIBOARD 1',PK KALSI VPR,MVPPAK01,Umum,BOX,VPR,,tidak,0,25000,0,0,0,0,0,3,,,1,,,,,,,,,0,0
PAKU KALSIBOARD MATRIX,PK KALSI MTR,MMAPAK01,Umum,PCS,MATRIX,,tidak,0,16750,0,0,0,0,0,3,,,1,,,,,,,,,0,0
PAKU PINES FREDER (50 PCS),MPKPNSFR-PAKET,MNOPAK07,Alat tukang,BKS,,,tidak,0,8000,0,,0,0,0,5,,,1,,,,,2765,50,FIXED_RATIO,PCS,0,0
PAKU PINES FREDER 1000 PCS,MPKPNSFR,MPKPNSFR,Alat tukang,PCS,,,ya,0,42,0,,0,0,10000,5,,BOX,1000,BOX,42000,0,,,,,,0,0
PAKU PINES GOOD 3/8,MGOPAK01,MGOPAK01,Umum,BOX,GOOD,,tidak,0,0,0,0,0,0,12,3,,,1,,,,,,,,,0,0
PAKU RIVET 540 (20 PCS),MFIPAK02,MFIPAK02,Alat tukang,BKS,FIT,Area 02,tidak,0,8000,0,,0,0,0,3,,,1,,,,,2417,20,FIXED_RATIO,PCS,0,0
PAKU RIVET ECER,PAKRIVE,MNOPAK09,Mur Baut,BKS,,,tidak,0,8000,0,,0,0,0,5,,,1,,,,,,,,,0,0
PAKU RIVET FIT 540,MFIPAK01,MFIPAK01,Alat tukang,PCS,FIT,Area 02,tidak,0,0,0,,0,0,500,5,,,1,,,,,,,,,0,0
PAKU RIVET SIP 435,PK RV SIP 435,MNOPAK02,Umum,PCS,,,tidak,0,52500,0,0,0,0,0,3,,,1,,,,,,,,,0,0
PAKU RIVET SIP 440,PK RV SIP 440,MNOPAK03,Umum,PCS,,,tidak,0,60500,0,0,0,0,0,3,,,1,,,,,,,,,0,0
PAKU RIVET SIP 450,PK RV SIP 450,MNOPAK04,Umum,PCS,,,tidak,0,61000,0,0,0,0,0,3,,,1,,,,,,,,,0,0
PAKU RIVET SIP 540,PK RV SIP 540,MNOPAK05,Umum,PCS,,,tidak,0,87000,0,0,0,0,0,3,,,1,,,,,,,,,0,0
PAKU RIVET SIP 550,PK RV SIP 550,MNOPAK06,Umum,PCS,,,tidak,0,78000,0,0,0,0,0,3,,,1,,,,,,,,,0,0
"PAKU SENG ERDOS 2""",PK SG ER2,MERPAK01,Umum,PCS,ERDOS,,tidak,0,120000,0,0,0,0,0,3,,,1,,,,,,,,,0,0
"PAKU SENG GRT 2""",PK SG GRT2,MGRPAK02,Umum,PCS,GRT,,tidak,0,106500,0,0,0,0,0,3,,,1,,,,,,,,,0,0
"PAKU SENG ULIR 3"" ERDOS",PK SG ULIR 3,MERPAK02,Umum,PCS,ERDOS,,tidak,0,147500,0,0,0,0,0,3,,,1,,,,,,,,,0,0
PALU BODEM GG FIBER 2 LB HIOSHI,PL BDM 2LB,MHIPAL01,Umum,PCS,HIOSHI,,tidak,0,120000,0,,0,0,0,3,,,1,,,,,,,,,0,0
PALU KAMBING 12OZ POLOS GG FIBER,PL KMB 12P,MVPPAL01,Umum,PCS,VPR,,tidak,0,35000,0,,0,0,0,3,,,1,,,,,,,,,0,0
PALU KAMBING 12OZ RINTIK GG FIBER,PL KMB 12R,MVPPAL02,Umum,PCS,VPR,,tidak,0,37000,0,,0,0,0,3,,,1,,,,,,,,,0,0
PALU KAMBING 16OZ POLOS GG FIBER,PL KMB 16P,MVPPAL03,Umum,PCS,VPR,,tidak,0,40000,0,,0,0,0,3,,,1,,,,,,,,,0,0
PALU KAMBING 16OZ RINTIK GG FIBER,PL KMB 16R,MVPPAL04,Umum,PCS,VPR,,tidak,0,42000,0,,0,0,0,3,,,1,,,,,,,,,0,0
PALU KAMBING 8OZ POLOS GG FIBER,PL KMB 8P,MVPPAL05,Umum,PCS,VPR,,tidak,0,30000,0,,0,0,0,3,,,1,,,,,,,,,0,0
PALU KAMBING 8OZ RINTIK GG FIBER,PL KMB 8R,MVPPAL06,Umum,PCS,VPR,,tidak,0,32000,0,,0,0,0,3,,,1,,,,,,,,,0,0
PALU KAMBING GG KAYU 8OZ POLOS,PLKK8POL,MNOPAL02,Alat tukang,PCS,,,tidak,0,30000,0,,0,0,0,5,,,1,,,,,,,,,0,0
"PALU KAMBING GG KAYU HIOSHI 8OZ ",MPLKMBHIO8,MNOPAL01,Alat tukang,PCS,,,tidak,0,35000,0,,0,0,0,5,,,1,,,,,,,,,0,0
PALU KAMBING KAYU HD 120Z HIOSHI,PL KMB KY HD120Z,MHIPAL03,Umum,PCS,HIOSHI,,tidak,0,0,0,0,0,0,0,3,,,1,,,,,,,,,0,0
PALU KAMBING KAYU HD 80Z HIOSHI,PL KMB KY HD80Z,MHIPAL02,Umum,PCS,HIOSHI,,tidak,0,0,0,0,0,0,0,3,,,1,,,,,,,,,0,0
PALU KAMBING PIPA 12OZ R YUSTAR,PL PP 12R,MYUPAL02,Umum,PCS,YUSTAR,,tidak,0,27500,0,0,0,0,0,3,,,1,,,,,,,,,0,0
PALU KAMBING PIPA 8OZ R YUSTAR,PL PP 8R,MYUPAL03,Umum,PCS,YUSTAR,,tidak,0,22500,0,0,0,0,0,3,,,1,,,,,,,,,0,0
PALU KARET 12 OZ,MPALKR12,MPALKR12,Alat tukang,PCS,,,tidak,0,20000,0,0,0,0,0,5,,,1,,,,,,,,,0,0
PALU KARET 16 OZ,MPALKR16,MPALKR16,Alat tukang,PCS,,,tidak,0,22000,0,0,0,0,0,5,,,1,,,,,,,,,0,0
PALU KARET 8 OZ,MPALKR08,MPALKR08,Alat tukang,PCS,,,tidak,0,18000,0,0,0,0,0,5,,,1,,,,,,,,,0,0
PALU KARET JUMBO 24 OZ,MPALKR24,MPALKR24,Alat tukang,PCS,,,tidak,0,30000,0,0,0,0,0,5,,,1,,,,,,,,,0,0
PALU KONDE 1 LB GG KAYU,PALKO1KY,MNOPAL03,Alat tukang,PCS,,,tidak,0,40000,0,,0,0,0,5,,,1,,,,,,,,,0,0
"PALU KONDE 1,5 LB GG KAYU",PALKON15,MNOPAL07,Alat tukang,PCS,,,tidak,0,43000,0,,0,0,0,5,,,1,,,,,,,,,0,0
PALU MINI 8OZ YUSTAR,PL MINI 8OZ,MYUPAL01,Umum,PCS,YUSTAR,,tidak,0,20000,0,0,0,0,0,3,,,1,,,,,,,,,0,0
PALU PON EXTREME (FIBER HANDLE) 1KG 2LB,PL PON EXT 2LB HS,MHIPAL05,Umum,PCS,HIOSHI,,tidak,0,0,0,0,0,0,0,3,,,1,,,,,,,,,0,0
PALU TUKANG 100 GG FIBER,PALT100F,MNOPAL05,Alat tukang,PCS,,,tidak,0,28000,0,,0,0,0,5,,,1,,,,,,,,,0,0
PALU TUKANG 200 GG FIBER,PALTF200,MNOPAL04,Alat tukang,PCS,,,tidak,0,30000,0,,0,0,0,5,,,1,,,,,,,,,0,0
PALU TUKANG 300 GG FIBER,PALT300F,MNOPAL06,Alat tukang,PCS,,,tidak,0,35000,0,,0,0,0,5,,,1,,,,,,,,,0,0
PALU TUKANG KAYU HD 300G HIOSHI,PL TK KY HD300G,MHIPAL04,Umum,PCS,HIOSHI,,tidak,0,0,0,0,0,0,0,3,,,1,,,,,,,,,0,0
PAYUNG JUMBO WARNA KAPAL,PAYJMBWK,PAYJMBWK,Plastik,PCS,,,ya,45420,63000,0,,0,0,6,5,,,1,,,,,,,,,0,0
PAYUNG LIPAT MOTIF AGOYA,PAYLIMAG,PAYLIMAG,Plastik,PCS,,,ya,40850,57000,0,,0,0,6,5,,,1,,,,,,,,,0,0
PAYUNG LIPAT POLOS SAKURA,PAYLIPSA,PAYLIPSA,Plastik,PCS,,,ya,24170,36000,0,,0,0,6,5,,,1,,,,,,,,,0,0
PAYUNG MOBIL AGOYA,PAYMBLAG,PAYMBLAG,Plastik,PCS,,,ya,75000,95000,0,,0,0,3,5,,,1,,,,,,,,,0,0
PAYUNG WARNA KAPAL,PAYWRKA,PAYWRKA,Plastik,PCS,,,ya,32920,46000,0,,0,0,6,5,,,1,,,,,,,,,0,0
PEL DUA MACAN,PELDUAMC,PELDUAMC,Plastik,PCS,,,ya,38500,43000,0,,0,0,0,5,,,1,,,,,,,,,0,0
PEL NAGOYA,PELNGY,PELNGY,Plastik,PCS,,,tidak,25500,30000,0,,0,0,0,5,,,1,,,,,,,,,0,0
PELAMPUNG BOLA 1/2 KUNINGAN BONUCCI,PELB12KB,MNOPEL04,Sanitary,PCS,,,tidak,0,80000,0,,0,0,0,5,,,1,,,,,,,,,0,0
PELAMPUNG BOLA 1/2 PVC,MNOPEL02,MNOPEL02,Umum,PCS,,Area 03,tidak,0,40000,0,,0,0,0,5,,PCS,1,,,,,,,,,0,0
PELAMPUNG BOLA 3/4 KUNINGAN BONUCCI,PELB34KB,MNOPEL05,Sanitary,PCS,,,tidak,0,90000,0,,0,0,0,5,,,1,,,,,,,,,0,0
PELAMPUNG BOLA 3/4 PVC,MNOPEL03,MNOPEL03,Umum,PCS,,Area 03,tidak,0,45000,0,,0,0,0,5,,PCS,1,,,,,,,,,0,0
PELAMPUNG BOLA KUNINGAN 1/2 HIOSHI,PLBOLAKNG1/2,MHIPEL01,Umum,PCS,HIOSHI,,tidak,0,120000,0,,0,0,0,3,,,1,,,,,,,,,0,0
PELAMPUNG BOLA KUNINGAN 3/4 HIOSHI,PLBOLAKNG3/4,MHIPEL02,Umum,PCS,HIOSHI,,tidak,0,140000,0,,0,0,0,3,,,1,,,,,,,,,0,0
PELAMPUNG L SC-07 ISCO,PLMP L SC07,MISPEL01,Umum,PCS,ISCO,,tidak,0,37500,0,0,0,0,0,3,,,1,,,,,,,,,0,0
PELAMPUNG OTOMATIS RADAR ST-70 AB,MRAPEL01,MRAPEL01,Umum,PCS,RADAR,,tidak,0,60000,0,0,0,0,0,5,,PCS,1,,,,,,,,,0,0
PELAMPUNG RADAR ST70,PL RADAR ST70,MNOPEL01,Umum,PCS,,,tidak,0,55000,0,0,0,0,0,3,,,1,,,,,,,,,0,0
PELAMPUNG T SC-07 ISCO,PLMP T SC07,MISPEL02,Umum,PCS,ISCO,,tidak,0,37500,0,0,0,0,0,3,,,1,,,,,,,,,0,0
PELAMPUNG WATERLEVEL ST70 ISCO,PLMPG SC70,MISPEL03,Umum,PCS,ISCO,,tidak,0,40000,0,0,0,0,0,3,,,1,,,,,,,,,0,0
PEMANTIK API,MPMTKAPI,MPMTKAPI,Rumah tangga,PCS,,,tidak,0,17000,0,,0,0,0,5,,,1,,,,,,,,,0,0
PENGADUK SEMEN CAT BESAR,MMXRBES,MNOPEN02,Alat tukang,PCS,,,tidak,0,33000,0,0,0,0,0,5,,,1,,,,,,,,,0,0
PENGADUK SEMEN CAT KECIL,MMXRKEC,MNOPEN01,Alat tukang,PCS,,,tidak,0,32000,0,0,0,0,0,5,,,1,,,,,,,,,0,0
PENGKI + SAPU MINI HYPER,MNOPEN06,MNOPEN06,Plastik,PCS,,,ya,3250,8000,8000,,0,6,0,3,,,1,,,,,,,,,3250,19500
PENGKI + SAPU MINI PREM,MNOPEN05,MNOPEN05,Plastik,PCS,,,ya,2535,7000,7000,,0,3,0,3,,,1,,,,,,,,,2535,7605
PENGKI REYNER,PENGKI RYR,MREPEN01,Umum,PCS,REYNER,,tidak,0,8500,0,0,0,0,0,3,,,1,,,,,,,,,0,0
PENGKI WARNA HELMUT,PENGKI HLM,MHEPEN01,Umum,PCS,HELMUT,,tidak,0,81000,0,0,0,0,0,3,,,1,,,,,,,,,0,0
PENGKI ZELIG HYPER,MNOPEN04,MNOPEN04,Plastik,PCS,,,ya,13220,23000,23000,,0,3,0,3,,,1,,,,,,,,,13220,39660
PENGKI ZELIG PREM,MNOPEN03,MNOPEN03,Plastik,PCS,,,ya,10010,17500,17500,,0,2,0,3,,,1,,,,,,,,,10010,20020
PENSIL TUKANG MAKITA,MMAPEN01,MMAPEN01,Alat tukang,PCS,MAKITA MT,,tidak,0,0,0,0,0,0,85,3,,,1,,,,,,,,,0,0
PILOX DITON 8020 300CC,DIT80203,DIT80203,Cat,PCS,,,ya,25102,30000,0,,0,6,0,5,,,1,,,,,,,,,0,0
PILOX DITON 808 300CC,DIT8083C,DIT8083C,Cat,PCS,,,ya,25102,30000,0,,0,6,0,5,,,1,,,,,,,,,0,0
PILOX DITON 8139 300CC,DIT81393,DIT81393,Cat,PCS,,,ya,25102,30000,0,,0,5,0,5,,,1,,,,,,,,,0,0
PILOX DITON 814 300CC,DIT8143C,DIT8143C,Cat,PCS,,,ya,25102,30000,0,,0,6,0,5,,,1,,,,,,,,,0,0
PILOX DITON 8173 300CC,DIT81733,DIT81733,Cat,PCS,,,ya,25102,30000,0,,0,6,0,5,,,1,,,,,,,,,0,0
PILOX DITON 823 300CC,DIT8233C,DIT8233C,Cat,PCS,,,ya,25102,30000,0,,0,6,0,5,,,1,,,,,,,,,0,0
PILOX DITON 835 300CC,DIT8353C,DIT8353C,Cat,PCS,,,ya,25102,30000,0,,0,6,0,5,,,1,,,,,,,,,0,0
PILOX DITON 836 300CC,DIT8363C,DIT8363C,Cat,PCS,,,ya,25102,30000,0,,0,5,0,5,,,1,,,,,,,,,0,0
PILOX DITON 837 300CC,DIT8373C,DIT8373C,Cat,PCS,,,ya,25102,30000,0,,0,6,0,5,,,1,,,,,,,,,0,0
PILOX DITON 839 300CC,DIT8393C,DIT8393C,Cat,PCS,,,ya,25102,30000,0,,0,6,0,5,,,1,,,,,,,,,0,0
PILOX DITON 840 300CC,DIT8403C,DIT8403C,Cat,PCS,,,ya,25102,30000,0,,0,4,0,5,,,1,,,,,,,,,0,0
PILOX DITON 841 300CC,DIT8413C,DIT8413C,Cat,PCS,,,ya,25102,30000,0,,0,6,0,5,,,1,,,,,,,,,0,0
PILOX DITON 8431 300CC,DIT84313,DIT84313,Cat,PCS,,,ya,25102,30000,0,,0,6,0,5,,,1,,,,,,,,,0,0
PILOX DITON 8502 300CC,DIT85023,DIT85023,Cat,PCS,,,ya,25102,30000,0,,0,5,0,5,,,1,,,,,,,,,0,0
PILOX DITON 8540 300CC,DIT85403,DIT85403,Cat,PCS,,,ya,25102,30000,0,,0,4,0,5,,,1,,,,,,,,,0,0
PILOX DITON 8580 300CC,DIT85803,DIT85803,Cat,PCS,,,ya,25102,30000,0,,0,6,0,5,,,1,,,,,,,,,0,0
PILOX DITON 884 300CC,DIT8843C,DIT8843C,Cat,PCS,,,ya,25102,30000,0,,0,5,0,5,,,1,,,,,,,,,0,0
PILOX DITON 886 300CC,DIT8863C,DIT8863C,Cat,PCS,,,ya,25102,30000,0,,0,6,2,5,,,1,,,,,,,,,0,0
PILOX DITON 9120 400CC,DIT91204,DIT91204,Cat,PCS,,,ya,39762,45000,0,,0,6,0,5,,,1,,,,,,,,,0,0
PILOX DITON HIGH TEMP BLACK,DITHTBL,DITHTBL,Cat,PCS,,,ya,50655,60500,0,,0,6,0,5,,,1,,,,,,,,,0,0
PIPA PRALON POWER AW 3/4,PRPWAW34,PRPWAW34,Sanitary,MTR,,,tidak,0,12000,0,,0,0,0,5,,BTG,4,BTG,41000,0,,,,,,0,0
PIRING PLASTIK ZELIG,PIRPLZEL,PIRPLZEL,Plastik,PCS,,,ya,4125,7000,0,,0,0,24,5,,,1,,,,,,,,,0,0
PISAU PLANER TCT 10MM MODERN,MMOPIS02,MMOPIS02,Power tools,PCS,MODERN POWER TOOLS,Area 02,tidak,0,100000,0,,0,0,0,3,,,1,,,,,,,,,0,0
PISAU PLANER TCT 7MM MODERN,MMOPIS01,MMOPIS01,Power tools,PCS,MODERN POWER TOOLS,Area 02,tidak,0,80000,0,0,0,0,0,3,,,1,,,,,,,,,0,0
"PLITUR BOYO S600 0,5 L",BOYOS600,BOYOS600,Cat,PCS,,,ya,49117,55000,0,,0,3,0,5,,,1,,,,,,,,,0,0
"PLITUR BOYO S601 0,5 L",BOYOS601,BOYOS601,Cat,PCS,,,ya,49117,55000,0,,0,3,0,5,,,1,,,,,,,,,0,0
"PLITUR BOYO S603 0,5 L",BOYOS603,BOYOS603,Cat,PCS,,,ya,49117,55000,0,,0,3,0,5,,,1,,,,,,,,,0,0
"PLITUR BOYO S607 0,5 L",BOYOS607,BOYOS607,Cat,PCS,,,ya,49117,55000,0,,0,3,0,5,,,1,,,,,,,,,0,0
"PLITUR BOYO VERNIS S 0,5 L",BOYOVER,BOYOVER,Cat,PCS,,,ya,43382,48000,0,,0,3,0,5,,,1,,,,,,,,,0,0
POMPA CELUP SAN EI 135 NON AUTO,PMP CLP SAN EI,MSAPOM01,Umum,PCS,SAN EI,,tidak,0,490000,0,0,0,0,0,3,,,1,,,,,,,,,0,0
POMPA GALON ELEKTRIK MIYAKO,PMPGLEMI,PMPGLEMI,Rumah tangga,PCS,,,ya,62500,71000,0,,0,3,0,5,,,1,,,,,,,,,0,0
POMPA GEMUK 500CC TEKIRO,MTEPOM01,MTEPOM01,Alat teknik,PCS,TEKIRO,Area 02,ya,156750,220000,0,,0,6,2,3,,,1,,,,,,,,,0,0
POMPA INJAK BIASA,MNOPOM01,MNOPOM01,Umum,PCS,,,tidak,0,0,0,0,0,0,8,3,,,1,,,,,,,,,0,0
POMPA INJAK CAB,MPINISCO,MPINISCO,Umum,PCS,ISCO,,tidak,0,30000,0,,0,0,0,3,,,1,,,,,,,,,0,0
POMPA MINI BISON,MBIPOM01,MBIPOM01,Umum,PCS,BISON,,tidak,0,0,0,0,0,0,2,3,,,1,,,,,,,,,0,0
POMPA MINI PVC RUSH,MRUPOM01,MRUPOM01,Umum,PCS,RUSH,,tidak,0,0,0,0,0,0,3,3,,,1,,,,,,,,,0,0
POMPA OTOMATIS SC-125 TEXAS,PMP OT SC-125,MTEPOM02,Umum,PCS,TEXAS,,tidak,0,29000,0,0,0,0,0,3,,,1,,,,,,,,,0,0
POMPA OTOMATIS SC-130 ISCO,PMP OT SC130 IS,MISPOM01,Umum,PCS,ISCO,,tidak,0,27000,0,0,0,0,0,3,,,1,,,,,,,,,0,0
POMPA SEPEDA + MTR CHROME VPR,P SPD VPR,MVPPOM01,Umum,PCS,VPR,,tidak,0,50000,0,0,0,0,0,3,,,1,,,,,,,,,0,0
POMPA SEPEDA MINI,P SPD MINI,MNOPOM02,Umum,PCS,,,tidak,0,20000,0,0,0,0,0,3,,,1,,,,,,,,,0,0
POMPA SEPEDA PEG PVC TOKIO,P SPD TOKIO,MTOPOM01,Umum,PCS,TOKIO,,tidak,0,45000,0,0,0,0,0,3,,,1,,,,,,,,,0,0
POMPA SHIMIZU PS116 BIT,PMP SMZ PS116,MSHPOM01,Umum,PCS,SHIMIZU,,tidak,0,502503,0,0,0,0,0,3,,,1,,,,,,,,,0,0
"POMPA SIBEL INOTO 2 IN (0,25 HP)",PMPI2025,PMPI2025,Sanitary,PCS,,,ya,1589000,1828000,0,,0,0,2,5,,,1,,,,,,,,,0,0
"POMPA SIBEL INOTO 3 IN (0,25 HP)",PMPI3025,PMPI3025,Sanitary,PCS,,,ya,1377000,1585000,0,,0,0,2,5,,,1,,,,,,,,,0,0
"POMPA SIBEL INOTO 3 IN (0,5 HP)",PMPI305,PMPI305,Sanitary,PCS,,,ya,1578000,1815000,0,,0,0,2,5,,,1,,,,,,,,,0,0
"POMPA SIBEL INOTO 4 IN (0,5 HP)",PMPI405,PMPI405,Sanitary,PCS,,,ya,1882000,2165000,0,,0,0,2,5,,,1,,,,,,,,,0,0
"POMPA SIBEL SCREW INOTO EGD 0,5 HP",INEGD05,INEGD05,Sanitary,PCS,,,ya,1238000,1425000,0,,0,0,2,5,,,1,,,,,,,,,0,0
POMPA TABUNG SEPEDA PVC HITAM,MVIPOM01,MVIPOM01,Alat tukang,PCS,VIPER,,tidak,0,55000,0,,0,0,3,3,,,1,,,,,,,,,0,0
POMPA TABUNG SEPEDA STAINLESS,MGRPOM01,MGRPOM01,Alat tukang,PCS,GRT,,tidak,0,70000,0,,0,0,3,3,,,1,,,,,,,,,0,0
POT HELMUT HYPER 45,POT HLMT,MHEPOT01,Umum,PCS,HELMUT,,tidak,0,525200.14,0,0,0,0,0,3,,,1,,,,,,,,,0,0
POTONG GRANIT HD 60CM (TITANIUM),PT GR HD60 HS,MHIPOT01,Umum,PCS,HIOSHI,,tidak,0,0,0,0,0,0,0,3,,,1,,,,,,,,,0,0
POTONG RUMPUT CORDLESS 12V,PTRMPC12,MNOPOT01,Power tools,PCS,,,ya,250000,350000,0,,0,0,0,5,,,1,,,,,,,,,0,0
PRESS CONTROL / AUTOMATIC PUMP,PR CTRL PUMP,MTOPRE01,Umum,PCS,TORA,,tidak,0,288750,0,0,0,0,0,3,,,1,,,,,,,,,0,0
PRESSURE CONTROL SC88 ISCO,PRES CTRL,MISPRE01,Umum,PCS,ISCO,,tidak,0,220000,0,0,0,0,0,3,,,1,,,,,,,,,0,0
RAK CUCI PIRING,MNORAK03,MNORAK03,Plastik,PCS,,,ya,43550,67000,67000,,0,1,0,3,,,1,,,,,,,,,43550,43550
RAK SEPATU PREM 3 SUSUN,MNORAK04,MNORAK04,Plastik,PCS,,,ya,34400,53000,53000,,0,1,0,3,,,1,,,,,,,,,34400,34400
RAK SEPATU PREM 4 SUSUN,MNORAK05,MNORAK05,Plastik,PCS,,,ya,43550,67000,67000,,0,1,0,3,,,1,,,,,,,,,43550,43550
RAK SIKAT GIGI BESAR/LARGE,MNORAK01,MNORAK01,Plastik,PCS,,,ya,19175,29500,29500,,0,1,0,3,,,1,,,,,,,,,19175,19175
RAK SIKAT GIGI MEDIUM,MNORAK02,MNORAK02,Plastik,PCS,,,ya,17225,26500,26500,,0,0,0,3,,,1,,,,,,,,,17225,0
RAKET NYAMUK LUBY L-3838,RLUB3838,RLUB3838,Listrik,PCS,LUBY,,ya,68725,82000,0,,0,6,0,5,,,1,,,,,,,,,0,0
RAKET NYAMUK LUBY L-3881,RLUB3881,RLUB3881,Listrik,PCS,LUBY,,ya,44504,55000,0,,0,6,0,5,,,1,,,,,,,,,0,0
RAKET NYAMUK LUBY L-3882,RLUB3882,RLUB3882,Listrik,PCS,LUBY,,ya,44504,55000,0,,0,6,0,5,,,1,,,,,,,,,0,0
RAKET NYAMUK LUBY L-3883,RLUB3883,RLUB3883,Listrik,PCS,LUBY,,ya,44504,55000,0,,0,6,0,5,,,1,,,,,,,,,0,0
RANTAI ANJING 25 CM,MNORAN03,MNORAN03,Umum,PCS,,,tidak,0,13000,0,,0,0,0,5,,PCS,1,,,,,,,,,0,0
RANTAI ANJING 30 CM,MNORAN04,MNORAN04,Umum,PCS,,,tidak,0,17000,0,,0,0,0,5,,PCS,1,,,,,,,,,0,0
RANTAI ANJING 35 CM,MNORAN05,MNORAN05,Umum,PCS,,,tidak,0,21000,0,,0,0,0,5,,PCS,1,,,,,,,,,0,0
RANTAI ANJING 40 CM,MNORAN06,MNORAN06,Umum,PCS,,,tidak,0,25000,0,,0,0,0,5,,PCS,1,,,,,,,,,0,0
RANTAI ANJING KALEP 2.5 MM,RTAJ KL2.5,MNORAN01,Umum,PCS,,,tidak,0,18000,0,,0,0,0,3,,,1,,,,,,,,,0,0
RANTAI ANJING KALEP 3 MM,RTAJ KL3,MNORAN02,Umum,PCS,,,tidak,0,22000,0,,0,0,0,3,,,1,,,,,,,,,0,0
RASKAM KAZOET (GARIS),RASKAM KZ,MKARAS01,Umum,PCS,KAZOET,,tidak,0,52500,0,0,0,0,0,3,,,1,,,,,,,,,0,0
RASKAM PUTIH,MNORAS04,MNORAS04,Umum,PCS,,Area 03,tidak,0,8000,0,0,0,0,0,5,,PCS,1,,,,,,,,,0,0
RASKAM PVC HTM TEBAL,MNORAS01,MNORAS01,Alat tukang,PCS,,,tidak,0,0,0,0,0,0,11,3,,,1,,,,,,,,,0,0
RASKAM PVC PUTIH AWS,MAWRAS01,MAWRAS01,Alat tukang,PCS,AWS,,tidak,0,0,0,0,0,0,11,3,,,1,,,,,,,,,0,0
RASKAM REYNER PTH,RASKAM RYN,MNORAS02,Umum,PCS,,,tidak,0,8000,0,0,0,0,0,3,,,1,,,,,,,,,0,0
RASKAM TEBAL,MNORAS03,MNORAS03,Umum,PCS,,Area 03,tidak,0,15000,0,0,0,0,0,5,,PCS,1,,,,,,,,,0,0
REFILL ISI TUBLES BAN HASSTON 0230-105 (30 PCS),MHAREF01,MHAREF01,Alat teknik,PCS,HASSTON,Area 02,tidak,37565,50000,0,,0,0,0,5,,,1,,,,,,,,,0,0
REGULATOR HP METER WINN GAS,REGHPMWG,REGHPMWG,Rumah tangga,PCS,,,tidak,85000,98000,0,,0,0,0,5,,,1,,,,,,,,,0,0
REGULATOR KOMPOR + SELANG KOMPLIT,MREGSLGK,MREGSLGK,Rumah tangga,PCS,,,tidak,0,90000,0,,0,0,0,5,,,1,,,,,,,,,0,0
REL LACI HUBEN FE37 400 (PSG),HFE37400,MNOREL01,Kunci Pintu & Aksesoris Mebel,SET,,,tidak,0,33000,0,,0,0,0,5,,,1,,,,,,,,,0,0
REXCO 18 CONTACT CLEANER 500ML,MRECON01,MRECON01,Alat teknik,PCS,REXCO,Area 02,ya,0,60000,0,0,0,6,6,3,,,1,,,,,,,,,0,0
REXCO 50 MULTI PURPOSE LUBRICANT 350ML,MREMUL01,MREMUL01,Alat teknik,PCS,REXCO,Area 02,ya,0,52000,0,0,0,3,8,3,,,1,,,,,,,,,0,0
REXCO 50 MULTI PURPOSE LUBRICANT 500ML,MREMUL02,MREMUL02,Alat teknik,PCS,REXCO,Area 02,ya,0,58000,0,0,0,6,6,3,,,1,,,,,,,,,0,0
RING BAUT 10 (25 PCS),RBAU10P,MNORIN02,Mur Baut,BKS,,,tidak,0,8000,0,,0,0,0,5,,,1,,,,,,,,,0,0
RING BAUT 3 (50 PCS),RIBAM3,RIBAM3,Mur Baut,BKS,,,tidak,0,15000,0,,0,0,0,5,,,1,,,,,,,,,0,0
RING BAUT 6,RINBAU6,MNORIN03,Mur Baut,PCS,,,tidak,0,500,0,,0,0,0,5,,,1,,,,,,,,,0,0
RING BAUT 6 X 18,RIBAU618,MNORIN04,Mur Baut,PCS,,,tidak,0,500,0,,0,0,0,5,,,1,,,,,,,,,0,0
RING BAUT 6 X 18 (50 PCS),RIB618P,RIB618P,Mur Baut,BKS,,,tidak,0,12000,0,,0,0,0,5,,,1,,,,,,,,,0,0
RING BAUT M10,MRIBAU10,MRIBAU10,Mur Baut,PCS,,,tidak,0,500,0,,0,0,0,5,,,1,,,,,,,,,0,0
RING BAUT M11,RIBAM11,RIBAM11,Mur Baut,PCS,,,tidak,0,500,0,,0,0,0,5,,,1,,,,,,,,,0,0
RING BAUT M12,RIBAUM12,MNORIN05,Mur Baut,PCS,,,tidak,0,500,0,,0,0,0,5,,,1,,,,,,,,,0,0
RING BAUT M3,RINBAU3,MNORIN06,Mur Baut,PCS,,,tidak,0,500,0,,0,0,0,5,,,1,,,,,,,,,0,0
RING BAUT M8,MRINBAU8,MRINBAU8,Mur Baut,PCS,,,tidak,0,500,0,,0,0,0,5,,,1,,,,,,,,,0,0
RING BAUT M8 (25 PCS),RBAU8P,MNORIN01,Mur Baut,BKS,,,tidak,0,2500,0,,0,0,0,5,,,1,,,,,,,,,0,0
RODA / BAN MATI GUNDUL,RDMT GUNDUL,MNOROD10,Umum,PCS,,,tidak,0,125000,0,0,0,0,0,3,,,1,,,,,,,,,0,0
RODA / BAN MATI IGM,RDMT IGM,MIGROD01,Umum,PCS,IGM,,tidak,0,125000,0,0,0,0,0,3,,,1,,,,,,,,,0,0
RODA / BAN MATI LUMBA2,RDMT LUMBA,MLUROD01,Umum,PCS,LUMBA LUMBA,,tidak,0,125000,0,0,0,0,0,3,,,1,,,,,,,,,0,0
RODA / BAN MATI SANSHAN,RDMT SAN,MSAROD01,Umum,PCS,SANSHAN,,tidak,0,125000,0,0,0,0,0,3,,,1,,,,,,,,,0,0
RODA / BAN MATI TEXAS WARNA,RDMT TEX,MTEROD01,Umum,PCS,TEXAS,,tidak,0,125000,0,0,0,0,0,3,,,1,,,,,,,,,0,0
"RODA 2"" REM MERAH (DB) SSS",RD REM MR 2,MSSROD17,Umum,PCS,SSS,,tidak,0,10331.25,0,0,0,0,0,3,,,1,,,,,,,,,0,0
RODA BULAT RRT,RD BLT RRT,MNOROD05,Umum,PCS,,,tidak,0,15500,0,0,0,0,0,3,,,1,,,,,,,,,0,0
RODA GEPENG PUTIH,RDGP PTH,MNOROD09,Umum,PCS,,,tidak,0,18000,0,0,0,0,0,3,,,1,,,,,,,,,0,0
RODA GEPENG PVC MATI TOKIO,RDGP PVC MATI,MTOROD07,Umum,PCS,TOKIO,,tidak,0,13000,0,0,0,0,0,3,,,1,,,,,,,,,0,0
RODA GEPENG/KARET MERAH,RDGP MRH,MNOROD08,Umum,PCS,,,tidak,0,19000,0,0,0,0,0,3,,,1,,,,,,,,,0,0
"RODA HIDUP ABU 3"" SSS",RD HDP ABU 3,MSSROD21,Umum,PCS,SSS,,tidak,0,19250,0,0,0,0,0,3,,,1,,,,,,,,,0,0
"RODA HIDUP KARET ABU 2"" SSS",RD HDP KRT ABU 2,MSSROD01,Umum,PCS,SSS,,tidak,0,10500,0,0,0,0,0,3,,,1,,,,,,,,,0,0
"RODA HIDUP KARET ABU 2"" W/REM SSS",RD HDP KRT ABU 2 REM,MSSROD18,Umum,PCS,SSS,,tidak,0,14000,0,0,0,0,0,3,,,1,,,,,,,,,0,0
"RODA HIDUP KARET ABU 3"" SSS",RD HDP KRT ABU 3,MSSROD02,Umum,PCS,SSS,,tidak,0,19250,0,0,0,0,0,3,,,1,,,,,,,,,0,0
"RODA HIDUP KARET HITAM 3"" SSS",RD HDP KRT HTM 3,MSSROD03,Umum,PCS,SSS,,tidak,0,9500,0,0,0,0,0,3,,,1,,,,,,,,,0,0
"RODA HIDUP KARET HITAM 4"" SSS",RD HDP KRT HTM 4,MSSROD04,Umum,PCS,SSS,,tidak,0,16250,0,0,0,0,0,3,,,1,,,,,,,,,0,0
"RODA HIDUP KARET HITAM 5"" SSS",RD HDP KRT HTM 5,MSSROD05,Umum,PCS,SSS,,tidak,0,21875,0,0,0,0,0,3,,,1,,,,,,,,,0,0
"RODA HIDUP KARET HITAM 8"" SSS",RD HDP KRT HTM 8,MSSROD06,Umum,PCS,SSS,,tidak,0,57500,0,0,0,0,0,3,,,1,,,,,,,,,0,0
"RODA HIDUP MERAH 2"" PPU DB SSS",RD HDP RED 2 DB,MSSROD20,Umum,PCS,SSS,,tidak,0,10331.24,0,0,0,0,0,3,,,1,,,,,,,,,0,0
"RODA HIDUP NYLON MERAH + REM 2"" SSS",RD HDP NY MRH REM 2,MSSROD07,Umum,PCS,SSS,,tidak,0,5000,0,0,0,0,0,3,,,1,,,,,,,,,0,0
RODA HIDUP NYLON PUTIH 2' SSS,RD HDP NY PTH 2,MSSROD08,Umum,PCS,SSS,,tidak,0,3500,0,0,0,0,0,3,,,1,,,,,,,,,0,0
"RODA HIDUP WITH REM 3"" SSS",RD HDP REM 3,MSSROD09,Umum,PCS,SSS,,tidak,0,15000,0,0,0,0,0,3,,,1,,,,,,,,,0,0
"RODA HIDUP WITH REM 5"" SSS",RD HDP REM 5,MSSROD10,Umum,PCS,SSS,,tidak,0,28125,0,0,0,0,0,3,,,1,,,,,,,,,0,0
"RODA HIDUP WITH REM 6"" SSS",RD HDP REM 6,MSSROD11,Umum,PCS,SSS,,tidak,0,61250,0,0,0,0,0,3,,,1,,,,,,,,,0,0
RODA HUBEN SD 12,MHUROD01,MHUROD01,Umum,PCS,HUBEN,,tidak,0,28000,0,0,0,0,19,3,,,1,,,,,,,,,0,0
RODA HUBEN SD 31-41,MHUROD03,MHUROD03,Umum,PCS,HUBEN,,tidak,0,13000,0,0,0,0,38,3,,,1,,,,,,,,,0,0
RODA HUBEN SD 338,MHUROD02,MHUROD02,Umum,PCS,HUBEN,,tidak,0,13000,0,0,0,0,19,3,,,1,,,,,,,,,0,0
RODA HUBEN SD 380,MHUROD04,MHUROD04,Umum,PCS,HUBEN,,tidak,0,13000,0,0,0,0,19,3,,,1,,,,,,,,,0,0
RODA KARET HIDUP TOKIO 3',RD HDP TK3,MTOROD01,Umum,PCS,TOKIO,,tidak,0,11970,0,0,0,0,0,3,,,1,,,,,,,,,0,0
RODA KARET HIDUP TOKIO 4',RD HDP TK4,MTOROD02,Umum,PCS,TOKIO,,tidak,0,20520,0,0,0,0,0,3,,,1,,,,,,,,,0,0
RODA KARET MATI TOKIO 3',RD MT TK3,MTOROD03,Umum,PCS,TOKIO,,tidak,0,10687.5,0,0,0,0,0,3,,,1,,,,,,,,,0,0
RODA KARET MATI TOKIO 4',RD MT TK4,MTOROD04,Umum,PCS,TOKIO,,tidak,0,17955,0,0,0,0,0,3,,,1,,,,,,,,,0,0
RODA KARET REM (MERAH) TOKIO 3',RD REM 3,MTOROD05,Umum,PCS,TOKIO,,tidak,0,16200,0,0,0,0,0,3,,,1,,,,,,,,,0,0
RODA KARET REM (MERAH) TOKIO 4',RD REM 4,MTOROD06,Umum,PCS,TOKIO,,tidak,0,18382.5,0,0,0,0,0,3,,,1,,,,,,,,,0,0
RODA KARET REM TOKIO 6',RD REM 6,MNOROD07,Umum,PCS,,,tidak,0,68000,0,0,0,0,0,3,,,1,,,,,,,,,0,0
RODA LORI BIRU TOKIO 8 AS 25,RD LORI,MNOROD06,Umum,PCS,,,tidak,0,35625,0,0,0,0,0,3,,,1,,,,,,,,,0,0
"RODA MATI HITAM 4"" SSS",RD MT HTM 4,MSSROD12,Umum,PCS,SSS,,tidak,0,15250,0,0,0,0,0,3,,,1,,,,,,,,,0,0
RODA MATI HITAM 5'' SSS,RD MT HTM 5,MSSROD13,Umum,PCS,SSS,,tidak,0,18750,0,0,0,0,0,3,,,1,,,,,,,,,0,0
"RODA MATI HITAM 6"" SSS",RD MT HTM 6,MSSROD14,Umum,PCS,SSS,,tidak,0,41875,0,0,0,0,0,3,,,1,,,,,,,,,0,0
"RODA MATI MERAH 2"" PPU DB SSS",RD MT RED 2 DB,MSSROD19,Umum,PCS,SSS,,tidak,0,8431.24,0,0,0,0,0,3,,,1,,,,,,,,,0,0
"RODA NYLON PTH HIDUP TOKIO 50MM /2""",RDGP HDP PTH TK,MTOROD08,Umum,PCS,TOKIO,,tidak,0,12500,0,0,0,0,0,3,,,1,,,,,,,,,0,0
RODA ONLY 3',RD 3,MNOROD01,Umum,PCS,,,tidak,0,10000,0,0,0,0,0,3,,,1,,,,,,,,,0,0
RODA ONLY 4',RD 4,MNOROD02,Umum,PCS,,,tidak,0,15000,0,0,0,0,0,3,,,1,,,,,,,,,0,0
RODA ONLY 6',RD 6,MNOROD03,Umum,PCS,,,tidak,0,23500,0,0,0,0,0,3,,,1,,,,,,,,,0,0
RODA ONLY 8',RD 8,MNOROD04,Umum,PCS,,,tidak,0,33000,0,0,0,0,0,3,,,1,,,,,,,,,0,0
"RODA ONLY BIRU HV DUTY 6"" GLX",RDBR HVDT 6,MGLROD01,Umum,PCS,GLX,,tidak,0,31000,0,0,0,0,0,3,,,1,,,,,,,,,0,0
"RODA ONLY BIRU HV DUTY 8"" GLX",RDBR HVDT 8,MGLROD02,Umum,PCS,GLX,,tidak,0,41000,0,0,0,0,0,3,,,1,,,,,,,,,0,0
"RODA PP HIDUP NYLON 5"" SSS",RD PP HDP NY 5,MSSROD15,Umum,PCS,SSS,,tidak,0,24000,0,0,0,0,0,3,,,1,,,,,,,,,0,0
"RODA PP MATI NYLON 5"" SSS",RD PP MT NY 5,MSSROD16,Umum,PCS,SSS,,tidak,0,20500,0,0,0,0,0,3,,,1,,,,,,,,,0,0
ROL METER 3M FIT,ROL3MFIT,ROL3MFIT,Alat tukang,PCS,,,tidak,0,16000,0,,0,0,0,5,,,1,,,,,,,,,0,0
ROL METER 3M KOFUKU,ROL3MKOF,ROL3MKOF,Alat tukang,PCS,,,tidak,0,14000,0,,0,0,0,5,,,1,,,,,,,,,0,0
ROL METER 5M FIT,ROL5MFIT,ROL5MFIT,Alat tukang,PCS,,,tidak,0,26000,0,,0,0,0,5,,,1,,,,,,,,,0,0
ROL METER 5M KOFUKU,ROL5MKOF,ROL5MKOF,Alat tukang,PCS,,,tidak,0,20000,0,,0,0,0,5,,,1,,,,,,,,,0,0
ROL METER 5M VPR,MVPROL05,MVPROL05,Umum,PCS,VPR,Area 03,tidak,0,13000,0,,0,0,0,5,,PCS,1,,,,,,,,,0,0
"ROL METER 7,5M FIT",ROL7MFIT,ROL7MFIT,Alat tukang,PCS,,,tidak,0,40000,0,,0,0,0,5,,,1,,,,,,,,,0,0
ROL METER 7.5 MM VPR,MVPROL04,MVPROL04,Umum,PCS,VPR,Area 03,tidak,0,25000,0,0,0,0,0,5,,PCS,1,,,,,,,,,0,0
ROL METER ESSEN 3M,MESROL03,MESROL03,Umum,PCS,ESSEN,Area 03,tidak,0,20000,0,0,0,0,0,5,,PCS,1,,,,,,,,,0,0
ROL METER ESSEN 5M,MESROL04,MESROL04,Umum,PCS,ESSEN,Area 03,tidak,0,30000,0,0,0,0,0,5,,PCS,1,,,,,,,,,0,0
"ROL METER ESSEN 7,5M",MESROL05,MESROL05,Umum,PCS,ESSEN,Area 03,tidak,0,50000,0,0,0,0,0,5,,PCS,1,,,,,,,,,0,0
ROL METER RACHET 5M HIOSHI,MTR RCH 5 HS,MHIROL22,Alat tukang,PCS,HIOSHI,,tidak,0,35000,0,,0,0,0,3,,,1,,,,,,,,,0,0
ROLL 10 METER AUTOSTOP ISCO,MTR 10 ISCO,MISROL01,Umum,PCS,ISCO,,tidak,0,40000,0,0,0,0,0,3,,,1,,,,,,,,,0,0
ROLL 3 METER HIOSHI ECO CLASSIC,MTR HS 3 CLS,MHIROL04,Umum,PCS,HIOSHI,,tidak,0,82000,0,0,0,0,0,3,,,1,,,,,,,,,0,0
ROLL 5 METER AUTOSTOP ISCO,MTR 5 ISCO,MISROL02,Umum,PCS,ISCO,,tidak,0,20000,0,0,0,0,0,3,,,1,,,,,,,,,0,0
ROLL 5 METER HIOSHI ECO CLASSIC,MTR HS 5 CLS,MHIROL05,Umum,PCS,HIOSHI,,tidak,0,116000,0,0,0,0,0,3,,,1,,,,,,,,,0,0
ROLL 5 MTR HIOSHI ECO,MTRHS5 ECO,MHIROL20,Umum,PCS,HIOSHI,,tidak,0,87875,0,0,0,0,0,3,,,1,,,,,,,,,0,0
"ROLL 7,5 METER HIOSHI ECO CLASSIC",MTR HS 7.5 CLS,MHIROL06,Umum,PCS,HIOSHI,,tidak,0,206250,0,0,0,0,0,3,,,1,,,,,,,,,0,0
ROLL METER 3 MTR  VPR,MTR VPR 3,MVPROL03,Umum,PCS,VPR,,tidak,0,65000,0,0,0,0,0,3,,,1,,,,,,,,,0,0
ROLL METER 5 MTR VPR,MTR VPR 5,MVPROL02,Umum,PCS,VPR,,tidak,0,85000,0,0,0,0,0,3,,,1,,,,,,,,,0,0
ROLL METER BANG JO 3 MTR HIOSHI,MTR BJ 3 HS,MHIROL01,Umum,PCS,HIOSHI,,tidak,0,55062,0,0,0,0,0,3,,,1,,,,,,,,,0,0
ROLL METER BANG JO 5 MTR HIOSHI,MTR BJ 5 HS,MHIROL02,Umum,PCS,HIOSHI,,tidak,0,74727,0,0,0,0,0,3,,,1,,,,,,,,,0,0
"ROLL METER BANG JO 7,5 MTR HIOSHI",MTR BJ 7.5 HS,MHIROL03,Umum,PCS,HIOSHI,,tidak,0,129789,0,0,0,0,0,3,,,1,,,,,,,,,0,0
ROLL METER ESSEN 3 MTR,MTRES3,MESROL01,Umum,PCS,ESSEN,,tidak,0,20000,0,0,0,0,0,3,,,1,,,,,,,,,0,0
ROLL METER ESSEN 5 MTR,MTRES5,MESROL02,Umum,PCS,ESSEN,,tidak,0,27500,0,0,0,0,0,3,,,1,,,,,,,,,0,0
"ROLL METER ESSEN 7,5","MTRES7,5","MTRES7,5",Umum,PCS,ESSEN,,tidak,0,55000,0,0,0,0,0,3,,,1,,,,,,,,,0,0
ROLL METER EXTREME 3M (AUTOSTOP) HIOSHI,MTRES3 EXTR,MHIROL18,Umum,PCS,HIOSHI,,tidak,0,152000,0,0,0,0,0,3,,,1,,,,,,,,,0,0
ROLL METER EXTREME 5M (AUTOSTOP) HIOSHI,MTRES5 EXTR,MHIROL19,Umum,PCS,HIOSHI,,tidak,0,194750,0,0,0,0,0,3,,,1,,,,,,,,,0,0
ROLL METER MERAH PUTIH 3 MTR HIOSHI,MTR MP 3 HS,MHIROL09,Umum,PCS,HIOSHI,,tidak,0,73625,0,0,0,0,0,3,,,1,,,,,,,,,0,0
ROLL METER MERAH PUTIH 5 MTR HIOSHI,MTR MP 5 HS,MHIROL10,Umum,PCS,HIOSHI,,tidak,0,102125,0,0,0,0,0,3,,,1,,,,,,,,,0,0
ROLL METER MERAH PUTIH 7.5 MTR HIOSHI,MTR MP 7.5 HS,MHIROL11,Umum,PCS,HIOSHI,,tidak,0,190000,0,0,0,0,0,3,,,1,,,,,,,,,0,0
ROLL METER RACHET 3 MTR PLAT HITAM HIOSHI,MTR RCH 3 HS,MHIROL21,Umum,PCS,HIOSHI,,tidak,0,0,0,0,0,0,0,3,,,1,,,,,,,,,0,0
ROLL METER RACHET 7.5 MTR PLAT HTM HIOSHI,MTR RCH 7.5 HS,MHIROL23,Umum,PCS,HIOSHI,,tidak,0,0,0,0,0,0,0,3,,,1,,,,,,,,,0,0
ROLL METER TRANSPARAN AXELL 5 MTR,MTR TRSP 5,MAXROL01,Umum,PCS,AXELL,,tidak,0,12500,0,0,0,0,0,3,,,1,,,,,,,,,0,0
ROLL METER UPGRADE 3 MTR HIOSHI,MTR UG3 HS,MHIROL15,Umum,PCS,HIOSHI,,tidak,0,85737.5,0,0,0,0,0,3,,,1,,,,,,,,,0,0
ROLL METER UPGRADE 5 MTR HIOSHI,MTR UG5 HS,MHIROL16,Umum,PCS,HIOSHI,,tidak,0,92268.75,0,0,0,0,0,3,,,1,,,,,,,,,0,0
"ROLL METER UPGRADE 7,5 MTR HIOSHI",MTR UG7.5 HS,MHIROL17,Umum,PCS,HIOSHI,,tidak,0,198550,0,0,0,0,0,3,,,1,,,,,,,,,0,0
"ROLL METERAN 3 STOP 7,5 MTR VPR",MTR VPR 7.5,MVPROL01,Umum,PCS,VPR,,tidak,0,20000,0,0,0,0,0,3,,,1,,,,,,,,,0,0
ROLL MTR FIBER 100 M (METERAN JALAN),MTR JLN 100M,MHIROL07,Umum,PCS,HIOSHI,,tidak,0,75000,0,0,0,0,0,3,,,1,,,,,,,,,0,0
ROLL MTR FIBER 50 M (METERAN JALAN),MTR JLN 50M,MHIROL08,Umum,PCS,HIOSHI,,tidak,0,50000,0,0,0,0,0,3,,,1,,,,,,,,,0,0
ROMPI PROYEK JARING HIJAU,RMP HJ,MNOROM01,Umum,PCS,,,tidak,0,18000,0,,0,0,0,3,,,1,,,,,,,,,0,0
ROMPI PROYEK JARING ORANGE,RMP ORG,MNOROM02,Umum,PCS,,,tidak,0,18000,0,,0,0,0,3,,,1,,,,,,,,,0,0
SAKLAR BOR MODERN M-2100B,MMOSAK02,MMOSAK02,Power tools,PCS,MODERN POWER TOOLS,Area 02,tidak,0,10000,0,0,0,0,0,3,,,1,,,,,,,,,0,0
SAKLAR BOR MODERN M-2100C,MMOSAK05,MMOSAK05,Power tools,PCS,MODERN POWER TOOLS,Area 02,tidak,0,35000,0,0,0,0,0,3,,,1,,,,,,,,,0,0
"SAKLAR DOUBLE BROCO 16620 CREAM ",MBRSAK04,MBRSAK04,Listrik,PCS,BROCO,Area 05,tidak,0,20000,0,,0,0,0,5,,,1,,,,,,,,,0,0
SAKLAR DOUBLE BROCO 6622U CREAM,MBRSAK02,MBRSAK02,Listrik,PCS,BROCO,Area 05,tidak,0,20000,0,,0,0,0,5,,,1,,,,,,,,,0,0
SAKLAR DOUBLE BROCO G16255 PUTIH,MBRSAK06,MBRSAK06,Listrik,PCS,BROCO,Area 05,tidak,0,22000,0,,0,0,0,5,,,1,,,,,,,,,0,0
SAKLAR DOUBLE OUTBOW PANASONIC,MSADOPAN,MSADOPAN,Listrik,PCS,PANASONIC,Counter,tidak,0,22000,0,0,0,0,0,3,,,1,,,,,,,,,0,0
SAKLAR GERINDA/PROFIL MODERN,MMOSAK03,MMOSAK03,Power tools,PCS,MODERN POWER TOOLS,Area 02,tidak,0,10000,0,0,0,0,0,3,,,1,,,,,,,,,0,0
SAKLAR LEBAR TUNGGAL BROCO G16155 PUTIH,MBRSAK05,MBRSAK05,Listrik,PCS,BROCO,Area 05,tidak,0,16000,0,,0,0,0,5,,,1,,,,,,,,,0,0
SAKLAR M190 BULL,MBUSAK01,MBUSAK01,Listrik,PCS,BULL,,tidak,0,0,0,0,0,0,3,3,,,1,,,,,,,,,0,0
SAKLAR PASAH PLANER MODERN M-2900,MMOSAK01,MMOSAK01,Power tools,PCS,MODERN POWER TOOLS,Area 02,tidak,0,8000,0,0,0,0,0,3,,,1,,,,,,,,,0,0
SAKLAR SINGLE BROCO 16210,MBRSAK03,MBRSAK03,Listrik,PCS,BROCO,Area 05,tidak,0,15000,0,,0,0,0,5,,,1,,,,,,,,,0,0
"SAKLAR SINGLE BROCO 6621U CREAM ",MBRSAK01,MBRSAK01,Listrik,PCS,BROCO,Area 05,tidak,0,15000,0,,0,0,0,5,,,1,,,,,,,,,0,0
SAKLAR TRIMMER MODERN M-2700,MMOSAK04,MMOSAK04,Power tools,PCS,MODERN POWER TOOLS,Area 02,tidak,0,9000,0,0,0,0,0,3,,,1,,,,,,,,,0,0
SAMBUNGAN SELANG PVC,SAMSLPVC,MNOSAM01,Sanitary,PCS,,,ya,0,4000,0,,0,10,0,5,,,1,,,,,,,,,0,0
SAPU CLEAN ART,SAPUCLA,SAPUCLA,Plastik,PCS,,,ya,25000,35000,0,,0,0,3,5,,,1,,,,,,,,,0,0
SAPU HYPER,MNOSAP01,MNOSAP01,Plastik,PCS,,,ya,3250,23000,23000,,0,4,0,3,,,1,,,,,,,,,3250,13000
SAPU LIDI GG PANJANG 2 MACAN MERAH,SAPLDPJG,MNOSAP02,Rumah tangga,PCS,,,tidak,37000,45000,0,,0,0,0,5,,,1,,,,,,,,,0,0
SAPU LIDI TANPA GAGANG,SAPLTGG,SAPLTGG,Plastik,PCS,,,tidak,8000,11000,0,,0,0,0,5,,,1,,,,,,,,,0,0
SARGOT SS GOMEO,MGOSAR02,MGOSAR02,Umum,PCS,GOMEO,,tidak,0,0,0,0,0,0,0,5,,PCS,1,,,,,,,,,0,0
SARGOT SS GOMEO BIASA,MGOSAR04,MGOSAR04,Umum,PCS,GOMEO,,tidak,0,0,0,0,0,0,0,5,,PCS,1,,,,,,,,,0,0
SARGOT SS GOMEO DRAT KUNINGAN,MGOSAR03,MGOSAR03,Umum,PCS,GOMEO,,tidak,0,0,0,0,0,0,0,5,,PCS,1,,,,,,,,,0,0
SARINGAN GOT ANTI KECOA,SARGOTAK,SARGOTAK,Sanitary,PCS,,,tidak,0,20000,0,,0,0,0,5,,,1,,,,,,,,,0,0
SARINGAN GOT IGM,MSRGNIGM,MSRGNIGM,Umum,PCS,IGM,,tidak,0,130000,0,0,0,0,0,3,,,1,,,,,,,,,0,0
SARINGAN GOT MODEL TOTO BOLZANO,MNOSAR03,MNOSAR03,Umum,PCS,,,tidak,0,55000,0,,0,0,0,5,,PCS,1,,,,,,,,,0,0
SARINGAN GOT PVC WARNA,MNOSAR04,MNOSAR04,Umum,PCS,,,tidak,0,4000,0,,0,0,0,5,,PCS,1,,,,,,,,,0,0
SARINGAN GOT PVC WARNA,MNOSAR02,MNOSAR02,Umum,PCS,,Area 03,tidak,0,0,0,0,0,0,0,5,,PCS,1,,,,,,,,,0,0
SARINGAN GOT S/S LEON,SGT SS LEON,MLESAR01,Umum,PCS,LEON,,tidak,0,8000,0,0,0,0,0,3,,,1,,,,,,,,,0,0
SARINGAN GOT STAINLESS GOMEO,MGOSAR01,MGOSAR01,Umum,PCS,GOMEO,Area 03,tidak,0,42500,0,,0,0,0,5,,PCS,1,,,,,,,,,0,0
SARINGAN GOT STAINLESS IGM IS073 CHROME 20CM,MSRGCH20,MSRGCH20,Sanitary,PCS,IGM,Area 03,tidak,0,220000,0,0,0,0,0,5,,,1,,,,,,,,,0,0
SARINGAN GOT STAINLESS IGM IS073 GREY 20CM,MSRGSI20,MSRGSI20,Sanitary,PCS,IGM,Area 03,tidak,0,220000,0,0,0,0,0,5,,,1,,,,,,,,,0,0
SARINGAN GOT TEBAL S/S ISCO,SGT SS ISCO,MISSAR01,Umum,PCS,ISCO,,tidak,0,60000,0,0,0,0,0,3,,,1,,,,,,,,,0,0
SARUNG TANGAN BINTIK HIOSHI,SRG TGN BT HS,MHISAR01,Umum,PCS,HIOSHI,,tidak,0,29716,0,0,0,0,0,3,,,1,,,,,,,,,0,0
SARUNG TANGAN BINTIK HITAM MTHR,SRG TGN BT HTM,MMASAR02,Umum,PCS,MATAHARI,,tidak,0,23000,0,0,0,0,0,3,,,1,,,,,,,,,0,0
SARUNG TANGAN BINTIK MATAHARI,SRG TGN BT,MMASAR01,Umum,PCS,MATAHARI,,tidak,0,4000,0,0,0,0,0,3,,,1,,,,,,,,,0,0
SARUNG TANGAN KAIN ABU ABU,MSRGKAAB,MSRGKAAB,Perlengkapan Safety,PSG,,,tidak,0,3000,0,0,0,0,0,5,,,1,,,,,,,,,0,0
SARUNG TANGAN KARET SATAKA,SRTGNKST,SRTGNKST,Alat tukang,PSG,,,tidak,0,15000,0,,0,0,0,5,,,1,,,,,,,,,0,0
SARUNG TANGAN KARET WILMER,MSRGKRTW,MSRGKRTW,Perlengkapan Safety,PSG,,,tidak,0,10000,0,0,0,0,0,5,,,1,,,,,,,,,0,0
"SARUNG TANGAN LAS KULIT 14"" BIRU HASSTON 4050-006",MHASAR01,MHASAR01,Alat teknik,PCS,HASSTON,Area 02,tidak,0,95000,0,0,0,0,0,5,,,1,,,,,,,,,0,0
SARUNG TANGAN LATEX GUNTERO,MSRGLGUN,MSRGLGUN,Perlengkapan Safety,PSG,,,tidak,0,13000,0,0,0,0,0,5,,,1,,,,,,,,,0,0
SARUNG TANGAN LATEX MEIJER,MSRGLMEI,MSRGLMEI,Perlengkapan Safety,PSG,,,tidak,0,13000,0,0,0,0,0,5,,,1,,,,,,,,,0,0
SARUNG TANGAN POLOS HIOSHI,SRG TGN PL HS,MHISAR02,Umum,PCS,HIOSHI,,tidak,0,22724,0,0,0,0,0,3,,,1,,,,,,,,,0,0
"SCROLL SAW 16"" VARIABEL SPEED MODERN M-400A",MMOSCR01,MMOSCR01,Power tools,PCS,MODERN POWER TOOLS,Area 02,tidak,0,1450000,0,0,0,0,0,1,,,1,,,,,,,,,0,0
SEAL DAB 125 KOTAK,SEAL DAB,MISSEA01,Umum,PCS,ISCO,,tidak,0,3850,0,0,0,0,0,3,,,1,,,,,,,,,0,0
SEAL TAPE JUMBO,MNOSEA01,MNOSEA01,Umum,PCS,,,ya,0,5000,0,,0,4,20,5,,PCS,1,,,,,,,,,0,0
SEAL TAPE KECIL (2 PCS),MNOSEA02,MNOSEA02,Umum,PCS,,,tidak,0,6000,0,,0,0,0,5,,PCS,1,,,,,,,,,0,0
SEAL TAPE ONDA KECIL 1/2 (2 PCS),ACSPVST172OND,MONSEA01,Umum,PCS,ONDA,,tidak,0,10000,0,0,0,0,0,3,,,1,,,,,,,,,0,0
SEAL TAPE TANGGUNG (2 PCS),MNOSEA03,MNOSEA03,Umum,PCS,,,tidak,0,7000,0,,0,0,0,5,,PCS,1,,,,,,,,,0,0
SEALTAPE ECO 12X10 (1/2) HIOSHI,S TAPE 1/2 HS,MHISEA01,Umum,PCS,HIOSHI,,tidak,0,926.25,0,0,0,0,0,3,,,1,,,,,,,,,0,0
SEKOP AMICO,SKP AMICO,MAMSEK01,Umum,PCS,AMICO,,tidak,0,85000,0,,0,0,0,3,,,1,,,,,,,,,0,0
SEKOP ECO PAPAK HIOSHI,SKP HS,MHISEK01,Umum,PCS,HIOSHI,,tidak,0,506250,0,0,0,0,0,3,,,1,,,,,,,,,0,0
SEKOP REYNER,SEKOPRYN,SEKOPRYN,Alat tukang,PCS,,,tidak,0,60000,0,,0,0,0,5,,,1,,,,,,,,,0,0
SELANG AIR TRILIUN DOFF 3/4,SLTRDF34,MNOSEL16,Rumah tangga,MTR,,,tidak,0,7000,0,,0,0,0,5,,ROL,50,ROL,323000,0,,,,,,0,0
SELANG AIR TRILIUN DOFF 5/8,SLTR5/8DF,MNOSEL10,Sanitary,MTR,,,tidak,0,6000,0,,0,0,0,5,,ROL,50,ROL,255000,0,,,,,,0,0
SELANG AIR TRILIUN DOFF 5/8 METERAN,SLTR5/8DF-PAKET,MNOSEL11,Sanitary,MTR,,,tidak,0,6500,0,,0,0,0,5,,,1,,,,,2759,1,FIXED_RATIO,MTR,0,0
SELANG AIR TRILIUN SFLEX 3/4,SLTR34SF,MNOSEL15,Rumah tangga,MTR,,,tidak,0,15000,0,,0,0,0,5,,ROL,50,ROL,635000,635000,,,,,,0,0
SELANG AIR TRILIUN SFLEX 5/8,SLTRSF58,MNOSEL13,Sanitary,MTR,,,tidak,0,10000,0,,0,0,0,5,,ROL,50,ROL,440000,440000,,,,,,0,0
SELANG AIR TRILIUN SFLEX 5/8 METERAN,SLTRSF58-PAKET,MNOSEL14,Sanitary,MTR,,,tidak,0,10000,0,,0,0,0,5,,,1,,,,,2988,1,FIXED_RATIO,MTR,0,0
SELANG BAK CUCI PIRING,MNOSEL09,MNOSEL09,Umum,PCS,,Area 03,tidak,0,20000,0,0,0,0,0,5,,PCS,1,,,,,,,,,0,0
SELANG FLEXIBEL 30 CM ISCO,SL FLX 30,MISSEL01,Umum,PCS,ISCO,,tidak,0,20000,0,0,0,0,0,3,,,1,,,,,,,,,0,0
SELANG FLEXIBEL 40 CM ISCO,SL FLX 40,MISSEL02,Umum,PCS,ISCO,,tidak,0,22000,0,0,0,0,0,3,,,1,,,,,,,,,0,0
SELANG FLEXIBEL 50 CM ISCO,SL FLX 50,MISSEL03,Umum,PCS,ISCO,,tidak,0,25000,0,0,0,0,0,3,,,1,,,,,,,,,0,0
SELANG FLEXIBLE ANYAM 30,MNOSEL04,MNOSEL04,Umum,PCS,,,tidak,0,20000,0,0,0,0,0,5,,PCS,1,,,,,,,,,0,0
SELANG FLEXIBLE ANYAM 40,MNOSEL05,MNOSEL05,Umum,PCS,,,tidak,0,23000,0,0,0,0,0,5,,PCS,1,,,,,,,,,0,0
SELANG FLEXIBLE ANYAM 50,MNOSEL06,MNOSEL06,Umum,PCS,,,tidak,0,28000,0,0,0,0,0,5,,PCS,1,,,,,,,,,0,0
SELANG FLEXIBLE ANYAM 60,MNOSEL07,MNOSEL07,Umum,PCS,,,tidak,0,32000,0,0,0,0,0,5,,PCS,1,,,,,,,,,0,0
SELANG GAS SOLID,MNOSEL03,MNOSEL03,Umum,PCS,,Area 04,tidak,0,18000,0,0,0,0,0,5,,PCS,1,,,,,,,,,0,0
SELANG KOMPRESOR 100M LAZARO,MLASEL02,MLASEL02,Alat teknik,PCS,LAZARO,Area 02,tidak,0,750000,0,0,0,0,0,5,,,1,,,,,,,,,0,0
SELANG KOMPRESOR 10M LAZARO,MLASEL01,MLASEL01,Alat teknik,PCS,LAZARO,Area 02,tidak,0,90000,0,0,0,0,0,5,,,1,,,,,,,,,0,0
SELANG KOMPRESOR 15M + CONNECTOR HASSTON,MHASEL01,MHASEL01,Alat teknik,PCS,HASSTON,Area 02,tidak,0,285000,0,,0,0,0,5,,,1,,,,,,,,,0,0
SELANG KOMPRESOR 9M PU,SLK9MPU,SLK9MPU,Alat teknik,PCS,,,tidak,0,60000,0,,0,0,0,5,,,1,,,,,,,,,0,0
SELANG KOMPRESOR SPIRAL 12M PE,SLKS12PE,SLKS12PE,Alat teknik,PCS,,,tidak,46500,65000,0,,0,0,0,5,,,1,,,,,,,,,0,0
SELANG KOMPRESOR SPIRAL 12M PU,SLKS12PU,SLKS12PU,Alat teknik,PCS,,,tidak,107000,125000,0,,0,0,0,5,,,1,,,,,,,,,0,0
SELANG KOMPRESOR SPIRAL 15M PE,SLKS15PE,SLKS15PE,Alat teknik,PCS,,,tidak,51000,75000,0,,0,0,0,5,,,1,,,,,,,,,0,0
SELANG KOMPRESOR SPIRAL 15M PU,SLKS15PU,SLKS15PU,Alat teknik,PCS,,,tidak,131000,150000,0,,0,0,0,5,,,1,,,,,,,,,0,0
SELANG KOMPRESOR SPIRAL 4M PE,SLKMS4PE,SLKMS4PE,Alat teknik,PCS,,,tidak,23000,35000,0,,0,0,0,5,,,1,,,,,,,,,0,0
SELANG KOMPRESOR SPIRAL 4M PU,SLKMS4PU,SLKMS4PU,Alat teknik,PCS,,,tidak,46500,60000,0,,0,0,0,5,,,1,,,,,,,,,0,0
SELANG KOMPRESOR SPIRAL 6M PE,SLKMS6PE,SLKMS6PE,Alat teknik,PCS,,,tidak,27500,40000,0,,0,0,0,5,,,1,,,,,,,,,0,0
SELANG KOMPRESOR SPIRAL 6M PU,SLKMS6PU,SLKMS6PU,Alat teknik,PCS,,,tidak,63500,77000,0,,0,0,0,5,,,1,,,,,,,,,0,0
SELANG KOMPRESOR SPIRAL 9M PE,SLKS9PE,SLKS9PE,Alat teknik,PCS,,,tidak,36500,55000,0,,0,0,0,5,,,1,,,,,,,,,0,0
SELANG KOMPRESOR SPIRAL 9M PU,SLKMS9PU,SLKMS9PU,Alat teknik,PCS,,,tidak,86500,105000,0,,0,0,0,5,,,1,,,,,,,,,0,0
"SELANG MESIN CUCI 1,5 MTR HPP",SL MSN CC 1.5,MHPSEL01,Umum,PCS,HPP,,tidak,0,25000,0,0,0,0,0,3,,,1,,,,,,,,,0,0
"SELANG MESIN CUCI 1,5M",MNOSEL08,MNOSEL08,Umum,PCS,,Area 03,tidak,0,25000,0,0,0,0,0,5,,PCS,1,,,,,,,,,0,0
SELANG POMPA ANYAM BIASA,MNOSEL01,MNOSEL01,Alat tukang,PCS,,,tidak,0,0,0,0,0,0,5,3,,,1,,,,,,,,,0,0
SELANG POMPA JASON,MJASEL01,MJASEL01,Alat tukang,PCS,JASON,,tidak,0,0,0,0,0,0,1,3,,,1,,,,,,,,,0,0
SELANG POMPA TABUNG TOKIO,SL PP TBG,MTOSEL01,Umum,PCS,TOKIO,,tidak,0,7500,0,0,0,0,0,3,,,1,,,,,,,,,0,0
SELANG REGULATOR KOMPOR,MSLGREGK,MSLGREGK,Rumah tangga,PCS,,,ya,0,45000,0,,0,0,1,5,,,1,,,,,,,,,0,0
SELANG SHOWER,MSLGSHWR,MSLGSHWR,Sanitary,PCS,,,ya,0,50000,0,,0,5,0,5,,,1,,,,,,,,,0,0
SELANG SHOWER FLEXIBLE,SLG SHW FLX,MNOSEL02,Umum,PCS,,,tidak,0,40000,0,0,0,0,0,3,,,1,,,,,,,,,0,0
SELANG TUKANG 1/4,MSLTK14,MNOSEL12,Alat tukang,MTR,,,tidak,0,5000,0,,0,0,0,5,,ROL,100,ROL,500000,0,,,,,,0,0
SEMPROTAN AIR PISTOL 506,S AIR PVC03,MHISEM01,Umum,PCS,HIOSHI,,tidak,0,18000,0,,0,0,0,3,,,1,,,,,,,,,0,0
SEMPROTAN BURUNG 1 LTR,MSMBUR02,MSMBUR02,Sanitary,PCS,,,tidak,0,22000,0,0,0,0,0,5,,,1,,,,,,,,,0,0
SEMPROTAN BURUNG 1/2 LTR,MSMBUR01,MSMBUR01,Sanitary,PCS,,,tidak,0,17000,0,0,0,0,0,5,,,1,,,,,,,,,0,0
SEMPROTAN LURUS KUNINGAN,MNOSEM01,MNOSEM01,Umum,PCS,,,tidak,0,20000,0,,0,0,0,5,,PCS,1,,,,,,,,,0,0
SENDOK BESI MURAH,SENDOKSS,SENDOKSS,Plastik,PCS,,,ya,1350,2000,0,,0,0,12,5,,,1,,,,,,,,,0,0
SENTER,MNOSEN01,MNOSEN01,Umum,PCS,,,tidak,0,0,0,0,0,0,0,3,,PCS,1,PCS,0,0,0,,,,,0,0
SENTER LUBY 2673,MLUSEN09,MLUSEN09,Rumah tangga,PCS,LUBY,Area 04,tidak,94500,115000,0,0,0,0,0,5,,,1,,,,,,,,,0,0
SENTER LUBY 2675 B,MLUSEN08,MLUSEN08,Rumah tangga,PCS,LUBY,Area 04,tidak,79300,100000,0,0,0,0,0,5,,,1,,,,,,,,,0,0
SENTER LUBY 2871,MLUSEN01,MLUSEN01,Rumah tangga,PCS,LUBY,Area 04,tidak,35500,48000,0,0,0,0,0,5,,,1,,,,,,,,,0,0
SENTER LUBY 2879 PUTIH,MLUSEN03,MLUSEN03,Rumah tangga,PCS,LUBY,Area 04,tidak,94900,120000,0,0,0,0,0,5,,,1,,,,,,,,,0,0
SENTER LUBY 2880 KUNING,MLUSEN04,MLUSEN04,Rumah tangga,PCS,LUBY,Area 04,tidak,93900,115000,0,0,0,0,0,5,,,1,,,,,,,,,0,0
SENTER LUBY 2883 PUTIH,MLUSEN02,MLUSEN02,Rumah tangga,PCS,LUBY,Area 04,tidak,44900,60000,0,0,0,0,0,5,,,1,,,,,,,,,0,0
SENTER LUBY 2911 PUTIH,MLUSEN05,MLUSEN05,Rumah tangga,PCS,LUBY,Area 04,tidak,83700,105000,0,0,0,0,0,5,,,1,,,,,,,,,0,0
SENTER LUBY 770 C,MLUSEN10,MLUSEN10,Rumah tangga,PCS,LUBY,Area 04,tidak,109900,140000,0,0,0,0,0,5,,,1,,,,,,,,,0,0
SENTER LUBY 8908,MLUSEN07,MLUSEN07,Rumah tangga,PCS,LUBY,Area 04,tidak,25400,32000,0,0,0,0,0,5,,,1,,,,,,,,,0,0
SENTER LUBY 8916 A,MLUSEN06,MLUSEN06,Rumah tangga,PCS,LUBY,Area 04,tidak,34300,43000,0,0,0,0,0,5,,,1,,,,,,,,,0,0
SEPATU BOOT ANDO ALL SIZE,BOOTANDO,BOOTANDO,Alat tukang,PSG,,,tidak,0,120000,0,,0,0,0,5,,,1,,,,,,,,,0,0
SERAT FIBER,SERFIBER,SERFIBER,Alat tukang,PCS,,,tidak,0,3000,0,,0,0,0,5,,,1,,,,,,,,,0,0
SERBET KOTAK KOTAK,SERBETKT,SERBETKT,Plastik,PCS,,,ya,2100,4000,0,,0,0,12,5,,,1,,,,,,,,,0,0
SERBET PF888 55 X 65,SRPF5565,SRPF5565,Plastik,PCS,,,ya,11250,16000,0,,0,0,6,5,,,1,,,,,,,,,0,0
SETRIKA MASPION EX-1010 BB,MNOSET01,MNOSET01,Rumah tangga,PCS,,Area 04,tidak,115500,132000,0,,0,0,0,5,,,1,,,,,,,,,0,0
SETRIKA MASPION HA-110,MNOSET02,MNOSET02,Rumah tangga,PCS,,Area 04,tidak,128000,140000,0,,0,0,0,5,,,1,,,,,,,,,0,0
SETRIKA MASPION HA-340,MNOSET03,MNOSET03,Rumah tangga,PCS,,Area 04,tidak,124500,150000,0,,0,0,0,5,,,1,,,,,,,,,0,0
SHOWER KOTAK,MSHWKTK,MNOSHO01,Sanitary,PCS,,,ya,0,65000,0,,0,6,0,5,,,1,,,,,,,,,0,0
SHOWER KOTAK TEMBOK SKL,SHW KT,MSKSHO01,Umum,PCS,SKL,,tidak,0,60000,0,0,0,0,0,3,,,1,,,,,,,,,0,0
SHOWER TIANG IGM IS-054,IGMIS054,IGMIS054,Sanitary,PCS,,,tidak,0,380000,0,,0,0,0,5,,,1,,,,,,,,,0,0
SIFON WASTAFEL PVC,MNOSIF01,MNOSIF01,Umum,PCS,,Area 03,tidak,0,30000,0,,0,0,0,5,,PCS,1,,,,,,,,,0,0
SIFON WASTAFEL STAINLESS,MNOSIF03,MNOSIF03,Umum,PCS,,,tidak,0,75000,0,,0,0,0,5,,PCS,1,,,,,,,,,0,0
"SIFONE PVC GLX 1.1/4""",SF PVC 1.1/4,MGLSIF01,Umum,PCS,GLX,,tidak,0,25000,0,0,0,0,0,3,,,1,,,,,,,,,0,0
SIFONE WASTAFEL EXECUTIVE KE-935,SF KE-935,MECSIF01,Umum,PCS,ECEXUTIVE,,tidak,0,43000,0,0,0,0,0,3,,,1,,,,,,,,,0,0
SIKAT BAJA 6 BARIS,SIKBJ6BR,SIKBJ6BR,Alat tukang,PCS,,,tidak,0,7000,0,,0,0,0,5,,,1,,,,,,,,,0,0
SIKAT BAJA BIASA,MNOSIK01,MNOSIK01,Alat tukang,PCS,,,tidak,0,0,0,0,0,0,23,3,,,1,,,,,,,,,0,0
SIKAT BAJA GG PLASTIK HITAM TOKIO 6 JL,SKTBJ PVC HTM,MNOSIK06,Umum,PCS,,,tidak,0,42750,0,0,0,0,0,3,,,1,,,,,,,,,0,0
SIKAT BAJA KARAT KUNINGAN,MNOSIK11,MNOSIK11,Umum,PCS,,Area 03,tidak,0,7000,0,,0,0,0,5,,PCS,1,,,,,,,,,0,0
SIKAT BAJA KUNING BENGKOK PLASTIK TOKIO,SKTBJ KNG PVC,MNOSIK05,Umum,PCS,,,tidak,0,50000,0,0,0,0,0,3,,,1,,,,,,,,,0,0
SIKAT BAJA MINI 3 PC KOALA,MKOSIK01,MKOSIK01,Alat tukang,PCS,KOALA,,tidak,0,0,0,0,0,0,16,3,,,1,,,,,,,,,0,0
SIKAT BAJU ENTER,SIKBJENT,SIKBJENT,Plastik,PCS,,,ya,2500,5000,0,,0,0,11,5,,,1,,,,,,,,,0,0
SIKAT DORONG + WIPER HYPER,MNOSIK16,MNOSIK16,Plastik,PCS,,,ya,28600,43000,43000,,0,6,0,3,,,1,,,,,,,,,28600,171600
SIKAT DORONG TANGGUNG HYPER,MNOSIK17,MNOSIK17,Plastik,PCS,,,ya,13845,23000,23000,,0,12,0,3,,,1,,,,,,,,,13845,166140
SIKAT GAGANG HYPER,MNOSIK15,MNOSIK15,Plastik,PCS,,,ya,9490,16000,16000,,0,4,0,3,,,1,,,,,,,,,9490,37960
SIKAT GAGANG PREM,MNOSIK14,MNOSIK14,Plastik,PCS,,,ya,6110,11000,11000,,0,3,0,3,,,1,,,,,,,,,6110,18330
SIKAT KAWAT BAJA 6 BARIS GDO / NISHIO,SKT BAJA,MGDSIK01,Umum,PCS,GDO,,tidak,0,5000,0,0,0,0,0,3,,,1,,,,,,,,,0,0
SIKAT KAWAT BENGKOK BIASA,MNOSIK03,MNOSIK03,Alat tukang,PCS,,,tidak,0,0,0,0,0,0,6,3,,,1,,,,,,,,,0,0
SIKAT KAWAT KUNING 8',SKT KNG 8,MEASIK01,Umum,PCS,EAGLE,,tidak,0,5000,0,0,0,0,0,3,,,1,,,,,,,,,0,0
SIKAT KAWAT LENGKUNG BENGKOK,MNOSIK13,MNOSIK13,Umum,PCS,,Area 03,tidak,0,8000,0,,0,0,0,5,,PCS,1,,,,,,,,,0,0
SIKAT KAWAT MINI SET 3 PCS,MNOSIK12,MNOSIK12,Umum,PCS,,Area 03,tidak,0,8000,0,0,0,0,0,5,,PCS,1,,,,,,,,,0,0
SIKAT KEPANG KING,MKISIK02,MKISIK02,Umum,PCS,KING,Area 03,tidak,0,22000,0,,0,0,0,5,,PCS,1,,,,,,,,,0,0
SIKAT KUNING BENGKOK VEGAZ,SKT KNG VG,MVESIK01,Umum,PCS,VEGAZ,,tidak,0,7500,0,0,0,0,0,3,,,1,,,,,,,,,0,0
SIKAT KUNING BIASA,MNOSIK02,MNOSIK02,Alat tukang,PCS,,,tidak,0,0,0,0,0,0,6,3,,,1,,,,,,,,,0,0
SIKAT MANGKOK KING,MKISIK01,MKISIK01,Umum,PCS,KING,Area 03,tidak,0,12000,0,,0,0,0,5,,PCS,1,,,,,,,,,0,0
SIKU LAS MAGNET MINI SET 4 PCS HASSTON 3910-008,MHASIK01,MHASIK01,Alat teknik,PCS,HASSTON,Area 02,tidak,0,65000,0,0,0,0,0,5,,,1,,,,,,,,,0,0
SIKU LUBANG TEBAL,SIKLUBTB,SIKLUBTB,Alat tukang,PCS,,,tidak,0,50000,0,,0,0,0,5,,,1,,,,,,,,,0,0
SIKU LUBANG TIPIS,SIKULUBT,SIKULUBT,Alat tukang,PCS,,,tidak,0,36000,0,,0,0,0,5,,,1,,,,,,,,,0,0
"SIKU MAGNET LAS 3"" TOKIO",SK MGNT 3,MTOSIK01,Umum,PCS,TOKIO,,tidak,0,12500,0,0,0,0,0,3,,,1,,,,,,,,,0,0
SIKU RAK 10 X 12 GDO,SR10X12,MGDSIK02,Umum,PCS,GDO,,tidak,0,62500,0,0,0,0,0,3,,,1,,,,,,,,,0,0
SIKU RAK 10X12 BIASA,SR10X12 NI,MNOSIK07,Umum,PCS,,,tidak,0,13000,0,0,0,0,0,3,,,1,,,,,,,,,0,0
SIKU RAK 12 X 14 GDO,SR12X14,MGDSIK03,Umum,PCS,GDO,,tidak,0,95000,0,0,0,0,0,3,,,1,,,,,,,,,0,0
SIKU RAK 12 X 14 MJP,SR12X14 MJ,MMJSIK01,Umum,PCS,MJP,,tidak,0,75000,0,0,0,0,0,3,,,1,,,,,,,,,0,0
SIKU RAK 12X14 BIASA,SR12X14 NI,MNOSIK08,Umum,PCS,,,tidak,0,18000,0,0,0,0,0,3,,,1,,,,,,,,,0,0
SIKU RAK 6 X 8,SR6X8 NI,MNOSIK09,Umum,PCS,,,tidak,0,30455,0,0,0,0,0,3,,,1,,,,,,,,,0,0
SIKU RAK 6 X 8 GDO,SR6X8,MGDSIK04,Umum,PCS,GDO,,tidak,0,43500,0,0,0,0,0,3,,,1,,,,,,,,,0,0
SIKU RAK 8 X 10 GDO,SR8X10,MGDSIK05,Umum,PCS,GDO,,tidak,0,44000,0,0,0,0,0,3,,,1,,,,,,,,,0,0
SIKU RAK 8 X 10 MJP,SR8X10 MJ,MNOSIK10,Umum,PCS,,,tidak,0,52500,0,0,0,0,0,3,,,1,,,,,,,,,0,0
SIKU RAK 8 X 10 PROFIX,SR8X10 PROF,MPRSIK01,Umum,PCS,PROFIX,,tidak,0,35000,0,0,0,0,0,3,,,1,,,,,,,,,0,0
SIKU RAK PUTIH 10 X 12 GRT,SR10X12 PTH,MGRSIK01,Umum,PCS,GRT,,tidak,0,55575,0,0,0,0,0,3,,,1,,,,,,,,,0,0
SIKU RAK PUTIH 10X12 OLIQ,MOLSIK01,MOLSIK01,Umum,PCS,OLIQ,Area 03,tidak,0,0,0,0,0,0,0,3,,PCS,12,PCS,0,0,0,,,,,0,0
SIKU RAK PUTIH 12 X 14 GRT,SR12X14 PTH,MGRSIK02,Umum,PCS,GRT,,tidak,0,68875,0,0,0,0,0,3,,,1,,,,,,,,,0,0
"SIKU RAK PUTIH 120X170X1,2MM IGM",MIGSIK01,MIGSIK01,Umum,PCS,IGM,Area 03,tidak,0,0,0,0,0,0,0,3,,PCS,12,PCS,0,0,0,,,,,0,0
SIKU RAK PUTIH 12X14 WANLY,MWASIK02,MWASIK02,Umum,PCS,WANLY,Area 03,tidak,0,0,0,0,0,0,0,3,,PCS,12,PCS,0,0,0,,,,,0,0
"SIKU RAK PUTIH 155X220X1,2MM IGM",MIGSIK02,MIGSIK02,Umum,PCS,IGM,Area 03,tidak,0,0,0,0,0,0,0,3,,PCS,12,PCS,0,0,0,,,,,0,0
"SIKU RAK PUTIH 220X320X1,3MM IGM",MIGSIK03,MIGSIK03,Umum,PCS,IGM,Area 03,tidak,0,0,0,0,0,0,0,3,,PCS,12,PCS,0,0,0,,,,,0,0
SIKU RAK PUTIH 3X4 BIASA,MGLSIK01,MGLSIK01,Umum,PCS,GLX,Area 03,tidak,0,2500,0,0,0,0,0,3,,PCS,12,PCS,30000,0,0,,,,,0,0
SIKU RAK PUTIH 4X5 BIASA,MGLSIK02,MGLSIK02,Umum,PCS,GLX,Area 03,tidak,0,4000,0,0,0,0,0,3,,PCS,12,PCS,48000,0,0,,,,,0,0
SIKU RAK PUTIH 5 X 6 KR,SR5X6 PTH KR,MKUSIK01,Umum,PCS,KURA,,tidak,0,29400,0,0,0,0,0,3,,,1,,,,,,,,,0,0
SIKU RAK PUTIH 5X6 BIASA,SR5X6 PTH,MGRSIK03,Umum,PCS,GRT,,tidak,0,6000,0,0,0,0,0,3,,,1,,,,,,,,,0,0
SIKU RAK PUTIH 6X8 BIASA,SR6X8 PTH,MGRSIK04,Umum,PCS,GRT,,tidak,0,7500,0,0,0,0,0,3,,,1,,,,,,,,,0,0
SIKU RAK PUTIH 6X8 WANLY,MWASIK01,MWASIK01,Umum,PCS,WANLY,Area 03,tidak,0,0,0,0,0,0,0,3,,PCS,12,PCS,0,0,0,,,,,0,0
SIKU RAK PUTIH 8 X 10 KR,SR8X10 PTH KR,MKUSIK02,Umum,PCS,KURA,,tidak,0,38500,0,0,0,0,0,3,,,1,,,,,,,,,0,0
SIKU RAK PUTIH 8X10 BIASA,SR8X10 PTH,MGRSIK05,Umum,PCS,GRT,,tidak,0,10000,0,0,0,0,0,3,,,1,,,,,,,,,0,0
"SIKU TUKANG JUMBO 12"" VPR",SKTKG 12 SS,MVPSIK01,Umum,PCS,VPR,,tidak,0,20000,0,,0,0,0,3,,,1,,,,,,,,,0,0
SIKU TUKANG JUMBO IGM,SITKJIGM,SITKJIGM,Alat tukang,PCS,,,tidak,0,24000,0,,0,0,0,5,,,1,,,,,,,,,0,0
"SIKU TUKANG WATERPASS ",SKTWTRP,MNOSIK04,Alat tukang,PCS,,,ya,27500,40000,0,,0,0,0,5,,,1,,,,,,,,,0,0
SILINDER ALUMINIUM ORCHAD,SIL ALLM,MNOSIL01,Umum,PCS,,,tidak,0,40000,0,,0,0,0,3,,,1,,,,,,,,,0,0
SILINDER KUNCI BESAR ISCO,SLND KCB IS,MISSIL01,Umum,PCS,ISCO,,tidak,0,30000,0,0,0,0,0,3,,,1,,,,,,,,,0,0
SILINDER KUNCI CLASSIC TANGGUNG,SLKNCLTG,MNOSIL02,Kunci Pintu & Aksesoris Mebel,PCS,,,tidak,0,40000,0,,0,0,0,5,,,1,,,,,,,,,0,0
SILINDER KUNCI KECIL/TGG ISCO,SLND KCK IS,MISSIL02,Umum,PCS,ISCO,,tidak,0,35000,0,0,0,0,0,3,,,1,,,,,,,,,0,0
SILINDER KUNCI MULLER BIRU,SILKUMLB,SILKUMLB,Kunci Pintu & Aksesoris Mebel,PCS,,,tidak,0,75000,0,,0,0,0,5,,,1,,,,,,,,,0,0
SILINDER KUNCI MULLER HITAM,SILKUNMH,SILKUNMH,Kunci Pintu & Aksesoris Mebel,PCS,,,tidak,0,135000,0,,0,0,0,5,,,1,,,,,,,,,0,0
SILINDER KUNCI MULLER PUTIH,SILKUNMP,SILKUNMP,Kunci Pintu & Aksesoris Mebel,PCS,,,tidak,0,82000,0,,0,0,0,5,,,1,,,,,,,,,0,0
SILINDER KUNCI OLIQ,SILKUNOL,MNOSIL03,Kunci Pintu & Aksesoris Mebel,PCS,,,tidak,0,45000,0,,0,0,0,5,,,1,,,,,,,,,0,0
"SKETMAT JANGKA SORONG DIGITAL 6""",MSKTJSDG,MSKTJSDG,Alat tukang,PCS,,,tidak,0,80000,0,,0,0,0,5,,,1,,,,,,,,,0,0
"SKETMAT JANGKA SORONG PLASTIK 6""",MSKTJSPL,MSKTJSPL,Alat tukang,PCS,,,tidak,0,20000,0,,0,0,0,5,,,1,,,,,,,,,0,0
"SKRAP GAGANG FIBER 3"" CHIYO",SKR FB 3 CH,MCHSKR01,Umum,PCS,CHIYO,,tidak,0,41000,0,0,0,0,0,3,,,1,,,,,,,,,0,0
SKRAP GAGANG KARET 2 1/2,MNOSKR23,MNOSKR23,Umum,PCS,,Area 03,tidak,0,7000,0,0,0,0,0,5,,PCS,1,,,,,,,,,0,0
SKRAP GAGANG KARET 2”,MNOSKR22,MNOSKR22,Umum,PCS,,Area 03,tidak,0,6000,0,0,0,0,0,5,,PCS,1,,,,,,,,,0,0
SKRAP GAGANG KARET 3”,MNOSKR24,MNOSKR24,Umum,PCS,,Area 03,tidak,0,8000,0,0,0,0,0,5,,PCS,1,,,,,,,,,0,0
SKRAP GAGANG KARET 4”,MNOSKR25,MNOSKR25,Umum,PCS,,Area 03,tidak,0,9000,0,0,0,0,0,5,,PCS,1,,,,,,,,,0,0
SKRAP GAGANG KAYU 2 1/2,MNOSKR19,MNOSKR19,Umum,PCS,,Area 03,tidak,0,4000,0,0,0,0,0,5,,PCS,1,,,,,,,,,0,0
SKRAP GAGANG KAYU 2”,MNOSKR18,MNOSKR18,Umum,PCS,,Area 03,tidak,0,3000,0,0,0,0,0,5,,PCS,1,,,,,,,,,0,0
SKRAP GAGANG KAYU 3”,MNOSKR20,MNOSKR20,Umum,PCS,,Area 03,tidak,0,5000,0,0,0,0,0,5,,PCS,1,,,,,,,,,0,0
SKRAP GAGANG KAYU 4”,MNOSKR21,MNOSKR21,Umum,PCS,,Area 03,tidak,0,6000,0,0,0,0,0,5,,PCS,1,,,,,,,,,0,0
SKRAP GG KARET 2 1/2 YOZURI,SKR KRT 2 1/2,MNOSKR03,Umum,PCS,,,tidak,0,61180,0,0,0,0,0,3,,,1,,,,,,,,,0,0
SKRAP GG KARET 2 CHIYO,SKR KRT 2 CH,MNOSKR04,Umum,PCS,,,tidak,0,36000,0,0,0,0,0,3,,,1,,,,,,,,,0,0
SKRAP GG KARET 2 YOZURI,SKR KRT 2,MNOSKR02,Umum,PCS,,,tidak,0,58055.45,0,0,0,0,0,3,,,1,,,,,,,,,0,0
SKRAP GG KARET 2.1/2 CHIYO,SKR KRT 2.1/2 CH,MCHSKR02,Umum,PCS,CHIYO,,tidak,0,38500,0,0,0,0,0,3,,,1,,,,,,,,,0,0
SKRAP GG KARET 3 CHIYO,SKR KRT 3 CH,MNOSKR06,Umum,PCS,,,tidak,0,41000,0,0,0,0,0,3,,,1,,,,,,,,,0,0
SKRAP GG KARET 3 YOZURI,SKR KRT 3,MNOSKR05,Umum,PCS,,,tidak,0,63365,0,0,0,0,0,3,,,1,,,,,,,,,0,0
SKRAP GG KARET 4 CHIYO,SKR KRT 4 CH,MNOSKR07,Umum,PCS,,,tidak,0,46000,0,0,0,0,0,3,,,1,,,,,,,,,0,0
"SKRAP GG KAYU 1,5",SKR KY 1.5,MNOSKR08,Umum,PCS,,,tidak,0,3000,0,0,0,0,0,3,,,1,,,,,,,,,0,0
"SKRAP GG KAYU 2,5",SKR KY 2.5,MNOSKR09,Umum,PCS,,,tidak,0,5000,0,0,0,0,0,3,,,1,,,,,,,,,0,0
SKRAP GG KAYU 3,SKR KY 3,MNOSKR10,Umum,PCS,,,tidak,0,6000,0,0,0,0,0,3,,,1,,,,,,,,,0,0
SKRAP PVC 5' ZELIG,SKR PVC 5,MZESKR01,Umum,PCS,ZELIG,,tidak,0,1500,0,0,0,0,0,3,,,1,,,,,,,,,0,0
SKRAP PVC 5”,SKRPVC5,SKRPVC5,Alat tukang,PCS,,,tidak,0,3000,0,,0,0,0,5,,,1,,,,,,,,,0,0
SKRAP PVC 7' ZELIG,SKR PVC 7,MZESKR02,Umum,PCS,ZELIG,,tidak,0,2000,0,0,0,0,0,3,,,1,,,,,,,,,0,0
SKRAP PVC 9' ZELIG,SKR PVC 9,MZESKR03,Umum,PCS,ZELIG,,tidak,0,2500,0,0,0,0,0,3,,,1,,,,,,,,,0,0
SKRAP SET S/S KOALA,SKR SET SS,MKOSKR01,Umum,SET,KOALA,,tidak,0,25000,0,0,0,0,0,3,,,1,,,,,,,,,0,0
SKRAP SET STAINLESS,SKRSETSS,MNOSKR38,Alat tukang,SET,,,tidak,0,30000,0,,0,0,0,5,,,1,,,,,,,,,0,0
SKRUP CAMEL 5/8 X 5,MCASKR01,MCASKR01,Alat tukang,PCS,CAMEL,Area 02,tidak,0,0,0,0,0,0,1300,5,,,1,,,,,,,,,0,0
SKRUP CAMEL 5/8 X 5 (+-65 PCS),MCASKR02,MCASKR02,Alat tukang,BKS,CAMEL,Area 02,tidak,0,8000,0,,0,0,0,3,,,1,,,,,2401,65,FIXED_RATIO,PCS,0,0
SKRUP CEDAR 2 X 9,MCESKR01,MCESKR01,Alat tukang,PCS,CEDAR,Area 02,tidak,0,0,0,0,0,0,700,5,,,1,,,,,,,,,0,0
SKRUP CEDAR 2 X 9 (10 PCS),MCESKR02,MCESKR02,Alat tukang,BKS,CEDAR,Area 02,tidak,0,5000,0,,0,0,0,3,,,1,,,,,2402,10,FIXED_RATIO,PCS,0,0
SKRUP CHW 1,SKRP CHW 1,MNOSKR11,Umum,PCS,,,tidak,0,3650,0,0,0,0,0,3,,,1,,,,,,,,,0,0
SKRUP CHW 1.1/2,SKRP CHW 1.1/2,MNOSKR12,Umum,PCS,,,tidak,0,6400,0,0,0,0,0,3,,,1,,,,,,,,,0,0
SKRUP CHW 1.1/4,SKRP CHW 1.1/4,MNOSKR13,Umum,PCS,,,tidak,0,4550,0,0,0,0,0,3,,,1,,,,,,,,,0,0
SKRUP CHW 3/4,SKRP CHW 3/4,MNOSKR14,Umum,PCS,,,tidak,0,3350,0,0,0,0,0,3,,,1,,,,,,,,,0,0
SKRUP CHW 5/8,SKRP CHW 5/8,MNOSKR15,Umum,PCS,,,tidak,0,2700,0,0,0,0,0,3,,,1,,,,,,,,,0,0
SKRUP FAB 10 X 2,SKFAB102,MNOSKR39,Mur Baut,PCS,,,tidak,0,1000,0,,0,0,0,5,,,1,,,,,,,,,0,0
SKRUP FAB 12 X 4,SRFAB124,MNOSKR41,Mur Baut,PCS,,,tidak,0,1500,0,,0,0,0,5,,,1,,,,,,,,,0,0
SKRUP FAB 6 X 1,MFASKR04,MFASKR04,Umum,PCS,FAB,Counter,tidak,0,500,0,,0,0,0,0,,BKS,50,BKS,25000,0,,,,,,0,0
SKRUP FAB 6 X 1 1/2,MFASKR06,MFASKR06,Umum,PCS,FAB,Counter,tidak,0,500,0,,0,0,0,0,,BKS,50,BKS,25000,0,,,,,,0,0
SKRUP FAB 6 X 1 1/4,MFASKR05,MFASKR05,Umum,PCS,FAB,Counter,tidak,0,500,0,,0,0,0,0,,BKS,50,BKS,25000,0,,,,,,0,0
SKRUP FAB 6 X 1 3/4,MFASKR07,MFASKR07,Umum,PCS,FAB,Counter,tidak,0,500,0,,0,0,0,0,,BKS,50,BKS,25000,0,,,,,,0,0
SKRUP FAB 6 X 1/2,SKRFAB612,MNOSKR26,Mur Baut,BKS,,,tidak,0,500,0,,0,0,0,5,,BKS,50,BKS,25000,0,,,,,,0,0
SKRUP FAB 6 X 2,MFASKR08,MFASKR08,Umum,PCS,FAB,Counter,tidak,0,500,0,,0,0,0,0,,BKS,50,BKS,25000,0,,,,,,0,0
SKRUP FAB 6 X 3/4,MSKRFAB634,MNOSKR27,Mur Baut,PCS,FAB,Counter,tidak,0,500,0,,0,0,0,5,,BKS,50,BKS,25000,0,,,,,,0,0
SKRUP FAB 6 X 3/8,MNOSKR31,MNOSKR31,Umum,PCS,,Counter,tidak,0,500,0,,0,0,0,0,,BKS,50,BKS,25000,0,,,,,,0,0
SKRUP FAB 6 X 5/8,MFASKR02,MFASKR02,Umum,PCS,FAB,Counter,tidak,0,500,0,,0,0,0,0,,BKS,50,BKS,25000,0,,,,,,0,0
SKRUP FAB 8 X 1,MFASKR13,MFASKR13,Umum,PCS,FAB,Counter,tidak,0,500,0,,0,0,0,0,,BKS,50,BKS,25000,0,,,,,,0,0
SKRUP FAB 8 X 1 1/2,MFASKR15,MFASKR15,Umum,PCS,FAB,Counter,tidak,0,500,0,,0,0,0,0,,BKS,50,BKS,25000,0,,,,,,0,0
SKRUP FAB 8 X 1 1/4,MFASKR14,MFASKR14,Umum,PCS,FAB,Counter,tidak,0,500,0,,0,0,0,0,,BKS,50,BKS,25000,0,,,,,,0,0
SKRUP FAB 8 X 1 3/4,MFASKR16,MFASKR16,Umum,PCS,FAB,Counter,tidak,0,500,0,,0,0,0,0,,BKS,50,BKS,25000,0,,,,,,0,0
SKRUP FAB 8 X 1/2,MFASKR10,MFASKR10,Umum,PCS,FAB,Counter,tidak,0,500,0,,0,0,0,0,,BKS,50,BKS,25000,0,,,,,,0,0
SKRUP FAB 8 X 2,MFASKR17,MFASKR17,Umum,PCS,FAB,Counter,tidak,0,500,0,,0,0,0,0,,BKS,50,BKS,25000,0,,,,,,0,0
SKRUP FAB 8 X 2 1/2,MFASKR18,MFASKR18,Umum,PCS,FAB,Counter,tidak,0,1000,0,,0,0,0,0,,BKS,50,BKS,50000,0,,,,,,0,0
SKRUP FAB 8 X 3,MFASKR19,MFASKR19,Umum,PCS,FAB,Counter,tidak,0,1000,0,,0,0,0,0,,BKS,50,BKS,50000,0,,,,,,0,0
SKRUP FAB 8 X 3/4,MFASKR12,MFASKR12,Umum,PCS,FAB,Counter,tidak,0,500,0,,0,0,0,0,,BKS,50,BKS,25000,0,,,,,,0,0
SKRUP FAB 8 X 3/8,MFASKR09,MFASKR09,Umum,PCS,FAB,Counter,tidak,0,500,0,,0,0,0,0,,BKS,50,BKS,25000,0,,,,,,0,0
SKRUP FAB 8 X 5/8,MFASKR11,MFASKR11,Umum,PCS,FAB,Counter,tidak,0,500,0,,0,0,0,0,,BKS,50,BKS,25000,0,,,,,,0,0
SKRUP GYPSUM 1' HIOSHI,SKR GYP 1,MHISKR01,Umum,PCS,HIOSHI,,tidak,0,27500,0,0,0,0,0,3,,,1,,,,,,,,,0,0
"SKRUP GYPSUM 1""",SKRGYP1,MNOSKR28,Mur Baut,BOX,,,tidak,0,35000,0,,0,0,0,5,,,1,,,,,,,,,0,0
"SKRUP GYPSUM 1"" (100 PCS)",SKGY1100,MNOSKR40,Mur Baut,BKS,,,tidak,0,7000,0,,0,0,0,5,,,1,,,,,,,,,0,0
SKRUP GYPSUM 1” (50 PCS),SKRGYP50,SKRGYP50,Mur Baut,BKS,,,tidak,0,4000,0,,0,0,0,5,,,1,,,,,,,,,0,0
SKRUP GYPSUM 3/4 (50 PCS),SKRGY34,SKRGY34P,Mur Baut,BKS,,,tidak,0,4000,0,,0,0,0,5,,,1,,,,,,,,,0,0
SKRUP GYPSUM 6 X 1 1/4 LUMBA,SKR GYP 1.1/4 LMB,MLUSKR04,Umum,PCS,LUMBA LUMBA,,tidak,0,35000,0,,0,0,0,3,,,1,,,,,,,,,0,0
"SKRUP GYPSUM 6 X 1.1/2"" LUMBA2",SKR GYP 1.1/2 LMB,MLUSKR02,Umum,PCS,LUMBA LUMBA,,tidak,0,630000,0,0,0,0,0,3,,,1,,,,,,,,,0,0
"SKRUP GYPSUM 6 X 1"" LUMBA2",SKR GYP 1 LMB,MLUSKR01,Umum,PCS,LUMBA LUMBA,,tidak,0,630000,0,0,0,0,0,3,,,1,,,,,,,,,0,0
"SKRUP GYPSUM 6 X 2"" LUMBA2",SKR GYP 2 LMB,MLUSKR03,Umum,PCS,LUMBA LUMBA,,tidak,0,630000,0,0,0,0,0,3,,,1,,,,,,,,,0,0
"SKRUP GYPSUM GRT 1.1/2""",SGYP GRT 1.1/2,MGRSKR02,Umum,PCS,GRT,,tidak,0,10250,0,0,0,0,0,3,,,1,,,,,,,,,0,0
"SKRUP GYPSUM GRT 1.1/4""",SGYP GRT 1.1/4,MGRSKR03,Umum,PCS,GRT,,tidak,0,10250,0,0,0,0,0,3,,,1,,,,,,,,,0,0
"SKRUP GYPSUM GRT 1""",SGYP GRT 1,MGRSKR01,Umum,PCS,GRT,,tidak,0,10250,0,0,0,0,0,3,,,1,,,,,,,,,0,0
"SKRUP GYPSUM GRT 2""",SGYP GRT 2,MGRSKR04,Umum,PCS,GRT,,tidak,0,10250,0,0,0,0,0,3,,,1,,,,,,,,,0,0
SKRUP HAK BUKA NO 12 (10 PCS),SKRHB12P,SKRHB12P,Alat tukang,BKS,,,tidak,0,10000,0,,0,0,0,5,,,1,,,,,,,,,0,0
SKRUP HAK BUKA NO 6,SKRHAB6-PAKET,MNOSKR30,Mur Baut,BKS,,,tidak,0,5000,0,,0,0,0,5,,,1,,,,,2906,10,FIXED_RATIO,PCS,0,0
"SKRUP HAK BUKA NO 6 ",SKRHAB6,MNOSKR29,Mur Baut,BOX,,,tidak,0,35000,0,,0,0,0,5,,BOX,1,,,,,,,,,0,0
SKRUP ISP 1/2 X 4,MISSKR01,MISSKR01,Alat tukang,PCS,ISP,Area 02,tidak,0,0,0,0,0,0,650,5,,,1,,,,,,,,,0,0
SKRUP ISP 1/2 X 4 (+-65 PCS),MISSKR03,MISSKR03,Alat tukang,BKS,ISP,Area 02,tidak,0,5000,0,,0,0,0,3,,,1,,,,,2400,65,FIXED_RATIO,PCS,0,0
SKRUP ISP 3/4 X 6,MISSKR02,MISSKR02,Alat tukang,PCS,ISP,Area 02,tidak,0,8000,0,,0,0,1400,5,,,1,,,,,,,,,0,0
SKRUP ISP 3/4 X 6 (+-70 PCS),MISSKR04,MISSKR04,Alat tukang,BKS,ISP,Area 02,tidak,0,4000,0,,0,0,0,3,,,1,,,,,2413,70,FIXED_RATIO,PCS,0,0
SKRUP MATA TUTUP / HAK TUTUP 10 TOKIO,HT 10 TK,MTOSKR01,Umum,PCS,TOKIO,,tidak,0,25000,0,0,0,0,0,3,,,1,,,,,,,,,0,0
SKRUP MATA TUTUP / HAK TUTUP 2 TOKIO,HT 2 TK,MTOSKR02,Umum,BOX,TOKIO,,tidak,0,20000,0,0,0,0,0,3,,,1,,,,,,,,,0,0
SKRUP MATA TUTUP / HAK TUTUP 3 TOKIO,HT 3 TK,MTOSKR03,Umum,PCS,TOKIO,,tidak,0,7750,0,0,0,0,0,3,,,1,,,,,,,,,0,0
SKRUP MATA TUTUP / HAK TUTUP 8 TOKIO,HT 8 TK,MTOSKR04,Umum,PCS,TOKIO,,tidak,0,17500,0,0,0,0,0,3,,,1,,,,,,,,,0,0
SKRUP PAB 8 X 1 1/2 (50 PCS),SPAB8112,SPAB8112,Mur Baut,BKS,,,tidak,0,15000,0,,0,0,0,5,,,1,,,,,,,,,0,0
SKRUP RRT 1 1/2 X 8 (10 PCS),MNOSKR17,MNOSKR17,Alat tukang,BKS,,Area 02,tidak,0,5000,0,,0,0,0,3,,,1,,,,,2399,10,FIXED_RATIO,PCS,0,0
SKRUP RRT 1.1/2 X 8,MNOSKR16,MNOSKR16,Alat tukang,PCS,,Area 02,tidak,0,0,0,0,0,0,660,5,,,1,,,,,,,,,0,0
SKRUP SBS 1 X 6,MNOSKR01,MNOSKR01,Alat tukang,PCS,SBS,Area 02,tidak,0,0,0,0,0,0,0,3,,,1,,,,,,,,,0,0
SKRUP SBS 1 X 6 (10 PCS),MNOSKR01-PAKET,MSBSKR01,Alat tukang,BKS,SBS,Area 02,tidak,0,4000,0,,0,0,0,3,,,1,,,,,1203,10,FIXED_RATIO,PCS,0,0
SKRUP SDS FH 6 X 25 (50 PCS),SKRFH625-PAKET,MNOSKR33,Mur Baut,BKS,,,ya,6300,12000,0,,0,0,0,5,,,1,,,,,2961,50,FIXED_RATIO,PCS,0,0
SKRUP SDS FH 6 X 25 (BOX),SKRFH625,MNOSKR32,Mur Baut,BOX,,,ya,189000,220000,0,,0,0,1,5,,BOX,1,,,,,,,,,0,0
SKRUP SDS FH 6 X 32 (50 PCS),SKRFH632-PAKET,MNOSKR35,Mur Baut,BKS,,,ya,8000,14000,0,,0,0,0,5,,,1,,,,,2963,50,FIXED_RATIO,PCS,0,0
SKRUP SDS FH 6 X 32 (BOX),SKRFH632,MNOSKR34,Mur Baut,BOX,,,ya,160000,200000,0,,0,0,1,5,,BOX,1,,,,,,,,,0,0
SKRUP SDS FH 6 X 38 (50 PCS),SKRFH638-PAKET,MNOSKR37,Mur Baut,BKS,,,ya,12250,25000,0,,0,0,0,5,,,1,,,,,2965,50,FIXED_RATIO,PCS,0,0
SKRUP SDS FH 6 X 38 (BOX),SKRFH638,MNOSKR36,Mur Baut,BOX,,,ya,245000,300000,0,,0,0,1,5,,BOX,1,,,,,,,,,0,0
SKRUP SIP 1 1/2 X 8 (10 PCS),MSISKR01-PAKET,MSISKR15,Alat tukang,BKS,SIP,Area 02,tidak,0,4500,0,,0,0,0,3,,,1,,,,,1197,10,FIXED_RATIO,PCS,0,0
SKRUP SIP 1 1/4 X 7 (10 PCS),MSISKR02-PAKET,MSISKR16,Alat tukang,BKS,SIP,Area 02,tidak,0,4000,0,,0,0,0,3,,,1,,,,,1198,10,FIXED_RATIO,PCS,0,0
SKRUP SIP 1 X 6,MSISKR04,MSISKR04,Alat tukang,PCS,SIP,Area 02,tidak,0,0,0,0,0,0,742,3,,,1,,,,,,,,,0,0
SKRUP SIP 1 X 6 (10 PCS),MSISKR04-PAKET,MSISKR13,Alat tukang,BKS,SIP,Area 02,tidak,0,3000,0,,0,0,0,3,,,1,,,,,1200,10,FIXED_RATIO,PCS,0,0
SKRUP SIP 1 X 7,MSISKR03,MSISKR03,Alat tukang,PCS,SIP,Area 02,tidak,0,2000,0,0,0,0,716,3,,,1,,,,,,,,,0,0
SKRUP SIP 1 X 7 (10 PCS),MSISKR03-PAKET,MSISKR14,Alat tukang,BKS,SIP,Area 02,tidak,0,4000,0,,0,0,0,3,,,1,,,,,1199,10,FIXED_RATIO,PCS,0,0
SKRUP SIP 1.1/2 X 8,MSISKR01,MSISKR01,Alat tukang,PCS,SIP,Area 02,tidak,0,0,0,0,0,0,616,3,,,1,,,,,,,,,0,0
SKRUP SIP 1.1/4 X 7,MSISKR02,MSISKR02,Alat tukang,PCS,SIP,Area 02,tidak,0,0,0,0,0,0,2116,3,,,1,,,,,,,,,0,0
SKRUP SIP 1/2 X 3,MSISKR05,MSISKR05,Alat tukang,PCS,SIP,Area 02,tidak,0,12000,0,,0,0,326,3,,,1,,,,,,,,,0,0
SKRUP SIP 1/2 X 3 (+-65 PCS),MSISKR05-PAKET,MSISKR12,Alat tukang,BKS,SIP,Area 02,tidak,0,12000,0,,0,0,0,3,,,1,,,,,1201,65,FIXED_RATIO,PCS,0,0
SKRUP SIP 1/2 X 4,MSISKR06,MSISKR06,Alat tukang,PCS,SIP,Area 02,tidak,0,0,0,0,0,0,4,3,,,1,,,,,,,,,0,0
SKRUP SIP 2 1/2 X 10 (10 PCS),MSISKR08-PAKET,MSISKR18,Alat tukang,BKS,SIP,Area 02,tidak,0,7500,0,,0,0,0,3,,,1,,,,,1205,10,FIXED_RATIO,PCS,0,0
SKRUP SIP 2 X 9,MSISKR07,MSISKR07,Alat tukang,PCS,SIP,Area 02,tidak,0,0,0,0,0,0,296,3,,,1,,,,,,,,,0,0
SKRUP SIP 2 X 9 (10 PCS),MSISKR07-PAKET,MSISKR17,Alat tukang,BKS,SIP,Area 02,tidak,0,6000,0,,0,0,0,3,,,1,,,,,1204,10,FIXED_RATIO,PCS,0,0
SKRUP SIP 2.1/2 X 10,MSISKR08,MSISKR08,Alat tukang,PCS,SIP,Area 02,tidak,0,0,0,0,0,0,276,3,,,1,,,,,,,,,0,0
SKRUP SIP 3 X 12,MSISKR09,MSISKR09,Alat tukang,PCS,SIP,Area 02,tidak,0,0,0,0,0,0,296,3,,,1,,,,,,,,,0,0
SKRUP SIP 3 X 12 (10 PCS),MSISKR09-PAKET,MSISKR19,Alat tukang,BKS,SIP,Area 02,tidak,0,14000,0,,0,0,0,3,,,1,,,,,1206,10,FIXED_RATIO,PCS,0,0
SKRUP SIP 5/8 X 5,SKRP SIP 5/8,MSISKR10,Alat tukang,PCS,SIP,Area 02,tidak,0,5350,0,0,0,0,1590,3,,,1,,,,,,,,,0,0
SKRUP SIP 5/8 X 5 (144 PCS),SKRP SIP 5/8-PAKET,MSISKR11,Alat tukang,BKS,SIP,Area 02,tidak,0,12000,0,,0,0,0,3,,,1,,,,,799,144,FIXED_RATIO,PCS,0,0
"SLONTONG BAK 1""",SLOBAK1,MNOSLO09,Sanitary,PCS,,,ya,0,4500,0,,0,18,0,5,,,1,,,,,,,,,0,0
SLONTONG BAK 3/4,SLOBAK34,MNOSLO08,Sanitary,PCS,,,ya,0,2000,0,,0,21,0,5,,,1,,,,,,,,,0,0
"SLONTONG BAK BIRU 1""",SL BAK BR 1,MMISLO02,Umum,PCS,MITSUTOYO,,tidak,0,3000,0,0,0,0,0,3,,,1,,,,,,,,,0,0
SLONTONG BAK BIRU 3/4,SL BAK BR,MMISLO01,Umum,PCS,MITSUTOYO,,tidak,0,5000,0,0,0,0,0,3,,,1,,,,,,,,,0,0
SLONTONG BAK HIJAU 3/4,SL BAK HJ,MMISLO03,Umum,PCS,MITSUTOYO,,tidak,0,12500,0,0,0,0,0,3,,,1,,,,,,,,,0,0
"SLONTONG BAK PINK 1""",SL BAK PK 1,MMISLO05,Umum,PCS,MITSUTOYO,,tidak,0,26000,0,0,0,0,0,3,,,1,,,,,,,,,0,0
SLONTONG BAK PINK 3/4,SL BAK PK,MMISLO04,Umum,PCS,MITSUTOYO,,tidak,0,13500,0,0,0,0,0,3,,,1,,,,,,,,,0,0
SLOTTING BIT KAYU 1/4 X 10 MM,MNOSLO03,MNOSLO03,Alat tukang,PCS,,,tidak,0,0,0,0,0,0,1,3,,,1,,,,,,,,,0,0
SLOTTING BIT KAYU 1/4 X 5 MM,MNOSLO02,MNOSLO02,Alat tukang,PCS,,,tidak,0,0,0,0,0,0,1,3,,,1,,,,,,,,,0,0
SLOTTING BIT KAYU 1/4 X 6 MM,MNOSLO04,MNOSLO04,Alat tukang,PCS,,,tidak,0,0,0,0,0,0,1,3,,,1,,,,,,,,,0,0
SLOTTING BIT KAYU 1/4 X 8 MM,MNOSLO01,MNOSLO01,Alat tukang,PCS,,,tidak,0,0,0,0,0,0,1,3,,,1,,,,,,,,,0,0
SOCK ROFING PANJANG BIASA,MNOSOC01,MNOSOC01,Umum,PAK,,,tidak,0,0,0,0,0,0,5,3,,,1,,,,,,,,,0,0
SOCK ROFING PENDEK BIASA,MNOSOC02,MNOSOC02,Umum,PAK,,,tidak,0,0,0,0,0,0,4,3,,,1,,,,,,,,,0,0
"SOCKET 1"" JAYA",MJASOC03,MJASOC03,Umum,PCS,JAYA,Area 03,ya,0,4000,0,,0,0,350,5,,PCS,1,,,,,,,,,0,0
SOCKET 1/2” JAYA,MJASOC01,MJASOC01,Umum,PCS,JAYA,Area 03,ya,0,2000,0,0,0,0,468,5,,PCS,1,,,,,,,,,0,0
SOCKET 3/4” JAYA,MJASOC02,MJASOC02,Umum,PCS,JAYA,Area 03,ya,0,2500,0,0,0,0,360,5,,PCS,1,,,,,,,,,0,0
SODA API,SODAAPI,MNOSOD01,Umum,BKS,,,tidak,0,18000,0,,0,0,0,5,,,1,,,,,,,,,0,0
SOLDER 45 WATT MOLLAR,MMOSOL01,MMOSOL01,Alat tukang,PCS,MOLLAR,,tidak,0,0,0,0,0,0,4,3,,,1,,,,,,,,,0,0
SOLDER LISTRIK 60W TEKIRO,SOL60WTK,MNOSOL02,Alat teknik,PCS,,,ya,55275,70000,0,,0,2,0,5,,,1,,,,,,,,,0,0
SOLDER LISTRIK HASSTON 40 WATT,MHASOL01,MHASOL01,Alat teknik,PCS,HASSTON,Area 02,tidak,0,45000,0,0,0,0,0,5,,,1,,,,,,,,,0,0
SOLDER LISTRIK MOLLAR 45W,MSLDRMO45,MNOSOL01,Alat teknik,PCS,,,tidak,0,30000,0,,0,0,0,5,,,1,,,,,,,,,0,0
SPONS CUCI PIRING MY,SPONCPMY,SPONCPMY,Plastik,PCS,,,ya,1670,3500,0,,0,0,11,5,,,1,,,,,,,,,0,0
SPONS CUCI PIRING SUSEMI,SPONCPS,SPONCPS,Plastik,PCS,,,ya,1750,3500,0,,0,0,11,5,,,1,,,,,,,,,0,0
SPOTLIGHT LUBY 5301 10W,MLUSPO02,MLUSPO02,Rumah tangga,PCS,LUBY,Area 04,tidak,123243,186000,0,0,0,0,0,5,,,1,,,,,,,,,0,0
SPOTLIGHT LUBY 5301 5W,MLUSPO01,MLUSPO01,Rumah tangga,PCS,LUBY,Area 04,tidak,98594,150000,0,0,0,0,0,5,,,1,,,,,,,,,0,0
SPRAY GUN ELECTRIC MOLLAR ESG303,MSPEMESG,MSPEMESG,Power tools,PCS,MOLLAR,Area 02,tidak,0,350000,0,,0,0,0,3,,,1,,,,,,,,,0,0
SPRAY GUN F75G ISCO,SPRYGUN ISCO,MISSPR01,Umum,PCS,ISCO,,tidak,0,82000,0,0,0,0,0,3,,,1,,,,,,,,,0,0
SPRAY GUN F75G MAXTECH / ISCO / GNT,SPRYGUN MTCH,MMASPR01,Umum,PCS,MAXTECH,,tidak,0,120000,0,0,0,0,0,3,,,1,,,,,,,,,0,0
SPRITE CLEAR 250ML,SPRTC250,SPRTC250,Minuman,PCS,,,ya,2700,4000,0,,0,0,0,5,,,1,,,,,,,,,0,0
STANG GERGAJI BESI HD-1 HIOSHI,STGRHD1,MHISTA01,Umum,PCS,HIOSHI,,tidak,0,40000,0,0,0,0,0,3,,,1,,,,,,,,,0,0
STANG GERGAJI BIASA,MNOSTA04,MNOSTA04,Umum,PCS,,Area 03,tidak,0,22000,0,0,0,0,0,5,,PCS,1,,,,,,,,,0,0
STANG GERGAJI PIPA CAB,MSTGJCAB,MSTGJCAB,Alat tukang,PCS,CAMEL,Area 03,tidak,0,30000,0,0,0,0,0,3,,,1,,,,,,,,,0,0
STANG GERGAJI TRIPLEK,MNOSTA03,MNOSTA03,Umum,PCS,,Area 03,tidak,0,22000,0,0,0,0,0,5,,PCS,1,,,,,,,,,0,0
STANG GRAJI BESI BIASA,MNOSTA02,MNOSTA02,Alat tukang,PCS,,,tidak,0,0,0,0,0,0,5,3,,,1,,,,,,,,,0,0
STANG GRAJI BESI GG KARET HIOSHI,STGRHGG01,MHISTA02,Umum,PCS,HIOSHI,,tidak,0,235125,0,0,0,0,0,3,,,1,,,,,,,,,0,0
STANG GRAJI BESI GG PVC CAB,MCASTA02,MCASTA02,Alat tukang,PCS,CAB,,tidak,0,0,0,0,0,0,5,3,,,1,,,,,,,,,0,0
STANG GRAJI TRIPLEK BIASA,MNOSTA01,MNOSTA01,Alat tukang,PCS,,,tidak,0,0,0,0,0,0,0,3,,,1,,,,,,,,,0,0
"STANG RACHET 1/2"" 24 T MOLLAR",MMOSTA02,MMOSTA02,Alat tukang,PCS,MOLLAR,,tidak,0,55000,0,,0,0,6,3,,,1,,,,,,,,,0,0
"STANG RACHET 1/2"" 72 T MOLLAR",MMOSTA01,MMOSTA01,Alat tukang,PCS,MOLLAR,,tidak,0,80000,0,,0,0,6,3,,,1,,,,,,,,,0,0
"STANG SOK L 1/2 X 10"" TEKIRO",STSL10TK,MNOSTA05,Alat teknik,PCS,,,ya,62425,75000,0,,0,2,0,5,,,1,,,,,,,,,0,0
"STANG SOK L 1/2 X 12"" TEKIRO",STSL12TK,MNOSTA06,Alat teknik,PCS,,,ya,63525,77000,0,,0,2,0,5,,,1,,,,,,,,,0,0
STAPLES TEMBAK CAMEL,MCASTA01,MCASTA01,Alat tukang,PCS,CAMEL,,tidak,0,100000,0,0,0,0,2,3,,,1,,,,,,,,,0,0
STAPLES TEMBAK HOMASTER,MHOSTA01,MHOSTA01,Alat tukang,PCS,HOMASTER,,tidak,0,100000,0,0,0,0,6,3,,,1,,,,,,,,,0,0
STEKER + SAKLAR DENGAN LAMPU INDIKATOR BROCO 13311,MBRSTE03,MBRSTE03,Listrik,PCS,BROCO,Area 05,tidak,0,28000,0,,0,0,0,5,,,1,,,,,,,,,0,0
STEKER BULAT BROCO 13310L,MBRSTE02,MBRSTE02,Listrik,PCS,BROCO,Area 05,tidak,0,12000,0,,0,0,0,5,,,1,,,,,,,,,0,0
STEKER GEPENG 344 BROCO HITAM,MBRSTE01,MBRSTE01,Listrik,PCS,BROCO,Area 05,tidak,0,4000,0,,0,0,0,5,,,1,,,,,,,,,0,0
STEKER KONTRA GEPENG 334 BROCO HITAM,MBRSTEKT,MBRSTEKT,Listrik,PCS,,,tidak,0,5000,0,,0,0,0,5,,,1,,,,,,,,,0,0
STEKER T BROCO 13830 PUTIH,MSTB1PTH,MSTB1PTH,Listrik,PCS,BROCO,Counter,tidak,0,25000,0,0,0,0,0,3,,,1,,,,,,,,,0,0
STOP KONTAK + SAKLAR BROCO 525161,MBRSTO03,MBRSTO03,Listrik,PCS,BROCO,Area 05,tidak,0,25000,0,,0,0,0,5,,,1,,,,,,,,,0,0
"STOP KONTAK 1 LUBANG BROCO 15410 ",MBRSTO04,MBRSTO04,Listrik,PCS,BROCO,Area 05,tidak,0,17000,0,,0,0,0,5,,,1,,,,,,,,,0,0
STOP KONTAK 1 LUBANG BROCO 5511U CREAM,MBRSTO01,MBRSTO01,Listrik,PCS,BROCO,Area 05,tidak,0,17000,0,,0,0,0,5,,,1,,,,,,,,,0,0
"STOP KONTAK 2 LUBANG BROCO 1532155 ",MBRSTO06,MBRSTO06,Listrik,PCS,BROCO,Area 05,tidak,0,35000,0,,0,0,0,5,,,1,,,,,,,,,0,0
STOP KONTAK 2 LUBANG CREAM 15420 BROCO,MBRSTO05,MBRSTO05,Listrik,PCS,BROCO,Area 05,tidak,0,33000,0,,0,0,0,5,,,1,,,,,,,,,0,0
STOP KONTAK 3 LUBANG BROCO 1533055,MBRSTO07,MBRSTO07,Listrik,PCS,BROCO,Area 05,tidak,0,38000,0,,0,0,0,5,,,1,,,,,,,,,0,0
STOP KONTAK 4 LUBANG BROCO 1534055,MBRSTO08,MBRSTO08,Listrik,PCS,BROCO,Area 05,tidak,0,45000,0,,0,0,0,5,,,1,,,,,,,,,0,0
STOP KONTAK 5 LUBANG BROCO 1535050,MBRSTO09,MBRSTO09,Listrik,PCS,BROCO,Area 05,tidak,0,58000,0,,0,0,0,5,,,1,,,,,,,,,0,0
STOP KONTAK GALLEO BROCO G15155 PUTIH,MBRSTO10,MBRSTO10,Listrik,PCS,BROCO,Area 05,tidak,0,18000,0,,0,0,0,5,,,1,,,,,,,,,0,0
STOP KONTAK PIOLINE 3 LUBANG 3M,MPOSTO03,MPOSTO03,Listrik,PCS,,,ya,19612,22000,0,,0,5,2,5,,,1,,,,,,,,,0,0
STOP KONTAK PIOLINE 3 LUBANG 5M,MPOSTO01,MPOSTO01,Listrik,PCS,PIOLINE,Area 05,ya,24811,27000,0,,0,8,8,5,,,1,,,,,,,,,0,0
STOP KONTAK PIOLINE 4 LUBANG 3M,MPOSTO02,MPOSTO02,Listrik,PCS,PIOLINE,Area 05,tidak,0,24000,0,,0,0,0,5,,,1,,,,,,,,,0,0
STOP KONTAK T + ARDE 1383055 BROCO PUTIH,MBRSTO02,MBRSTO02,Listrik,PCS,BROCO,Area 05,tidak,0,26000,0,,0,0,0,5,,,1,,,,,,,,,0,0
STOP KONTAK T VISALUX VKA8812W,MVISTO01,MVISTO01,Listrik,PCS,VISALUX,Area 05,tidak,0,4000,0,,0,0,0,5,,,1,,,,,,,,,0,0
STOP KRAN ONDA JF 08 ST,MXRSTJF08SOND,MONSTO01,Umum,PCS,ONDA,,tidak,0,96000,0,0,0,0,0,3,,,1,,,,,,,,,0,0
STOPKONTAK OUTBOUW PANASONIC,MSTOUTPN,MSTOUTPN,Listrik,PCS,PANASONIC,Counter,tidak,0,18000,0,0,0,0,0,3,,,1,,,,,,,,,0,0
STRAIGHT BITS SINGLE FLUTE 1/4 X 5 MM MODEL 101-031,MNOSLO07,MNOSLO07,Alat tukang,PCS,,,tidak,0,0,0,0,0,0,2,3,,,1,,,,,,,,,0,0
STRAIGHT BITS TWO FLUTES 1/4 X 3 X 12.7 MODEL 101-011,MNOSLO06,MNOSLO06,Alat tukang,PCS,,,tidak,0,0,0,0,0,0,1,3,,,1,,,,,,,,,0,0
STRAIGHT BITS TWO FLUTES 1/4 X 4 X 12.7 MODEL 101-021,MNOSLO05,MNOSLO05,Alat tukang,PCS,,,tidak,0,0,0,0,0,0,1,3,,,1,,,,,,,,,0,0
TABLE SAW RYU RTS 8,RYURTS8,MRYTAB01,Power tools,PCS,RYU,,ya,910800,1050000,0,,0,1,0,5,,PCS,1,,,,,,,,,0,0
TALI BAGASI FREED,MTALBGFR,MTALBGFR,Perlengkapan Safety,PCS,,,tidak,0,23000,0,0,0,0,0,5,,,1,,,,,,,,,0,0
TALI NYLON 1 MM NICHIE,TALI NY 1 MM,MNITAL01,Umum,PCS,NICHIE,,tidak,0,60000,0,0,0,0,0,3,,,1,,,,,,,,,0,0
TALI TAMBANG 1MM,TALTAM1,MNOTAL04,Perlengkapan Safety,PCS,,,tidak,0,6000,0,,0,0,0,5,,,1,,,,,,,,,0,0
TALI TAMBANG NO 3 (METERAN),TLTNO3,MNOTAL03,Umum,MTR,,,tidak,0,1000,0,,0,0,0,5,,KLG,2,KLG,2000,0,,,,,,0,0
TALI TAMBANG NO 6 (METERAN),TTMBNO6,MNOTAL02,Alat tukang,MTR,,,tidak,0,2000,0,,0,0,0,5,,KLG,40,KLG,80000,0,,,,,,0,0
TALI TRUCK 5 MTR,TALI TR 5 MT,MNOTAL01,Umum,PCS,,,tidak,0,27500,0,0,0,0,0,3,,,1,,,,,,,,,0,0
TAMBAL TALANG EKOBIT 10M,MEKTAM01,MEKTAM01,Umum,PCS,EKOBIT,,tidak,0,160000,0,0,0,0,0,5,,PCS,1,,,,,,,,,0,0
TAMBAL TALANG LAFUMA BESAR,MLATAM01,MLATAM01,Umum,PCS,LAFUMA,,tidak,0,38000,0,0,0,0,0,5,,PCS,1,,,,,,,,,0,0
TAMBAL TALANG LAFUMA KECIL,MLATAM02,MLATAM02,Umum,PCS,LAFUMA,,tidak,0,4500,0,0,0,0,0,5,,PCS,1,,,,,,,,,0,0
TAMBAL TALANG MODERN,MMOTAM01,MMOTAM01,Umum,PCS,MODERN,,tidak,0,28000,0,0,0,0,0,5,,PCS,1,,,,,,,,,0,0
TAMBAL TALANG SOLIGEN 3M,MSOTAM01,MSOTAM01,Umum,PCS,SOLIGEN,Area 03,tidak,0,25000,0,0,0,0,0,5,,PCS,1,,,,,,,,,0,0
TANG BUAYA 2 TONE 10' (BULAT),TANG BY,MHITAN01,Umum,PCS,HIOSHI,,tidak,0,34200,0,0,0,0,0,3,,,1,,,,,,,,,0,0
TANG BUAYA HD10 LAPIS KARET MATA LANCIP,TANG BY HD10 LCP,MHITAN08,Umum,PCS,HIOSHI,,tidak,0,0,0,0,0,0,0,3,,,1,,,,,,,,,0,0
TANG BUAYA JEPIT ESSEN 10”,MESTAN03,MESTAN03,Umum,PCS,ESSEN,Area 02,ya,0,95000,0,0,0,6,0,5,,PCS,1,,,,,,,,,0,0
TANG CRIMPING FIVE WAY TEKIRO,MTETAN05,MTETAN05,Alat teknik,PCS,TEKIRO,Area 02,ya,45600,55000,0,,0,6,6,3,,,1,,,,,,,,,0,0
TANG GANTUNG SATIN KOMBINASI 7',TANG GNTG,MHITAN02,Umum,PCS,HIOSHI,,tidak,0,26220,0,0,0,0,0,3,,,1,,,,,,,,,0,0
TANG KOMBINASI 8' YUSTAR,TANG KOM8 YS,MYUTAN01,Umum,PCS,YUSTAR,,tidak,0,18000,0,0,0,0,0,3,,,1,,,,,,,,,0,0
TANG KOMBINASI ESSEN 6',TANG KOM6,MESTAN01,Umum,PCS,ESSEN,,tidak,0,20636,0,0,0,0,0,3,,,1,,,,,,,,,0,0
TANG KOMBINASI ESSEN 8',TANG KOM8,MESTAN02,Umum,PCS,ESSEN,,tidak,0,18000,0,0,0,0,0,3,,,1,,,,,,,,,0,0
TANG KOMBINASI ESSEN 8”,MESTAN04,MESTAN04,Umum,PCS,ESSEN,Area 02,ya,0,65000,0,0,0,6,0,5,,PCS,1,,,,,,,,,0,0
TANG KOMBINASI GRT 8',MGRTAN01,MGRTAN01,Alat tukang,PCS,GRT,,tidak,0,18000,0,0,0,0,5,3,,,1,,,,,,,,,0,0
TANG KOMBINASI KODAI 8',MKOTAN01,MKOTAN01,Alat tukang,PCS,KODAI,,tidak,0,35000,0,0,0,0,5,3,,,1,,,,,,,,,0,0
"TANG KOMBINASI PLN LISTRIK 6"" HASSTON",MHATAN00,MHATAN00,Alat teknik,PCS,HASSTON,Area 02,tidak,53020,65000,0,,0,0,6,5,,,1,,,,,,,,,0,0
"TANG KOMBINASI PLN LISTRIK 7"" HASSTON",MHATAN01,MHATAN01,Alat teknik,PCS,HASSTON,Area 02,tidak,60225,78000,0,,0,0,0,5,,,1,,,,,,,,,0,0
"TANG KOMBINASI PLN LISTRIK 8"" HASSTON",MHATAN02,MHATAN02,Alat teknik,PCS,HASSTON,Area 02,tidak,0,85000,0,0,0,0,0,5,,,1,,,,,,,,,0,0
TANG KOMBINASI RRT 7”,TANKRRT7,TANKRRT7,Alat tukang,PCS,,,tidak,0,18000,0,,0,0,0,5,,,1,,,,,,,,,0,0
TANG KOMBINASI TEKIRO 7”,MTETAN03,MTETAN03,Alat teknik,PCS,TEKIRO,Area 02,ya,48125,63000,0,,0,5,5,3,,,1,,,,,,,,,0,0
TANG KOMBINASI TEKIRO 8”,MTETAN04,MTETAN04,Alat teknik,PCS,TEKIRO,Area 02,ya,56375,74000,0,,0,6,5,3,,,1,,,,,,,,,0,0
TANG KUPAS KABEL GRIP-ON,MGRTAN02,MGRTAN02,Alat tukang,PCS,GRIP-ON,,tidak,0,40000,0,0,0,0,1,3,,,1,,,,,,,,,0,0
TANG KUPAS KABEL TORA,TANG KP KBL,MTOTAN01,Umum,PCS,TORA,,tidak,0,35000,0,0,0,0,0,3,,,1,,,,,,,,,0,0
"TANG LANCIP 6"" HIOSHI",TANG LCP 6,MHITAN03,Umum,PCS,HIOSHI,,tidak,0,23598,0,0,0,0,0,3,,,1,,,,,,,,,0,0
TANG LANCIP ESSEN 6”,MESTAN06,MESTAN06,Umum,PCS,ESSEN,Area 02,ya,0,50000,0,,0,6,0,5,,PCS,1,,,,,,,,,0,0
TANG LANCIP FURANO 6',MFUTAN01,MFUTAN01,Alat tukang,PCS,FURANO,,tidak,0,15000,0,0,0,0,6,3,,,1,,,,,,,,,0,0
TANG LANCIP MDN 6',MMDTAN01,MMDTAN01,Alat tukang,PCS,MDN,,tidak,0,28000,0,0,0,0,8,3,,,1,,,,,,,,,0,0
TANG LANCIP TEKIRO 6”,MTETAN01,MTETAN01,Alat teknik,PCS,TEKIRO,Area 02,ya,43000,57000,0,,0,5,5,3,,,1,,,,,,,,,0,0
TANG LAS 800A NICHIE MODEL AMERICA,TGLS800N,TGLS800N,Alat teknik,PCS,,,tidak,0,45000,0,,0,0,0,5,,,1,,,,,,,,,0,0
TANG LAS AMERICA XENON 800A,TANG LAS,MNITAN01,Umum,PCS,NICHIE,,tidak,0,45000,0,,0,0,0,3,,,1,,,,,,,,,0,0
TANG LAS MDL ITALY 200-300A NICHIE,TANG LAS 300A,MNITAN02,Umum,PCS,NICHIE,,tidak,0,16500,0,0,0,0,0,3,,,1,,,,,,,,,0,0
TANG LAS RHINO 200 A / STANG LAS K,TANG LAS K,MNOTAN03,Umum,PCS,,,tidak,0,30000,0,0,0,0,0,3,,,1,,,,,,,,,0,0
TANG MERAH RRT 7,MNOTAN01,MNOTAN01,Alat tukang,PCS,,,tidak,0,0,0,0,0,0,5,3,,,1,,,,,,,,,0,0
TANG MERAH RRT 8,MNOTAN02,MNOTAN02,Alat tukang,PCS,,,tidak,0,0,0,0,0,0,5,3,,,1,,,,,,,,,0,0
TANG POTONG 6',TANG PTG 6,MHITAN04,Umum,PCS,HIOSHI,,tidak,0,23598,0,0,0,0,0,3,,,1,,,,,,,,,0,0
TANG POTONG ABUS 6',MABTAN01,MABTAN01,Alat tukang,PCS,ABUS,,tidak,0,25000,0,0,0,0,5,3,,,1,,,,,,,,,0,0
TANG POTONG ESSEN 6”,MESTAN05,MESTAN05,Umum,PCS,ESSEN,Area 02,ya,0,50000,0,0,0,6,0,5,,PCS,1,,,,,,,,,0,0
"TANG POTONG MINI 4,5 ORANYE HIOSHI",TANGMNHSH,MHITAN07,Umum,PCS,HIOSHI,,tidak,0,10450,0,0,0,0,0,3,,,1,,,,,,,,,0,0
TANG POTONG TEKIRO 6”,MTETAN02,MTETAN02,Alat teknik,PCS,TEKIRO,Area 02,ya,43000,57000,0,,0,6,5,3,,,1,,,,,,,,,0,0
"TANG RIVET 10,5 HIOSHI",TANG RVT HS10,MHITAN06,Umum,PCS,HIOSHI,,tidak,0,31464,0,0,0,0,0,3,,,1,,,,,,,,,0,0
"TANG RIVET 11,5 HIOSHI",TANG RVT HS,MHITAN05,Umum,PCS,HIOSHI,,tidak,0,85000,0,,0,0,0,3,,,1,,,,,,,,,0,0
TANG RIVET ESSEN 10”,MESTAN07,MESTAN07,Umum,PCS,ESSEN,Area 02,ya,0,100000,0,0,0,6,0,5,,PCS,1,,,,,,,,,0,0
TANG RIVET HITAM TEKIRO,TGRVHTEK,MTETAN06,Alat teknik,PCS,TEKIRO,,ya,85800,98000,0,,0,2,0,5,,,1,,,,,,,,,0,0
TANG RIVET MALVIN,MMATAN01,MMATAN01,Alat tukang,PCS,MALVIN,,tidak,0,0,0,0,0,0,2,3,,,1,,,,,,,,,0,0
TANG RIVET MALVIN / OLIQ 10',MOLTAN01,MOLTAN01,Alat tukang,PCS,OLIQ,,tidak,0,45000,0,,0,0,10,3,,,1,,,,,,,,,0,0
TANG RIVET OTOMATIS KW 1 CAMEL,TANG RVT,MCATAN01,Umum,PCS,CAMEL,,tidak,0,52273,0,0,0,0,0,3,,,1,,,,,,,,,0,0
TANG SPI BENGKOK BUKA KENMASTER,MKETAN01,MKETAN01,Alat tukang,PCS,KENMASTER,,tidak,0,0,0,0,0,0,1,3,,,1,,,,,,,,,0,0
TANG SPI BENGKOK TUTUP KENMASTER,MKETAN02,MKETAN02,Alat tukang,PCS,KENMASTER,,tidak,0,0,0,0,0,0,2,3,,,1,,,,,,,,,0,0
TANG SPI LURUS BUKA KENMASTER,MKETAN03,MKETAN03,Alat tukang,PCS,KENMASTER,,tidak,0,0,0,0,0,0,2,3,,,1,,,,,,,,,0,0
TANGGA ALUMINIUM 2 M,TNGALU2M,TNGALU2M,Rumah tangga,PCS,,,tidak,0,670000,0,,0,0,0,5,,,1,,,,,,,,,0,0
TAP AND DIES SET 40 PCS TEKIRO,MTETAP01,MTETAP01,Umum,PCS,TEKIRO,Area 02,ya,407000,475000,0,,0,2,0,5,,PCS,1,,,,,,,,,0,0
TARIAKAN KOM PVC ELGADIO,MELTAR01,MELTAR01,Umum,PSG,ELGLADIO,Area 01,tidak,0,0,0,0,0,0,23,3,,PSG,12,PSG,0,0,0,,,,,0,0
TARIKAN 35 MOTIF MULLER,MMUTAR03,MMUTAR03,Umum,PSG,MULLER,Area 01,tidak,0,190000,0,0,0,0,0,3,,PSG,12,PSG,2280000,0,0,,,,,0,0
TARIKAN 37 MOTIF MULLER,MMUTAR04,MMUTAR04,Umum,PSG,MULLER,Area 01,tidak,0,200000,0,0,0,0,0,12,,PSG,12,PSG,2400000,0,0,,,,,0,0
TARIKAN 42 MOTIF MULLER,MMUTAR05,MMUTAR05,Umum,PSG,MULLER,Area 01,tidak,0,220000,0,0,0,0,0,3,,PSG,12,PSG,2640000,0,0,,,,,0,0
TARIKAN 45 MOTIF MULLER,MNOTAR01,MNOTAR01,Umum,PSG,,Area 01,tidak,0,240000,0,0,0,0,0,3,,PSG,12,PSG,2880000,0,0,,,,,0,0
TARIKAN BULAT KOM PVC,TR COM GDO,MGDTAR01,Umum,PCS,GDO,,tidak,0,2500,0,0,0,0,0,3,,,1,,,,,,,,,0,0
TARIKAN KOTAK ISCO,MISTAR03,MISTAR03,Umum,PSG,ISCO,Area 01,tidak,0,60000,0,0,0,0,0,12,,PSG,12,PSG,720000,0,0,,,,,0,0
TARIKAN LACI 008 CP ONAT,MONTAR01,MONTAR01,Umum,PCS,ONAT,Area 01,ya,0,7000,0,,0,6,16,3,,PCS,24,PCS,168000,0,,,,,,0,0
TARIKAN LACI 008 GP ONAT,MONTAR02,MONTAR02,Umum,PCS,ONAT,Area 01,ya,0,7000,0,,0,6,18,3,,PCS,24,PCS,168000,0,,,,,,0,0
TARIKAN LACI 086 A TOP,MTOTAR03,MTOTAR03,Umum,PCS,TOP,Area 01,tidak,0,9000,0,0,0,0,18,3,,PCS,24,PCS,216000,0,0,,,,,0,0
TARIKAN LACI 086 GP TOP,MTOTAR05,MTOTAR05,Umum,PCS,TOP,Area 01,tidak,0,9000,0,0,0,0,18,3,,PCS,24,PCS,216000,0,0,,,,,0,0
TARIKAN LACI 086 SC TOP,MTOTAR04,MTOTAR04,Umum,PCS,TOP,Area 01,tidak,0,9000,0,0,0,0,18,3,,PCS,24,PCS,216000,0,0,,,,,0,0
TARIKAN LACI 087 A TOP,MTOTAR06,MTOTAR06,Umum,PCS,TOP,Area 01,tidak,0,9000,0,0,0,0,18,3,,PCS,24,PCS,216000,0,0,,,,,0,0
TARIKAN LACI 087 GP TOP,MTOTAR08,MTOTAR08,Umum,PCS,TOP,Area 01,tidak,0,9000,0,0,0,0,18,3,,PCS,24,PCS,216000,0,0,,,,,0,0
TARIKAN LACI 087 SC TOP,MTOTAR07,MTOTAR07,Umum,PCS,TOP,Area 01,tidak,0,9000,0,0,0,0,18,3,,PCS,24,PCS,216000,0,0,,,,,0,0
TARIKAN LACI 088 A TOP,MTOTAR09,MTOTAR09,Umum,PCS,TOP,Area 01,tidak,0,9000,0,0,0,0,18,3,,PCS,24,PCS,216000,0,0,,,,,0,0
TARIKAN LACI 088 GP TOP,MTOTAR11,MTOTAR11,Umum,PCS,TOP,Area 01,tidak,0,9000,0,0,0,0,18,3,,PCS,24,PCS,216000,0,0,,,,,0,0
TARIKAN LACI 088 SC TOP,MTOTAR10,MTOTAR10,Umum,PCS,TOP,Area 01,tidak,0,9000,0,0,0,0,18,3,,PCS,24,PCS,216000,0,0,,,,,0,0
TARIKAN LACI 091 A TOP,MTOTAR12,MTOTAR12,Umum,PCS,TOP,Area 01,tidak,0,11000,0,0,0,0,35,3,,PCS,24,PCS,264000,0,0,,,,,0,0
TARIKAN LACI 091 GP TOP,MTOTAR14,MTOTAR14,Umum,PCS,TOP,Area 01,tidak,0,11000,0,0,0,0,42,3,,PCS,24,PCS,264000,0,0,,,,,0,0
TARIKAN LACI 091 SC TOP,MTOTAR13,MTOTAR13,Umum,PCS,TOP,Area 01,tidak,0,11000,0,0,0,0,42,3,,PCS,24,PCS,264000,0,0,,,,,0,0
TARIKAN LACI 093 A TOP,MTOTAR15,MTOTAR15,Umum,PCS,TOP,Area 01,tidak,0,11000,0,0,0,0,18,3,,PCS,24,PCS,264000,0,0,,,,,0,0
TARIKAN LACI 093 GP TOP,MTOTAR17,MTOTAR17,Umum,PCS,TOP,Area 01,tidak,0,11000,0,0,0,0,18,3,,PCS,24,PCS,264000,0,0,,,,,0,0
TARIKAN LACI 093 SC TOP,MTOTAR16,MTOTAR16,Umum,PCS,TOP,Area 01,tidak,0,11000,0,0,0,0,21,3,,PCS,24,PCS,264000,0,0,,,,,0,0
TARIKAN LACI 095 A TOP,MTOTAR18,MTOTAR18,Umum,PCS,TOP,Area 01,tidak,0,11000,0,0,0,0,18,3,,PCS,24,PCS,264000,0,0,,,,,0,0
TARIKAN LACI 095 GP TOP,MTOTAR20,MTOTAR20,Umum,PCS,TOP,Area 01,tidak,0,11000,0,0,0,0,18,3,,PCS,24,PCS,264000,0,0,,,,,0,0
TARIKAN LACI 095 SC TOP,MTOTAR19,MTOTAR19,Umum,PCS,TOP,Area 01,tidak,0,11000,0,0,0,0,18,3,,PCS,24,PCS,264000,0,0,,,,,0,0
TARIKAN LACI 097 A TOP,MTOTAR21,MTOTAR21,Umum,PCS,TOP,Area 01,tidak,0,11000,0,0,0,0,18,3,,PCS,24,PCS,264000,0,0,,,,,0,0
TARIKAN LACI 097 GP TOP,MTOTAR23,MTOTAR23,Umum,PCS,TOP,Area 01,tidak,0,11000,0,0,0,0,18,3,,PCS,24,PCS,264000,0,0,,,,,0,0
TARIKAN LACI 097 SC TOP,MTOTAR22,MTOTAR22,Umum,PCS,TOP,Area 01,tidak,0,11000,0,0,0,0,18,3,,PCS,24,PCS,264000,0,0,,,,,0,0
TARIKAN LACI 098 SC TOP,MTOTAR27,MTOTAR27,Umum,PCS,TOP,Area 01,tidak,0,18000,0,0,0,0,18,3,,PCS,24,PCS,432000,0,0,,,,,0,0
TARIKAN LACI 159 SN ALPHARD,MALTAR01,MALTAR01,Umum,PCS,ALPHARD,Area 01,tidak,0,13000,0,0,0,0,41,12,,PCS,12,PCS,156000,0,0,,,,,0,0
TARIKAN LACI 186 A TOP,MTOTAR24,MTOTAR24,Umum,PCS,TOP,Area 01,tidak,0,9000,0,0,0,0,18,3,,PCS,24,PCS,216000,0,0,,,,,0,0
TARIKAN LACI 186 GP TOP,MTOTAR26,MTOTAR26,Umum,PCS,TOP,Area 01,tidak,0,9000,0,0,0,0,18,3,,PCS,24,PCS,216000,0,0,,,,,0,0
TARIKAN LACI 186 SC TOP,MTOTAR25,MTOTAR25,Umum,PCS,TOP,Area 01,tidak,0,9000,0,0,0,0,18,3,,PCS,24,PCS,216000,0,0,,,,,0,0
"TARIKAN LACI 3"" SN TIP TOP",MTITAR01,MTITAR01,Umum,PCS,TIP TOP,Area 01,tidak,0,2500,0,0,0,0,113,24,,PCS,24,PCS,60000,0,0,,,,,0,0
"TARIKAN LACI 4"" SN KZK",MKZTAR03,MKZTAR03,Umum,PCS,KZK,Area 01,tidak,0,4000,0,0,0,0,113,3,,PCS,24,PCS,96000,0,0,,,,,0,0
"TARIKAN LACI 5"" KZK",MKZTAR02,MKZTAR02,Umum,PCS,KZK,Area 01,tidak,0,5000,0,0,0,0,103,12,,PCS,12,PCS,60000,0,0,,,,,0,0
"TARIKAN LACI 6"" KZK",TR LACI 6,MKZTAR01,Umum,PCS,KZK,,tidak,0,8000,0,0,0,0,0,3,,,1,,,,,,,,,0,0
TARIKAN LACI HUBEN TPA 12-128,MHUTPA03,MHUTPA03,Umum,PCS,HUBEN,,tidak,0,15000,0,0,0,0,43,3,,,1,,,,,,,,,0,0
TARIKAN LACI HUBEN TPA 39-128,MHUTPA02,MHUTPA02,Umum,PCS,HUBEN,,tidak,0,20000,0,0,0,0,18,3,,,1,,,,,,,,,0,0
TARIKAN LACI HUBEN TPA 39-96,MHUTPA01,MHUTPA01,Umum,PCS,HUBEN,,tidak,0,18000,0,0,0,0,18,3,,,1,,,,,,,,,0,0
TARIKAN LACI HUBEN TPS 10-128,MHUTPS02,MHUTPS02,Umum,PCS,HUBEN,,tidak,0,10000,0,0,0,0,18,3,,,1,,,,,,,,,0,0
TARIKAN LACI HUBEN TPS 10-156,MHUTPS03,MHUTPS03,Umum,PCS,HUBEN,,tidak,0,12000,0,0,0,0,18,3,,,1,,,,,,,,,0,0
TARIKAN LACI HUBEN TPS 10-96,MHUTPS01,MHUTPS01,Umum,PCS,HUBEN,,tidak,0,9000,0,0,0,0,18,3,,,1,,,,,,,,,0,0
TARIKAN LACI LINTAH AC 888,M88TAR03,M88TAR03,Umum,PCS,888,Area 01,tidak,0,3000,0,0,0,0,17,3,,PCS,12,PCS,36000,0,0,,,,,0,0
TARIKAN LACI LINTAH KUNING 888,M88TAR02,M88TAR02,Umum,PCS,888,Area 01,tidak,0,3000,0,0,0,0,17,3,,PCS,12,PCS,36000,0,0,,,,,0,0
TARIKAN LACI LINTAH PUTIH 888,M88TAR01,M88TAR01,Umum,PCS,888,Area 01,tidak,0,3000,0,0,0,0,17,3,,PCS,12,PCS,36000,0,0,,,,,0,0
TARIKAN LACI PIPA 16CM SN,MHATAR01,MHATAR01,Umum,PCS,HANDLE,Area 01,tidak,0,5000,0,0,0,0,109,12,,PCS,24,PCS,120000,0,0,,,,,0,0
TARIKAN OVAL  ISCO,MISTAR02,MISTAR02,Umum,PSG,ISCO,Area 01,tidak,0,0,0,0,0,0,0,12,,PSG,12,PSG,0,0,0,,,,,0,0
TARIKAN PINTU   AMANI,MAMTAR01,MAMTAR01,Umum,PSG,AMANI,Area 01,tidak,0,0,0,0,0,0,0,12,,PSG,12,PSG,0,0,0,,,,,0,0
TARIKAN PINTU KAYU ISCO,TR PTKY ISCO,MISTAR01,Umum,PCS,ISCO,,tidak,0,60000,0,0,0,0,0,3,,,1,,,,,,,,,0,0
TARIKAN PINTU PH 801 TOP,MTOTAR01,MTOTAR01,Umum,PSG,TOP,Area 01,tidak,0,0,0,0,0,0,0,3,,PSG,12,PSG,0,0,0,,,,,0,0
TARIKAN PINTU PH 802 TOP,MTOTAR02,MTOTAR02,Umum,PSG,TOP,Area 01,tidak,0,0,0,0,0,0,0,3,,PSG,12,PSG,0,0,0,,,,,0,0
TARIKAN S/S 701-350 MULLER,MMUTAR01,MMUTAR01,Umum,PSG,MULLER,Area 01,tidak,0,180000,0,0,0,0,4,3,,PSG,12,PSG,2160000,0,0,,,,,0,0
TARIKAN S/S 701-450 MULLER,MMUTAR02,MMUTAR02,Umum,PSG,MULLER,Area 01,tidak,0,200000,0,0,0,0,3,3,,PSG,12,PSG,2400000,0,0,,,,,0,0
TATAH FIBER GANTUNG 1 (25MM) HIOSHI,TTH FBGT 1,MHITAT01,Umum,PCS,HIOSHI,,tidak,0,209475,0,0,0,0,0,3,,,1,,,,,,,,,0,0
TATAH FIBER GANTUNG 1.1/2 (38MM) HIOSHI,TTH FBGT 1.1/2,MHITAT02,Umum,PCS,HIOSHI,,tidak,0,235980,0,0,0,0,0,3,,,1,,,,,,,,,0,0
TATAH FIBER GANTUNG 1.1/4 (32MM) HIOSHI,TTH FBGT 1.1/4,MHITAT03,Umum,PCS,HIOSHI,,tidak,0,222300,0,0,0,0,0,3,,,1,,,,,,,,,0,0
TATAH FIBER GANTUNG 1/2 (13MM) HIOSHI,TTH FBGT 1/2,MHITAT04,Umum,PCS,HIOSHI,,tidak,0,183825,0,0,0,0,0,3,,,1,,,,,,,,,0,0
TATAH FIBER GANTUNG 3/4 (20MM) HIOSHI,TTH FBGT 3/4,MHITAT05,Umum,PCS,HIOSHI,,tidak,0,200925,0,0,0,0,0,3,,,1,,,,,,,,,0,0
TATAH FIBER GANTUNG 3/8 (10MM) HIOSHI,TTH FBGT 3/8,MHITAT06,Umum,PCS,HIOSHI,,tidak,0,173052,0,0,0,0,0,3,,,1,,,,,,,,,0,0
TATAH FIBER GANTUNG 5/8 (16MM) HIOSHI,TTH FBGT 5/8,MHITAT07,Umum,PCS,HIOSHI,,tidak,0,196650,0,0,0,0,0,3,,,1,,,,,,,,,0,0
TATAH GG KARET 1 MAXTECH,PAHATKY9,MMATAT09,Umum,PCS,MAXTECH,,tidak,0,279000,0,0,0,0,0,3,,,1,,,,,,,,,0,0
TATAH GG KARET 1.1/2 MAXTECH,PAHATKY6,MMATAT06,Umum,PCS,MAXTECH,,tidak,0,241364,0,0,0,0,0,3,,,1,,,,,,,,,0,0
TATAH GG KARET 1.1/4 MAXTECH,PAHATKY5,MMATAT05,Umum,PCS,MAXTECH,,tidak,0,297000,0,0,0,0,0,3,,,1,,,,,,,,,0,0
TATAH GG KARET 1/2 MAXTECH,PAHATKY8,MMATAT08,Umum,PCS,MAXTECH,,tidak,0,229500,0,0,0,0,0,3,,,1,,,,,,,,,0,0
TATAH GG KARET 1/4 MAXTECH,PAHATKY2,MMATAT02,Umum,PCS,MAXTECH,,tidak,0,155455,0,0,0,0,0,3,,,1,,,,,,,,,0,0
TATAH GG KARET 3/4 MAXTECH,PAHATKY4,MMATAT04,Umum,PCS,MAXTECH,,tidak,0,261000,0,0,0,0,0,3,,,1,,,,,,,,,0,0
TATAH GG KARET 3/8 MAXTECH,PAHATKY7,MMATAT07,Umum,PCS,MAXTECH,,tidak,0,220500,0,0,0,0,0,3,,,1,,,,,,,,,0,0
TATAH GG KARET 5/16 MAXTECH,PAHATKY1,MMATAT01,Umum,PCS,MAXTECH,,tidak,0,157500,0,0,0,0,0,3,,,1,,,,,,,,,0,0
TATAH GG KARET 5/8 MAXTECH,PAHATKY3,MMATAT03,Umum,PCS,MAXTECH,,tidak,0,238500,0,0,0,0,0,3,,,1,,,,,,,,,0,0
TATAH KAYU 1 1/2”,MNOTAT14,MNOTAT14,Umum,PCS,,,tidak,0,53000,0,,0,0,0,5,,PCS,1,,,,,,,,,0,0
TATAH KAYU 1 1/4”,MNOTAT13,MNOTAT13,Umum,PCS,,,tidak,0,45000,0,,0,0,0,5,,PCS,1,,,,,,,,,0,0
TATAH KAYU 1”,MNOTAT12,MNOTAT12,Umum,PCS,,,tidak,0,40000,0,,0,0,0,5,,PCS,1,,,,,,,,,0,0
TATAH KAYU 1/2,MNOTAT09,MNOTAT09,Umum,PCS,,,tidak,0,30000,0,,0,0,0,5,,PCS,1,,,,,,,,,0,0
TATAH KAYU 1/4,MNOTAT06,MNOTAT06,Umum,PCS,,,tidak,0,20000,0,,0,0,0,5,,PCS,1,,,,,,,,,0,0
TATAH KAYU 3/4,MNOTAT11,MNOTAT11,Umum,PCS,,,tidak,0,36000,0,,0,0,0,5,,PCS,1,,,,,,,,,0,0
TATAH KAYU 3/8,MNOTAT08,MNOTAT08,Umum,PCS,,,tidak,0,26000,0,,0,0,0,5,,PCS,1,,,,,,,,,0,0
TATAH KAYU 5/16,MNOTAT07,MNOTAT07,Umum,PCS,,,tidak,0,23000,0,,0,0,0,5,,PCS,1,,,,,,,,,0,0
TATAH KAYU 5/8,MNOTAT10,MNOTAT10,Umum,PCS,,,tidak,0,33000,0,,0,0,0,5,,PCS,1,,,,,,,,,0,0
TATAKAN AMPLAS HALUS 4',MNOTAT01,MNOTAT01,Alat tukang,PCS,,,tidak,0,5000,0,0,0,0,13,3,,,1,,,,,,,,,0,0
TATAKAN AMPLAS KASAR,TTK AMP K,MNOTAT05,Umum,PCS,,,tidak,0,5000,0,0,0,0,0,3,,,1,,,,,,,,,0,0
TATAKAN AMPLAS KASAR 4',MNOTAT02,MNOTAT02,Alat tukang,PCS,,,tidak,0,0,0,0,0,0,7,3,,,1,,,,,,,,,0,0
"TATAKAN AMPLAS KASAR 4"" (2 PCS)",MNOTAT03,MNOTAT03,Alat tukang,PAK,,,tidak,0,10000,0,0,0,0,12,3,,,1,,,,,,,,,0,0
TATAKAN AMPLAS KASAR 5',MNOTAT04,MNOTAT04,Alat tukang,PAK,,,tidak,0,10000,0,0,0,0,6,3,,,1,,,,,,,,,0,0
TAWAS,MTAWAS00,MTAWAS00,Umum,GR,,,tidak,0,0,0,,0,0,0,3,,KLG,1000,KLG,0,0,,,,,,0,0
TCT ESSEN 1900 B,MESTCT01,MESTCT01,Alat tukang,SET,ESSEN,,tidak,0,0,0,0,0,0,3,3,,,1,,,,,,,,,0,0
TEE TS 1” JAYA,MJATEE03,MJATEE03,Umum,PCS,JAYA,Area 03,ya,0,8000,0,0,0,0,130,5,,PCS,1,,,,,,,,,0,0
TEE TS 1/2” JAYA,MJATEE01,MJATEE01,Umum,PCS,JAYA,Area 03,ya,0,3500,0,0,0,0,225,5,,PCS,1,,,,,,,,,0,0
TEE TS 3/4” JAYA,MJATEE02,MJATEE02,Umum,PCS,JAYA,Area 03,ya,0,4500,0,0,0,0,173,5,,PCS,1,,,,,,,,,0,0
TEMBAKAN LEM SOSIS,GUN SS,MNOTEM01,Umum,PCS,,,tidak,0,100000,0,0,0,0,0,3,,,1,,,,,,,,,0,0
TEMBAKAN LEM TEBAL TOKIO,TMBK LEM TK,MTOTEM01,Umum,PCS,TOKIO,,tidak,0,17500,0,0,0,0,0,3,,,1,,,,,,,,,0,0
"TEMPAT BEKAL PUTIH ",TMPBEKPT,TMPBEKPT,Plastik,PCS,,,ya,5920,11000,0,,0,0,12,5,,,1,,,,,,,,,0,0
TEMPAT BEKAL WARNA AGOGO,BOXBKLAG,BOXBKLAG,Plastik,PCS,,,ya,10850,18000,0,,0,0,12,5,,,1,,,,,,,,,0,0
TEMPAT SAMPAH 10L PREM CHOCO,MNOTEM02,MNOTEM02,Plastik,PCS,,,ya,18959,30000,30000,,0,6,0,3,,,1,,,,,,,,,18959,113754
TESPEN DC GNT,TESDCGNT,MNOTES01,Alat teknik,PCS,,,ya,0,12000,0,,0,6,0,5,,,1,,,,,,,,,0,0
TESPEN DC TEKIRO,MTETES01,MTETES01,Alat teknik,PCS,TEKIRO,Area 02,ya,37125,50000,0,,0,8,6,3,,,1,,,,,,,,,0,0
TILE GROUT NO DROP 1 KG,TIGRND1,TIGRND1,Alat tukang,PCS,,,ya,20442,25000,0,,0,0,7,5,,,1,,,,,,,,,0,0
TIMAH SOLDER 100GR MOLLAR,MMOTIM02,MMOTIM02,Alat tukang,PCS,MOLLAR,,tidak,0,28000,0,0,0,0,4,3,,,1,,,,,,,,,0,0
TIMAH SOLDER 50GR MOLLAR,MMOTIM01,MMOTIM01,Alat tukang,PCS,MOLLAR,,tidak,0,18000,0,0,0,0,4,3,,,1,,,,,,,,,0,0
TIMBANGAN BARANG MODERN 150KG,MMOTIM04,MMOTIM04,Power tools,PCS,MODERN POWER TOOLS,Area 02,tidak,0,650000,0,0,0,0,0,1,,,1,,,,,,,,,0,0
TIMBANGAN BARANG MODERN 300KG,MMOTIM05,MMOTIM05,Power tools,PCS,MODERN POWER TOOLS,Area 02,tidak,0,800000,0,0,0,0,0,1,,,1,,,,,,,,,0,0
TIMBANGAN BULAT 10 KG HIOSHI ECO,TIMB BLT 10KG,MHITIM01,Umum,PCS,HIOSHI,,tidak,0,225000,0,,0,0,0,3,,,1,,,,,,,,,0,0
TIMBANGAN BULAT 15 KG HIOSHI ECO,TIMB BLT 15KG,MHITIM02,Umum,PCS,HIOSHI,,tidak,0,225000,0,,0,0,0,3,,,1,,,,,,,,,0,0
TIMBANGAN BULAT 20 KG HIOSHI ECO,TIMB BLT 20KG,MHITIM03,Umum,PCS,HIOSHI,,tidak,0,225000,0,,0,0,0,3,,,1,,,,,,,,,0,0
TIMBANGAN BULAT 5 KG HIOSHI ECO,TIMB BLT 5KG,MHITIM04,Umum,PCS,HIOSHI,,tidak,0,133000,0,0,0,0,0,3,,,1,,,,,,,,,0,0
TIMBANGAN DIGITAL MODERN 40KG,MMOTIM03,MMOTIM03,Power tools,PCS,MODERN POWER TOOLS,Area 02,tidak,0,300000,0,0,0,0,0,1,,,1,,,,,,,,,0,0
TIMBANGAN GANTUNG 100 KG HIOSHI,TIMB GNT 100KG,MHITIM05,Umum,PCS,HIOSHI,,tidak,0,140000,0,,0,0,0,3,,,1,,,,,,,,,0,0
TIMBANGAN GANTUNG 150 KG HIOSHI,TIMB GNT 150KG,MHITIM07,Umum,PCS,HIOSHI,,tidak,0,165000,0,,0,0,0,3,,,1,,,,,,,,,0,0
TIMBANGAN GANTUNG 50 KG HIOSHI,TIMB GNT 50KG,MHITIM06,Umum,PCS,HIOSHI,,tidak,0,140000,0,,0,0,0,3,,,1,,,,,,,,,0,0
TIMBANGAN PER 25 KG,TIMPER25,TIMPER25,Rumah tangga,PCS,,,tidak,0,30000,0,,0,0,0,5,,,1,,,,,,,,,0,0
TIMBANGAN PER 50 KG,TIMPER50,TIMPER50,Rumah tangga,PCS,,,tidak,0,35000,0,,0,0,0,5,,,1,,,,,,,,,0,0
TIMBANGAN VEER 25KG AMANI,MAMTIM02,MAMTIM02,Alat tukang,PCS,AMANI,,tidak,0,0,0,0,0,0,12,3,,,1,,,,,,,,,0,0
TIMBANGAN VEER 50KG AMANI,MAMTIM01,MAMTIM01,Alat tukang,PCS,AMANI,,tidak,0,0,0,0,0,0,25,3,,,1,,,,,,,,,0,0
TIP ON BULAT HUBEN T0-1,MHUTIP01,MHUTIP01,Umum,PCS,HUBEN,,tidak,0,5000,0,0,0,0,99,3,,,1,,,,,,,,,0,0
TOOL BOX KENMASTER B380,TBKMB380,MNOTOO01,Alat teknik,PCS,,,tidak,0,70000,0,,0,0,0,5,,,1,,,,,,,,,0,0
TOPENG LAS AUTO GELAP MOLLAR,MTPAGMLR,MTPAGMLR,Perlengkapan Safety,PCS,,,tidak,0,90000,0,0,0,0,0,5,,,1,,,,,,,,,0,0
TOPENG LAS MODEL PEGANG HASSTON 4450-010,MHATOP02,MHATOP02,Alat teknik,PCS,HASSTON,Area 02,tidak,0,25000,0,0,0,0,0,5,,,1,,,,,,,,,0,0
TOPENG LAS TOPI HASSTON 4450-011,MHATOP01,MHATOP01,Alat teknik,PCS,HASSTON,Area 02,tidak,0,50000,0,0,0,0,0,5,,,1,,,,,,,,,0,0
TREKER 2 KAKI 3” TEKIRO,MTETRE01,MTETRE01,Umum,PCS,TEKIRO,Area 02,ya,81362,95000,0,,0,1,0,5,,PCS,1,,,,,,,,,0,0
TREKER 2 KAKI 4” TEKIRO,MTETRE02,MTETRE02,Umum,PCS,TEKIRO,Area 02,ya,117875,140000,0,,0,1,2,5,,PCS,1,,,,,,,,,0,0
TREKER 3 KAKI 3 HIOSHI,TREK 3 KK3 HS,MHITRE01,Umum,PCS,HIOSHI,,tidak,0,0,0,0,0,0,0,3,,,1,,,,,,,,,0,0
TREKER 3 KAKI 3” TEKIRO,MTETRE03,MTETRE03,Umum,PCS,TEKIRO,Area 02,ya,116725,140000,0,,0,1,1,5,,PCS,1,,,,,,,,,0,0
TREKER 3 KAKI 4 HIOSHI,TREK 3 KK4 HS,MHITRE02,Umum,PCS,HIOSHI,,tidak,0,0,0,0,0,0,0,3,,,1,,,,,,,,,0,0
TREKER 3 KAKI 4” TEKIRO,MTETRE04,MTETRE04,Umum,PCS,TEKIRO,Area 02,ya,124775,145000,0,,0,1,0,5,,PCS,1,,,,,,,,,0,0
TROWEL KAYU LANCIP,CTK LNCP,MHITRO02,Umum,PCS,HIOSHI,,tidak,0,228000,0,0,0,0,0,3,,,1,,,,,,,,,0,0
TROWEL KAYU SEGI ( CETOK KORALTEX),CTK KRTEX,MHITRO01,Umum,PCS,HIOSHI,,tidak,0,213750,0,0,0,0,0,3,,,1,,,,,,,,,0,0
ULTRAFLEX PINK BIASA,MNOULT01,MNOULT01,Alat tukang,PCS,,,tidak,0,0,0,0,0,0,7,3,,,1,,,,,,,,,0,0
VAN BELT TORA,VAN BELT TORA,MTOVAN01,Umum,PCS,TORA,,tidak,0,12000,0,0,0,0,0,3,,,1,,,,,,,,,0,0
WALL LAMP LUBY LBWL 6W 3102,WLLB3102,WLLB3102,Listrik,PCS,LUBY,,ya,234162,272000,0,,0,2,0,5,,,1,,,,,,,,,0,0
WATERMUR ABU-ABU 1 X 3/4,WATERMUR,MNOWAT01,Umum,PCS,,,tidak,0,9000,0,,0,0,0,3,,,1,,,,,,,,,0,0
WATERMUR BENING 1 X 1/2,WTRMUR1/2,MNOWAT02,Umum,PCS,,,tidak,0,2409,0,0,0,0,0,3,,,1,,,,,,,,,0,0
WATERMUR BENING 1 X 3/4,WTRMUR3/4,MNOWAT03,Umum,PCS,,,tidak,0,2650,0,0,0,0,0,3,,,1,,,,,,,,,0,0
WATERPASS ALUMINIUM 18”,MNOWAT04,MNOWAT04,Umum,PCS,,Area 03,tidak,0,25000,0,0,0,0,0,5,,PCS,1,,,,,,,,,0,0
WATERPASS ALUMINIUM 24”,MNOWAT05,MNOWAT05,Umum,PCS,,Area 03,tidak,0,30000,0,0,0,0,0,5,,PCS,1,,,,,,,,,0,0
WATERPASS MAGNET ONAT 18”,MONWAT01,MONWAT01,Umum,PCS,ONAT,Area 03,tidak,0,45000,0,0,0,0,0,5,,PCS,1,,,,,,,,,0,0
WATERPASS MAGNET ONAT 24”,MONWAT02,MONWAT02,Umum,PCS,ONAT,Area 03,tidak,0,50000,0,0,0,0,0,5,,PCS,1,,,,,,,,,0,0
WATERPASS MINI,WTPSMINI,WTPSMINI,Alat tukang,PCS,,,tidak,0,16000,0,,0,0,0,5,,,1,,,,,,,,,0,0
WHOOL WHEEL MOLLAR,MMOWHO01,MMOWHO01,Alat tukang,PCS,MOLLAR,,tidak,0,0,0,0,0,0,10,3,,,1,,,,,,,,,0,0
WIPER GAGANG TANGGUNG HYPER,MNOWIP01,MNOWIP01,Plastik,PCS,,,ya,9750,16000,16000,,0,11,0,3,,,1,,,,,,,,,9750,107250
WIPER LANTAI GG PANJANG HANDY,WIPGGPJG,WIPGGPJG,Plastik,PCS,,,ya,14000,22000,0,,0,0,2,5,,,1,,,,,,,,,0,0
WOOL WHEEL,MNOWOO01,MNOWOO01,Umum,PCS,,Area 01,tidak,0,6500,0,0,0,0,0,5,,PCS,1,,,,,,,,,0,0